German,English
ich,I
sie,she
das,the
ist,is
du,you
nicht,not
die,the
es,it
und,and
der,the
wir,we
was,What
zu,to
er,he
ein,a
in,in
ja,Yes
mir,me
mit,with
wie,How
den,the
mich,me
auf,on
dass,that
aber,but
eine,one
so,so
hat,has
hier,here
haben,have
für,for
sind,are
war,was
von,from
wenn,if
dich,you
ihr,her
nein,no
habe,have
an,to
bin,am
noch,still
nur,only
da,there
dir,you
sich,itself
einen,a
uns,us
hast,have
dem,dem
kann,can
gut,good
auch,also
schon,already
als,as
sein,be
mal,just
jetzt,now
ihn,him
dann,then
aus,out of
meine,mine
um,to
im,in the
wird,becomes
mein,my
bist,are
doch,but
alles,everything
weiß,white
keine,no
oder,or
nach,after
s,s
nichts,nothing
man,man
muss,must
werden,become
will,will
ihnen,them
geht,goes
wo,where
etwas,something
oh,Oh
mehr,more
bei,at
also,so
bitte,please
immer,always
hab,have
warum,Why
vor,before
los,go
können,can
wieder,again
sagen,say
machen,make
danke,Thanks
sehr,very
alle,all
denn,because
mann,man
tun,do
ihm,him
zum,for the
gehen,go
sehen,see
vielleicht,perhaps
einem,a
wer,who
ihre,her
diese,this
euch,you
einer,one
komm,come
über,above
gibt,gives
okay,OK
wissen,knowledge
deine,your
müssen,must
soll,should
werde,become
nie,never
wirklich,really
hey,hey
kein,no
viel,much
weg,away
würde,would
tut,does
am,at
des,the
einfach,simply
leben,life
hatte,had
zeit,time
weil,because
willst,want
kommen,come
dein,your
heute,today
kommt,comes
wollen,want
damit,with it
ganz,quite
wäre,were
wollte,wanted
weißt,you know
ok,OK
sicher,secure
gesagt,said
frau,woman
nun,so
bis,until
wurde,became
leid,sorrow
na,n/a
kannst,can
macht,might
dieser,this
zurück,back
lassen,let
hallo,Hello
meinen,mean
gott,God
seine,his
hätte,would have
zwei,two
könnte,could
genau,Exactly
waren,were
zur,to
lass,let
klar,clear
morgen,morning
leute,people
vater,father
schön,nice
glaube,believe
mr.,Mr.
ab,away
gerade,straight
tag,day
gesehen,seen
reden,talk
wohl,probably
liebe,love
sollte,should
sagte,said
unsere,our
jemand,someone
geld,money
durch,through
ob,whether
keinen,none
mutter,mother
raus,out
gemacht,made
paar,couple
mach,do
passiert,happened
dachte,thought
besser,better
musst,must
wieso,how come
sir,sir
dieses,this
selbst,himself
gehört,heard
möchte,want
ohne,without
hör,listen
her,her
sag,say
meiner,my
anderen,others
helfen,help
nacht,night
finden,find
diesen,this
gute,good
wirst,will
lange,long
natürlich,naturally
ach,Oh
meinem,my
gar,even
ins,into the
sei,be
dort,there
weiter,further
geben,give
seit,since
gleich,even
sagt,says
recht,right
ihren,your
richtig,correct
ordnung,order
vom,from the
hören,hear
sieht,sees
davon,of that
dafür,for that
geh,go
diesem,this
wegen,because of
hause,house
sollten,should
mädchen,girl
hin,there
sollen,should
abend,evening
haus,a house
denke,think
viele,many
drei,three
deinen,your
freund,friend
guten,good
unser,our
warte,wait
machst,do
menschen,people
essen,eat
angst,fear
bleiben,remain
zusammen,together
welt,world
unter,under
habt,have
schnell,fast
andere,other
tot,dead
getan,did
darf,may
erst,first
rein,pure
stimmt,true
nehmen,take
kinder,children
eines,one
glauben,believe
bringen,bring
ganze,whole
genug,enough
scheiße,shit
brauchen,need
gegen,against
moment,moment
junge,boy
steht,stands
sonst,otherwise
musik,music
arbeit,work
seid,are
ihrer,their
fragen,questions
herr,Mr
dabei,included
heißt,is called
familie,family
warten,wait
niemand,no one
sofort,immediately
bevor,before
jahre,years
einmal,once
problem,problem
sohn,son
wann,When
brauche,need
fertig,complete
halt,stop
allein,alone
beim,at the
sprechen,speak
beide,both
gefunden,found
hatten,had
sache,matter
hilfe,help
verdammt,damned
ne,no
jeder,everyone
warst,were
gern,gladly
konnte,could
darüber,about it
halten,hold
siehst,you
verstehe,understand
jahren,years
kam,came
kind,child
wusste,knew
wahr,true
seinen,his
dazu,in addition
bruder,brother
daran,to it
ihrem,their
denken,think
könnten,could
dank,thanks to
würden,would
lieber,Dear
fall,case
deiner,your
sehe,see
egal,doesn't matter
kennen,know
deinem,your
vergessen,forget
frage,ask
mache,make
komme,come
sage,saw
mag,likes
sieh,look
echt,real
gib,give
eigentlich,actually
jeden,every
dad,dad
gab,gave
uhr,clock
stadt,city
männer,men
baby,baby
fahren,drive
namen,names
bekommen,receive
kopf,head
hi,hi
gehe,go
kleine,small
später,later
glück,happiness
letzte,last
freunde,friends
n,n
all,all
darauf,on it
ende,end
dr.,Dr.
bald,soon
töten,kill
dinge,things
meinst,do you mean
toll,great
eins,one
minuten,minutes
vielen,many
bereit,ready
weit,far
ahnung,idea
seiner,his
bisschen,a little
tür,door
auto,car
jungs,guys
eure,your
augen,eyes
polizei,police
stehen,stand
sterben,die
hätten,have
draußen,outside
kenne,I know
fast,almost
runter,down
vorbei,over
treffen,meet
gerne,gladly
dran,your turn
wurden,became
arbeiten,work
mom,mom
verrückt,crazy
neue,new
ging,went
hinter,behind
sorgen,care for
einzige,only
jemanden,someone
darum,therefore
tochter,daughter
braucht,needs
idee,idea
schwester,sister
drin,inside
ruhig,quiet
sah,saw
ganzen,entire
spät,late
ziemlich,quite
solltest,should
name,name
sogar,even
kurz,short
kerl,guy
frauen,women
liegt,lies
suchen,seek
finde,find
je,each
woher,from where
lang,long
job,job
keiner,none
seinem,his
hört,hears
verstehen,understand
spielen,play
s.,s.
überhaupt,at all
teufel,devil
verstanden,understood
verloren,lost
große,size
hand,hand
grund,reason
jahr,year
kommst,come
mama,mama
ruhe,quiet
gewesen,been
tod,death
stunden,hours
hoffe,hope
denkst,think
oben,above
gestern,yesterday
versuchen,attempt
art,art
letzten,last
schatz,treasure
endlich,finally
he,he
nimm,take
etwa,approximately
erzählt,told
läuft,running
schwer,difficult
anders,different
miss,miss
musste,had
fünf,five
wasser,water
lässt,lets
erste,first
versucht,tried
gekommen,came
geschichte,story
wenig,few
holen,fetch
bedeutet,means
nett,nice
wahrheit,truth
woche,week
bringt,brings
deshalb,for this reason
welche,which
bestimmt,certainly
hoch,high
alter,age
sagst,say
schau,look
ah,uh
land,country
zimmer,room
wagen,dare
vier,four
gefallen,fallen
spaß,fun
niemals,never
schuld,fault
getötet,killed
wollten,wanted
verlassen,leave
zeigen,show
beste,best
ernst,serious
unserer,our
denen,those
ort,location
bleibt,remains
würdest,would
manchmal,sometimes
glaubst,do you believe
seite,page
lasst,let
zwischen,between
eben,even
während,while
spiel,game
nehme,take
ersten,first
guter,goods
chance,chance
freundin,girlfriend
krieg,war
gefällt,pleases
kleinen,small
erzählen,tell
anderes,other
tage,days
entschuldigen,excuse
wichtig,important
gehst,go
allen,all
bett,bed
mrs.,Mrs.
sachen,things
the,the
schlecht,bad
schule,school
entschuldigung,excuse
wort,word
john,John
hättest,would have
wären,would be
typ,type
schlafen,sleep
äh,uh
tu,do
euer,your
captain,captain
gesicht,face
falls,if
neuen,new
bloß,just
unten,below
teil,part
beiden,both
mensch,person
kleiner,smaller
stellen,place
oft,often
sorge,worries
gedacht,thought
tust,do
trinken,drink
einige,some
dies,this
ding,thing
unseren,our
kriegen,get
blut,blood
ehrlich,honest
eltern,parents
scheint,appears
herz,heart
jack,Jack
glücklich,happy
alte,old
alt,old
bleib,stay
wiedersehen,see you again
frei,free
wen,who
drauf,on it
möglich,possible
irgendwie,somehow
reicht,suffices
fest,firmly
besten,best
waffe,weapon
kaum,barely
irgendwas,something
klingt,sounds
platz,place
brauchst,need
rede,speech
papa,papa
falsch,incorrect
sondern,rather
alten,old
nummer,number
früher,earlier
jungen,young
wohin,where
außer,except
früh,early
setzen,set
zuerst,first
wahrscheinlich,probably
dürfen,may
jede,every
arsch,ass
telefon,phone
tue,do
kennst,do you know
willkommen,welcome
plan,plan
großen,large
retten,save
hierher,here
wär,would
bring,bring
fehler,mistake
wollt,wanted
dollar,dollar
zehn,ten
allem,all
pass,passport
nächste,next
stunde,hour
hände,hands
gegeben,given
menge,crowd
langsam,slow
bereits,already
wartet,waits
sechs,six
lieben,love
meines,my
büro,office
nächsten,next
gebe,give
wochen,weeks
ruf,call
schaffen,create
leider,unfortunately
scheiß,Shit
hölle,hell
trotzdem,despite it
doktor,doctor
tja,well
new,new
voll,full
film,film
überall,everywhere
hund,dog
geworden,become
direkt,direct
wolltest,wanted
tat,did
denkt,thinks
schiff,ship
neues,new
wem,whom
könig,king
danach,thereafter
funktioniert,functions
hattest,had
lernen,learn
deswegen,because of this
wow,Wow
nennen,to name
hm,Hm
feuer,fire
laufen,run
alleine,alone
erinnern,remember
völlig,fully
kleines,small
könnt,can
stelle,position
kumpel,buddy
verlieren,lose
probleme,problems
spricht,speaks
kaffee,coffee
luft,air
fand,found
i,i
entschuldige,sorry
ziehen,pull
verschwinden,disappear
könntest,could
seht,look
aufhören,stop
eigenen,own
richtige,correct
unserem,our
suche,search
zwar,that is
groß,large
hol,get
buch,book
krank,sick
fühle,feel
jedes,each
verstehst,do you understand
wert,value
arzt,physician
froh,glad
versuche,try
straße,street
rufen,call
heiraten,marry
super,super
sam,sam
lebt,lives
gutes,good
lasse,let
onkel,uncle
total,total
gebracht,brought
party,party
erklären,explain
spielt,plays
wahl,choice
vertrauen,trust
damals,at that time
tagen,days
leicht,light
nachdem,after
gegangen,gone
gefühl,feeling
kaufen,buy
geschafft,done
typen,types
interessiert,interested
möchten,want
halte,hold
hält,holds
glaub,believe
irgendwo,somewhere
stück,piece
genauso,just as
kennt,knows
genommen,taken
zukunft,future
weniger,fewer
cool,cool
licht,light
getroffen,met
himmel,heaven
nachricht,news
drüben,over
passt,fits
sagten,said
kümmern,take care
laut,loud
vergiss,forget
angerufen,called
sitzen,sit
daß,that
erde,earth
großer,large
schlüssel,key
rest,rest
passieren,happen
eher,rather
gefragt,asked
gefängnis,jail
opfer,victim
körper,body
solche,such
mist,Damn
mr,Mr
findet,finds
schreiben,write
böse,evil
gesprochen,spoken
versuch,attempt
vorstellen,introduce
wovon,of which
sobald,as soon as
nochmal,again
herren,men
sex,sex
waffen,weapons
wohnung,apartment
weh,sore
heißen,be called
krankenhaus,hospital
bringe,bring
höre,listen
millionen,millions
klasse,class
hart,hard
worden,have
sinn,sense
außerdem,aside from that
verletzt,injured
ändern,change
erfahren,experience
tragen,carry
wenigstens,at least
vorsichtig,cautious
daddy,daddy
stolz,proud
stark,strong
fällt,falls
möchtest,would like
leuten,people
besonders,particularly
schöne,beautiful
schicken,send
person,person
schätze,I guess
solange,as long as
länger,longer
großartig,great
lacht,laughs
anrufen,call
stand,stand
redest,talk
fühlen,feel
erwartet,expected
boden,floor
boss,boss
stimme,agree
glaubt,believes
still,still
sicherheit,security
setz,set
ma,ma
mund,mouth
kämpfen,battle
wisst,do you know
lachen,laugh
hörst,do you hear
zeug,things
lustig,funny
umbringen,kill
sollst,You should
hasse,hate
schlimm,terrible
o,O
unglaublich,incredible
wärst,would be
laden,load
führen,lead
gestorben,died
schauen,look
meinung,opinion
lesen,read
mörder,murderer
frank,frank
ähm,um
geschehen,happen
geschäft,business
idiot,idiot
verzeihung,forgiveness
fliegen,fly
zeig,show
team,team
general,general
mike,Mike
aufs,on
york,York
vorher,previously
schluss,ending
schneller,faster
liebt,loves
verdient,earned
mögen,like
meisten,most
denk,think
umgebracht,killed
perfekt,perfect
versprochen,promised
handy,mobile phone
hinten,rear
monate,months
erinnere,remember
acht,eight
arbeitet,works
fallen,fall
rufe,call
nötig,necessary
a,a
mord,murder
heraus,out of here
tages,day
unmöglich,impossible
liebling,darling
charlie,Charlie
tatsächlich,actually
folgen,consequences
bitten,ask
behalten,keep
nähe,vicinity
arbeite,work
joe,joe
verdammte,damn it
plötzlich,suddenly
lebens,life
hole,hole
tisch,table
michael,Michael
hörte,heard
jemals,ever
liegen,lay
verkaufen,sell
gefährlich,dangerous
anfangen,begin
bekommt,receives
machte,made
ha,Ha
hotel,hotel
hilft,helps
werdet,will
meister,master
kampf,battle
antwort,answer
konnten,could
geschickt,sent
jedem,each
obwohl,although
sieben,seven
komisch,funny
gewinnen,win
ihres,their
bezahlt,paid
you,you
voller,full
unterwegs,on the way
dumm,dumb
ärger,aggravation
bild,picture
george,george
neu,new
bezahlen,pay
dagegen,against it
seien,be
starb,died
tom,tom
monaten,months
leiche,corpse
niemanden,nobody
auge,eye
arschloch,asshole
verheiratet,married
peter,Peter
zieh,pull
nimmt,takes
gerettet,rescued
agent,agent
traum,dream
entscheidung,decision
schlimmer,worse
regeln,regulate
fenster,window
fangen,catch
fort,continued
ständig,constant
findest,find
gefahr,danger
absolut,absolutely
mary,Mary
augenblick,moment
bescheid,notice
rum,rum
gedanken,thoughts
werd,will
ziel,goal
benutzt,used
bewegung,movement
jemandem,someone
wünschte,wish
worte,words
kamen,came
welcher,which
zahlen,pay
anfang,beginning
legen,place
erinnerst,do you remember
anwalt,attorney
fahr,drive
sitzt,sits
hilf,help
offen,open
schönen,beautiful
monsieur,monsieur
müsste,would
arme,poor
bier,beer
fürs,for
partner,partner
klein,small
david,David
klappe,flap
süß,sweet
herum,around
finger,finger
ehe,before
rolle,role
ließ,let
gleiche,same
monat,month
hochzeit,wedding
max,max
führt,leads
paris,Paris
wach,awake
wozu,for what reason
arm,arm
geschrieben,written
chef,chef
benutzen,use
informationen,information
erledigt,completed
hoffentlich,hopefully
müsst,must
fühlt,feel
tanzen,dance
ansehen,view
darfst,may
zuhause,at home
wunderbar,wonderful
hältst,do you hold
reise,trip
gewonnen,won
dame,lady
irgendwann,sometime
chffffff,chffffff
alex,alex
steckt,is
jedenfalls,anyway
schreit,screams
tolle,great
rüber,over
tschüss,bye
nennt,calls
raum,space
heiß,hot
foto,photo
kalt,cold
paul,Paul
irgendetwas,anything
weile,while
bisher,until now
minute,minute
unbedingt,absolutely
zug,train
sekunden,seconds
wofür,for what
erzähl,tell
nen,a
beweise,proofs
nahm,took
aller,all
freut,happy
seele,soul
schießen,shoot
müde,tired
dauert,lasts
magst,like
harry,Harry
brief,letter
gelernt,learned
sucht,seeks
bekannt,known
weitere,more
unfall,accident
dahin,there
kontrolle,control
beispiel,example
lady,lady
dasselbe,the same
herzen,hearts
schlagen,hit
wütend,angry
weise,way
damen,ladies
darin,in it
gottes,God
holt,gets
fehlt,missing
vorsicht,caution
heiße,hot
beweisen,prove
gehabt,had
zumindest,at least
vermisst,missing
hübsch,pretty
kriegt,gets
verbindung,connection
tief,deep
richtung,direction
lage,location
sowieso,anyway
kraft,power
normal,normal
lauf,run
ehre,honor
stell,position
geschenk,gift
bar,bear
tasche,bag
gelesen,read
gekauft,bought
wussten,knew
gestohlen,stolen
hunger,hunger
leg,leg
lügen,lie
beziehung,relationship
ben,ben
verschwunden,disappeared
steh,stand
nächstes,next
gearbeitet,worked
preis,price
witz,joke
meinte,meant
liste,list
geist,spirit
neben,next to
gesucht,wanted
firma,company
süße,sweetness
rücken,back
schrecklich,terrible
letzter,last
verliebt,in love
öffnen,open
redet,talks
boot,boat
seltsam,strange
versteckt,hidden
fürchte,I am afraid
verschwinde,disappear
erwischt,caught
verkauft,sold
tante,aunt
erwarten,expect
pferd,horse
wunder,wonder
sauer,sour
vermutlich,allegedly
näher,closer
major,major
jung,young
majestät,majesty
aussehen,look
ans,to
de,de
and,and
links,left
großes,large
welches,which
beschützen,protect
geboren,born
erreichen,to reach
punkt,point
kindern,children
kirche,church
verraten,betrayed
selber,himself
befehl,command
colonel,colonel
fährt,drives
zieht,pulls
geburtstag,birthday
haut,skin
wette,bet
reich,rich
sekunde,second
fahre,drive
schwöre,I swear
geredet,talked
james,James
madame,madame
eigene,own
zeiten,times
traurig,sad
anruf,call
nachrichten,news
frieden,peace
karte,map
güte,quality
euren,your
diesmal,this time
schade,Too bad
persönlich,personal
kriege,wars
stirbt,dies
bleibe,stay
verändert,changed
sonne,sun
lieb,dear
nämlich,namely
letztes,last
bekam,got
ruft,calls
professor,professor
gericht,court
nase,nose
ewig,forever
singen,sing
bank,bank
beschäftigt,busy
computer,computer
yeah,yeah
toten,kill
weihnachten,Christmas
offensichtlich,apparently
naja,Oh well
henry,Henry
gefühle,feelings
fuß,foot
show,show
überraschung,surprise
geheimnis,secret
fbi,FBI
kontakt,contact
gold,gold
drogen,drugs
regierung,government
wein,wine
kriegst,you get
ermordet,murdered
fotos,photos
entfernt,removed
geschlafen,slept
manche,some
erledigen,complete
ran,ran
gegenüber,opposite
schlaf,sleep
lust,desire
wunderschön,beautiful
witzig,funny
nick,Nick
zerstört,destroyed
übrigens,by the way
willen,will
heim,home
richtigen,correct
deines,yours
namens,called
zeigt,shows
geliebt,loved
gehören,belong
brachte,brought
herrn,Mr.
blick,view
besuch,visit
schlechte,bad
bewegen,move
haare,hair
antworten,answer
präsident,president
sagtest,you said
hoffnung,hope
stecken,put
lebe,live
rechts,right
interessant,interesting
entscheiden,decide
miteinander,each other
meint,means
liebst,love
indem,by
bleibst,stay
kümmere,take care
wohnen,reside
weder,neither
möglichkeit,possibility
kaputt,broken
bekomme,get
flugzeug,airplane
vergangenheit,past
anderer,other
zweite,second
armee,army
jim,Jim
tee,tea
entweder,either
weiss,white
don,Don
detective,detective
aufhalten,stop
stellt,presents
verspreche,I promise
überrascht,surprised
sauber,clean
hau,hau
mark,mark
schlag,hit
sheriff,sheriff
untertitel,subtitles
setzt,sets
frag,ask
vaters,father's
nervös,nervous
gesellschaft,company
verstecken,hide
schuldig,guilty
hals,neck
schützen,protect
besuchen,visit
of,of
passen,fit
überleben,survive
erhalten,receive
teilen,split
gebäude,building
schicksal,fate
zeichen,sign
richter,judge
besorgt,worried
küche,kitchen
lief,ran
vergnügen,enjoyment
wüsste,knew
volk,people
lhr,lhr
herausfinden,find out
königin,queen
soldaten,soldiers
feiern,celebrate
situation,situation
lag,lay
gelassen,relaxed
allerdings,however
soweit,so far
gefahren,driven
verstand,mind
bord,board
schönes,beautiful
jimmy,Jimmy
billy,Billy
angefangen,begun
lee,lee
fühlst,do you feel
bob,bob
mussten,had to
rat,council
worauf,whereupon
gebeten,requested
tony,tony
kamera,camera
achtung,danger
lieutenant,lieutenant
ganzes,whole
schuhe,shoes
sarah,Sarah
glückwunsch,congratulations
niemandem,no one
gibst,give
statt,instead of
übernehmen,take over
gegend,area
wald,forest
al,al
la,la
nimmst,take
danny,Danny
erkennen,recognize
glas,glass
falsche,false
verantwortlich,responsible
jesus,Jesus
stöhnt,groans
herein,in
kleid,a dress
zerstören,destroy
jawohl,yes indeed
london,London
gegessen,eaten
abendessen,dinner
gesetz,law
gemeinsam,together
geholfen,helped
erster,first
wohnt,lives
schritt,step
guck,look
nahe,vicinity
aussieht,looks
beginnen,start
dachten,thought
band,band
ungefähr,approximately
aufgabe,task
neun,nine
furchtbar,terrible
drinnen,indoors
zuvor,before
charles,Charles
freue,am happy
amerika,America
übrig,left over
spur,track
falschen,false
sergeant,sergeant
melden,report
helfe,help
werfen,throw
bill,bill
haltet,hold
erinnert,remembers
hängt,depends
freude,joy
ehemann,husband
erschossen,shot
verzeihen,pardon
schwein,pig
uh,uh
monster,monster
entschieden,decided
mission,mission
verdammten,damned
brauch,need
gewusst,known
vorne,in front
stopp,stop
übel,bad
schlampe,slut
schöner,beautiful
adresse,address
unsinn,nonsense
messer,knife
gesund,healthy
respekt,respect
pro,per
leisten,afford
davor,before
richard,Richard
bedeuten,mean
ball,ball
mitnehmen,take along
gespielt,played
to,to
schwierigkeiten,difficulties
hälfte,half
kannte,knew
stehe,stand
maria,Maria
planeten,planets
schwanger,pregnant
gruppe,group
anna,Anna
verhaftet,arrested
deal,deal
seines,his
irgendwelche,any
händen,hands
versteht,understands
drehen,turn
eis,ice
danken,thank
erfolg,success
zufrieden,satisfied
schließen,close
besorgen,obtain
wochenende,weekend
worüber,about what
stimmen,voices
nehmt,take
martin,Martin
m,m
witze,jokes
beine,legs
verbrechen,crime
bericht,report
nachts,at night
eurer,your
prinzessin,princess
schmerz,pain
klingelt,rings
position,position
echte,real
gleichen,same
fernsehen,TV
wünsche,wishes
schließlich,finally
gefangen,caught
schätzchen,baby
seh,see
schwierig,difficult
angebot,offer
nah,close
jane,Jane
gewartet,waited
kümmert,cares
ring,ring
rennen,run
lied,song
eier,eggs
welchen,which
sorry,Sorry
fantastisch,fantastic
schaut,looks
hielt,held
falle,fall
drink,drink
insel,island
dauern,last
daher,therefore
zufällig,randomly
dorf,village
clark,Clark
bewegt,moves
mitten,in the middle
bullen,bulls
feind,enemy
einverstanden,agreed
neuer,newer
bauen,build
trägt,carries
hängen,hang
freunden,friends
deren,whose
halb,half
verpasst,missed
sprach,spoke
leise,quiet
armen,poor
wusstest,did you know
fanden,found
unternehmen,company
träume,dreams
schläft,sleeps
kostet,costs
spiele,games
unseres,our
entlang,along
johnny,Johnny
versprechen,promise
tiere,animals
freiheit,freedom
verdienen,earn
aha,Aha
unterhalten,entertain
eingeladen,invited
schaden,damage
genannt,named
beenden,finish
ray,ray
geändert,changed
thomas,Thomas
lächerlich,ridiculous
geschlagen,beaten
park,park
schätzen,treasure
männern,men
t,t
beginnt,begins
ehren,honor
größte,largest
energie,energy
fleisch,meat
besonderes,special
besteht,consists
reichen,are sufficient
robert,Robert
zeitung,newspaper
worum,what about
nachgedacht,thought
betrunken,drunk
sowas,like this
patienten,patients
gespräch,conversation
leiden,suffer
taxi,taxi
tötet,kills
see,lake
unterschied,difference
wind,wind
singt,sings
schreien,scream
daniel,Daniel
sahen,saw
wand,wall
bus,bus
lhre,their
angriff,attack
verhalten,behave
loch,hole
interesse,interest
treten,step
quatsch,nonsense
trifft,hits
polizist,policeman
blumen,flowers
neuigkeiten,news
bringst,bring
flasche,bottle
rief,called
schuss,shot
fassen,grasp
meer,sea
konntest,could
schafft,creates
maschine,machine
spreche,speak
bein,leg
eddie,Eddie
bekommst,get
verbringen,spend
bücher,books
blöd,stupid
frühstück,breakfast
tommy,Tommy
meter,meter
bilder,pictures
aufpassen,watch out
claire,Claire
dessen,whose
muß,must
freuen,be happy
engel,angel
offenbar,apparently
gelegenheit,opportunity
fang,catch
lüge,lie
ohren,ears
au,au
angetan,impressed
beeil,heap
brechen,break
brüder,brothers
zeitpunkt,time
keinem,none
ecke,corner
brücke,bridge
druck,pressure
mitgebracht,brought along
seufzt,sighs
date,date
haufen,heap
oma,granny
auftrag,order
leer,empty
entkommen,escape
bobby,Bobby
weißen,white
lösung,solution
wart,wait
pause,pause
irre,insane
gestellt,placed
keller,cellar
gebrochen,broken
weinen,cry
nutzen,to use
wünschen,wish
fragt,asks
maul,mouth
verantwortung,responsibility
schloss,lock
hut,hat
lächeln,smile
ryan,ryan
red,red
grad,degree
zweiten,second
hinaus,in
mitkommen,come with me
vorhin,earlier
fahrt,drive
gemeint,meant
ernsthaft,seriously
gebaut,built
bombe,bomb
hasst,hates
versteh,I understand
kosten,cost
zeige,show
traf,met
eigenes,own
haar,hair
fragte,asked
jason,Jason
operation,operation
befehle,commands
schmerzen,pains
erklärt,explained
steve,Steve
dach,roof
folge,consequence
gelaufen,walked
schwarze,black
dankbar,thankful
gehirn,brain
töte,kill
mädels,girls
mut,courage
heilige,holy
laura,Laura
tier,animal
system,system
mannes,man
wahnsinn,craziness
nee,no
rose,rose
club,club
geschlossen,closed
hintern,butt
is,is
thema,theme
fiel,fell
gehalten,held
dorthin,there
urlaub,vacation
steig,rise
vorwärts,forward
überprüfen,check
besseres,better
beweis,proof
baum,tree
gebt,give
funktionieren,function
anscheinend,apparently
lehrer,teacher
hoffen,hope
bessere,better
isst,eats
nachmittag,afternoon
nem,nem
risiko,risk
chuck,chuck
knast,prison
entschuldigt,excused
gilt,applies
held,hero
daraus,from this
erstes,first
fräulein,miss
rachel,Rachel
prima,great
brauchte,needed
gewalt,force
dean,dean
liebes,Dear
schaffst,do you manage
nachdenken,ponder
tor,goal
erfahrung,experience
pläne,plans
jagen,hunting
katze,cat
runde,round
deutsche,German
schwanz,tail
taten,did
lord,lord
dringend,urgent
commander,commander
großvater,grandfather
sommer,summer
gezeigt,shown
hinterlassen,leave behind
gewissen,conscience
getrunken,drank
wahre,true
luke,hatch
kunden,customers
kate,kate
zeugen,witnesses
geplant,planned
amanda,Amanda
erreicht,reached
stören,disturb
stein,stone
atmen,breathe
hose,trousers
weiße,white
sprichst,speak
größer,larger
schickt,sends
city,City
prinz,prince
behandelt,treated
tote,dead
überlegen,superior
karten,cards
it,it
d,d
restaurant,restaurant
welchem,which
roger,Roger
natur,nature
carter,Carter
emily,Emily
mami,mommy
verschwindet,disappears
lautet,is
streit,dispute
küssen,kiss
sprich,speak
längst,long ago
fängt,begins
drüber,about it
gingen,go
erlaubt,allowed
einzigen,single
bad,bad
schmeckt,tastes
kugel,bullet
normalerweise,normally
schwarzen,black
rauf,up
flug,flight
beruhigen,calm
walter,Walter
halbe,half
dan,Dan
geschieht,happens
einiges,some
entdeckt,discovered
morgens,morning
schlechter,worse
vollkommen,completely
gelogen,Lies
verfolgt,pursued
college,college
weiteren,further
chris,Chris
louis,Louis
eh,eh
schwert,sword
hunde,dogs
steigen,climb
verdammter,damned
dürfte,likely
riecht,smells
labor,laboratory
bat,bat
tim,tim
arthur,Arthur
mindestens,at least
fisch,fish
eurem,your
füße,feet
stehst,are you
erschießen,shoot
kuchen,cake
versuchte,attempted
zustand,condition
wunsch,wish
gäste,guests
erwähnt,mentioned
farbe,color
van,van
einigen,some
zufall,coincidence
garten,garden
junger,younger
autos,cars
abgesehen,apart from
fair,fair
vertraut,trusted
koffer,suitcase
hieß,was called
kurs,course
wirkt,works
idioten,idiots
netter,nice
seitdem,since
angegriffen,attacked
geschichten,stories
wahnsinnig,insane
ähnlich,similar
lily,lily
aufgeben,give up
england,England
entführt,kidnapped
ms.,ms.
mistkerl,bastard
solchen,such
ner,ner
geschossen,shot
lager,storage
besprechen,discuss
reihe,row
polizisten,police officers
vogel,bird
legt,lays
strand,beach
amerikaner,American
schwarz,black
fern,remote
fick,fuck
scherz,joke
san,san
erzählte,told
wichser,wanker
jake,Jake
langweilig,boring
womit,with which
geschäfte,shops
my,my
kapiert,I understand
nachher,afterward
verlangt,required
schlägt,strikes
überzeugt,convinced
irgendjemand,anyone
rot,red
soldat,soldier
vorbereitet,prepared
geschah,happened
reisen,travel
termin,appointment
gang,aisle
stehlen,steal
rechte,right
rache,revenge
bemerkt,noticed
frankreich,France
stört,disrupts
radio,radio
beruhige,calm down
pferde,horses
vertrag,contract
arbeitest,work
dienst,service
zählt,counts
fragst,ask
wesen,essence
bürgermeister,mayor
emma,Emma
fluss,flow
woran,what
geblieben,remained
durcheinander,mixed up
me,me
ted,ted
nette,nice
test,test
mister,mister
dadurch,through this
direktor,director
wichtiger,important
kevin,Kevin
scott,Scott
karriere,career
akte,file
erinnerung,memory
großmutter,grandmother
erzähle,tell
lösen,solve
bravo,Bravo
griff,handle
verfolgen,track
zweifel,doubt
such,search
sprache,language
nerven,annoy
officer,officer
andy,andy
langer,long
ziehe,pull
entlassen,dismissed
zweimal,twice
abholen,pick up
washington,Washington
kollegen,colleagues
doc,doc
fass,barrel
szene,scene
robin,Robin
scheinen,seem
bösen,evil
schaffe,create
pflicht,duty
wache,wake
neulich,recently
beeilen,hurry up
knie,knee
alice,Alice
lauter,loud
spannende,exciting
unschuldig,innocent
folgt,follows
schutz,protection
weshalb,for what reason
geheiratet,married
woanders,elsewhere
wurdest,were
kuss,kiss
verhindern,impede
erklärung,explanation
video,video
rom,Rome
klug,smart
kräfte,forces
verlangen,demand
außerhalb,outside
opa,grandpa
selbstverständlich,of course
aufstehen,stand up
hassen,hate
pete,pete
gebrauchen,use
geglaubt,believed
milch,milk
trink,drink
gefeuert,fired
erinnerungen,memories
müssten,would
suchst,are looking
fährst,drive
kochen,cook
schwach,weak
schreibt,writes
schulden,debts
hinein,inside
simon,Simon
grenze,border
braut,bride
gebraucht,needed
peinlich,awkward
klappt,works
geheimnisse,secrets
joey,Joey
aufmerksamkeit,attention
form,form
umsonst,for free
kennenzulernen,to get to know
überlebt,survived
nirgendwo,nowhere
meilen,miles
einfacher,simpler
blöde,stupid
mond,moon
ergibt,results
daten,data
merken,remember
schande,shame
fuck,fuck
fühlte,felt
jenny,Jenny
sieg,victory
satt,full
blödsinn,nonsense
adam,Adam
lisa,Lisa
pfund,pound
handeln,act
lois,Louis
enden,end
warm,warm
raten,guess
übersetzung,translation
kunst,art
kapitän,captain
desto,the more
einsatz,mission
schweigen,be silent
krankheit,illness
toller,great
schatten,shadow
wachen,wake
tatsache,fact
eric,eric
stock,stock
chief,chief
hingehen,go there
verboten,forbidden
gäbe,would
anzug,men's suit
leichen,corpses
high,high
beendet,finished
freitag,Friday
million,million
verflucht,cursed
dunkel,dark
geb,born
enttäuscht,disappointed
klopfen,knock
spuren,sense
dreck,dirt
seiten,pages
mühe,effort
gezogen,pulled
brian,Brian
kontrollieren,control
knochen,bone
schick,chic
getrennt,separated
programm,program
grab,grave
ebenso,as well
trage,wear
nachbarn,neighbors
bieten,offer
bestes,best
elizabeth,Elizabeth
fuhr,drove
verlässt,leaves
freundlich,friendly
dennoch,nonetheless
rauchen,smoke
dick,thick
stuhl,chair
dreh,turn
bester,best
schicke,chic
vergeben,forgive
ausgehen,go out
behandeln,treat
trotz,despite
gast,guest
ändert,changes
passierte,happened
toilette,toilet
annehmen,assume
herzlichen,heartfelt
hexe,witch
erwachsen,adult
jerry,Jerry
pistole,gun
saß,sat
dreht,turns
aussage,expression
liebte,loved
street,street
genießen,enjoy
eifersüchtig,jealous
derjenige,that one
teuer,expensive
leo,Leo
zähne,teeth
beobachtet,observed
gentlemen,gentlemen
wählen,choose
helft,help
fliegt,flies
theater,theater
regen,rain
feinde,enemies
william,William
erlauben,allow
zulassen,allow
schnappen,grab
komplett,completely
panik,panic
flughafen,airport
bewusst,consciously
deutschen,German
voraus,in advance
sterbe,die
solltet,should
begleiten,accompany
einander,each other
fred,Fred
erlebt,experienced
weiterhin,furthermore
stärker,more
fahrer,driver
konzentrieren,focus
streiten,argue
angeht,as far as
selben,the same
star,star
überzeugen,convince
alkohol,alcohol
übersetzt,translated
verrückte,crazy
lch,I
king,king
begann,began
angenommen,assumed
weitermachen,continue
echter,real
jackson,Jackson
post,post
mitgenommen,taken
botschaft,message
ideen,ideas
fehlen,miss
aufgeregt,upset
selbstmord,suicide
dumme,stupid
zurückkommen,come back
irgendein,any
magie,magic
phil,phil
schlage,hit
handelt,acts
treffe,meet
untersuchen,investigate
flucht,escape
verliert,loses
irgendeine,any
gegenteil,opposite
betrifft,regards
scharf,sharp
gehofft,hoped
kennengelernt,met
schlimmste,worst
projekt,project
trottel,idiot
immerhin,anyway
mehrere,several
erwarte,expect
mochte,want
schwimmen,to swim
zählen,to count
innerhalb,within
matt,frosted
blind,blind
schwestern,sisters
code,code
alan,alan
schlau,clever
absicht,intention
barry,Barry
spielst,play
zuletzt,last
oliver,oliver
art.,art.
englisch,English
ohr,ear
verletzen,injure
song,song
schüler,pupils
schien,seemed
gewinnt,wins
älter,older
merkwürdig,unusual
judy,judy
vermisse,I miss
größe,size
tritt,occurs
trauen,trust
präsidenten,presidents
trick,trick
harvey,Harvey
doug,Doug
roten,redden
überlegt,considered
größten,largest
sonntag,Sunday
zwölf,twelve
vorstellung,performance
schrieb,wrote
reinkommen,come in
killer,killer
unterstützung,support
antun,do
rechnung,invoice
dieselbe,the same
verändern,change
möglicherweise,possibly
definitiv,definitely
locker,loose
ed,ed
vincent,Vincent
ums,about
abends,at evening
frisch,fresh
kohle,money
fing,began
hure,whore
cousin,cousin
familien,families
einsam,lonely
lebendig,lively
heiligen,holy
knapp,meager
ebenfalls,also
überprüft,checked
artikel,article
gesetzt,set
jederzeit,at any time
kompliziert,complicated
spüren,sense
signal,signal
amy,Amy
stich,engraving
kino,cinema
probieren,try out
tode,death
wundervoll,wonderful
tanz,dance
geöffnet,open
kerle,guys
begraben,buried
prozent,percent
stoppen,stop
hoheit,Your Highness
riesen,giant
rote,redness
zugang,access
liest,reads
vorn,front
wichtige,important
aufmachen,open up
kelly,Kelly
sexy,sexy
erlaubnis,permission
grace,grace
big,big
story,story
madam,madam
leichter,lighter
halben,half
filme,films
priester,priest
herauszufinden,to find out
packen,pack
dritte,third
inzwischen,in the meantime
larry,Larry
presse,press
sitze,seats
machten,made
geklaut,stolen
helden,heroes
susan,Susan
geduld,patience
bühne,stage
reparieren,repair
hä,huh
usa,USA
gerechtigkeit,justice
fälle,cases
selten,rarely
anrufe,calls
unterschreiben,sign
julia,Julia
drücken,press
mrs,Mrs
lügner,liar
endet,ends
dave,Dave
medizin,medicine
schreibe,write
verhaften,arrest
prozess,process
samstag,Saturday
amen,Amen
motor,motor
marie,Marie
abhauen,run away
chaos,chaos
schönheit,beauty
beinahe,almost
lebst,live
tolles,great
anhalten,Stop
fremden,strangers
hof,courtyard
akzeptieren,accept
norden,north
ärzte,doctors
anziehen,put on 
dingen,things
umgehen,evade
bauch,belly
gesamte,entire
hübsche,pretty
ertragen,bear
kiste,box
brennt,burns
teile,parts
deckung,cover
landen,land
berg,mountain
straßen,streets
aufgenommen,recorded
gerufen,called
untersuchung,investigation
alarm,alarm
blieb,remained
vertraue,trust
extra,extra
entspann,relax
beobachten,observe
eindruck,impression
tschüs,bye
babys,babies
wehtun,hurt
zog,pulled
iss,eat
herrgott,Lord
echten,real
springen,jump
nackt,naked
existiert,exists
befreien,free
gerät,device
montag,Monday
gezwungen,forced
perfekte,perfect
erzählst,tell
bastard,bastard
interessieren,are of interest
schlechten,bad
hank,hank
steigt,rises
st.,st.
on,on
carl,Carl
gekriegt,got
fliehen,flee
trug,wore
freundschaft,friendship
rate,rate
papiere,papers
abgeschlossen,completed
schnauze,snout
beruf,profession
gebiet,area
jeff,Jeff
jedoch,however
beten,pray
verbunden,tied together
sprachen,languages
verräter,traitor
wichtigste,most important
prost,Cheers!
brust,breast
aufgehört,stopped
kleider,dresses
jacke,jacket
bestellt,ordered
herkommen,come here
wild,wild
nenne,name
angesehen,viewed
zuhören,listen
trennen,separate
schlafzimmer,bedroom
vorschlag,suggestion
meins,mine
gift,gift
ton,clay
vermissen,miss
angekommen,arrived
beantworten,answer
deutlich,clearly
träumen,dream
verwirrt,confused
akten,files
riskieren,risk
b,b
victor,Victor
find,find
erkannt,recognized
beerdigung,burial
müll,garbage
weisst,you know
möge,may
stellte,presented
mitte,center
erleben,experience
geburt,birth
decke,ceiling
ch00ffff,ch00ffff
wege,ways
schritte,steps
gibts,There is
gemeldet,reported
hilfst,help
mittagessen,lunch
weint,cries
vernichten,destroy
rock,rock
chicago,Chicago
ellen,Ellen
crew,crew
roy,roy
türen,doors
gewehr,gun
elena,Elena
arbeitete,work
spiegel,mirror
hauen,hit
geraten,advised
dritten,third
ross,horse
julie,julie
wetter,weather
schwul,gay
regel,rule
befindet,are
einheit,unit
german,German
armer,poor
gucken,look
anstatt,instead of
champagner,champagne
gründe,reasons
strafe,penalty
smith,Smith
öfter,more often
anne,Anne
zelle,cell
langen,long
altes,old
ruiniert,ruined
jonathan,Jonathan
kleidung,clothing
gras,grass
kenn,know
agenten,agents
herausgefunden,found
annie,Annie
rechten,right
brot,bread
berlin,Berlin
erfreut,delighted
lügt,lies
nehm,take
harte,hardness
staaten,states
station,station
gaben,gave
hinterher,after
verpassen,miss
geholt,fetched
jesse,Jesse
hemd,shirt
trinke,drink
klären,clear up
praktisch,practical
theorie,theory
zunge,tongue
notfall,emergency
besseren,better
winter,winter
c,c
versuchst,are you trying
dahinter,behind
schwere,heavy
feuern,fire
lucy,Lucy
schießt,shoots
anführer,leader
schief,wrong
blau,blue
bestens,excellent
wartest,wait
gehts,Going
morgan,morgan
unrecht,wrong
leck,leak
wonach,after which
entwickelt,developed
bedeutung,meaning
strom,electricity
krebs,cancer
gemein,mean
wessen,whose
minister,minister
lhnen,you
quelle,source
zahl,number
schiffe,ships
schüsse,shots
bricht,breaks
talent,talent
spitze,great
fernseher,TV
treiben,to drive
ausgezeichnet,excellent
tatort,crime scene
möglichkeiten,possibilities
trinkt,drinks
esse,eat
cop,cop
details,details
täter,perpetrator
wahren,true
dieb,thief
offiziell,officially
dienen,serve
westen,west
entscheidungen,decisions
dauernd,constantly
geschmack,taste
gegenseitig,each other
gewählt,chosen
charlotte,Charlotte
pech,bad luck
verteidigen,defend
schauspieler,actor
personen,persons
überlassen,left
publikum,audience
trägst,wear
wechseln,change
begegnet,encountered
betrogen,cheated
besucht,visited
vertrau,trust
europa,Europe
carrie,Carrie
patrick,Patrick
deutschland,Germany
süßer,sweet
loswerden,get rid of
melde,report
maggie,Maggie
bestätigt,confirmed
gas,gas
sturm,storm
setze,set
briefe,letters
null,zero
penny,penny
schlafe,temple
wirken,works
geführt,guided
starten,start
götter,gods
festhalten,hold onto
geheim,secret
übergeben,hand over
cia,cia
abteilung,department
papier,paper
wetten,betting
gefolgt,followed
verschiedene,different
gleichzeitig,at the same time
genie,genius
hungrig,hungry
inspektor,inspector
zwingen,force
atmet,breathes
kuh,cow
unterstützen,support
geworfen,thrown
verlor,lost
süden,south
pater,father
menschheit,humanity
versteck,hiding place
tötete,killed
fähigkeiten,skills
beruhigt,reassured
rechtzeitig,punctual
streng,strictly
sendung,broadcast
gelebt,lived
treppe,stairs
kim,Kim
richtiger,correct
aufnehmen,to record
wolf,wolf
pa,pa
öffnet,opens
dämon,demon
wut,fury
schlange,snake
medikamente,medication
geschenkt,gift
nenn,name
gelegt,laid
anfassen,touch
pizza,pizza
schlechtes,bad
hütte,hut
mantel,a coat
behauptet,claims
kilometer,kilometers
beeilung,hurry
angeblich,allegedly
reiten,ride
helen,Helen
mittag,midday
gewarnt,warned
wohne,live
las,las
dunkelheit,darkness
spazieren,stroll
angel,angel
hiermit,hereby
schließt,closes
phoebe,Phoebe
vieles,many
erfüllt,fulfilled
tausend,thousand
sack,bag
eindeutig,clearly
unterhaltung,entertainment
gründen,found
km,km
zugeben,admit
mittel,medium
explosion,explosion
gefangenen,prisoners
taylor,Taylor
frische,fresh
verdächtigen,suspect
neugierig,curious
leitung,line
kennenlernen,get to know
fliege,fly
lebte,lived
menschliche,human
anderem,other
auseinander,apart
fressen,eat
beides,both
ficken,fuck
stoff,material
spüre,feel
eilig,hurry
stammt,origins
vorgestellt,presented
linda,Linda
welch,which
wichtiges,important
no,no
gehörte,belonged
mhm,mhm
glaubte,believed
oberst,colonel
schrank,wardrobe
fremde,foreign
gnade,grace
chloe,Chloe
yo,yo
entspannen,relax
virus,virus
schläfst,sleep
einladung,invitation
krieger,warrior
vernünftig,reasonable
fein,fine
greifen,grab
whoa,whoa
kyle,Kyle
schickte,sent
per,by
mitglied,member
einziger,only
umzubringen,to kill
zurückkehren,return
feld,field
mexiko,Mexico
erschaffen,create
information,information
hergekommen,came here
beweg,move
stärke,strength
vermögen,assets
verbracht,spent
gewisse,certain
waschen,wash
howard,Howard
staat,state
geister,ghosts
behaupten,claim
schrei,scream
würdet,would
vögel,birds
warnen,warn
albert,Albert
chancen,chances
treibt,drives
nannte,named
vermute,I suspect
mitternacht,midnight
jones,Jones
freundinnen,girlfriends
lecker,yummy
klinik,clinic
dicht,dense
befinden,condition
ließen,let
bürger,citizens
verursacht,caused
hammer,hammer
klang,sound
internet,Internet
aufregend,exciting
grenzen,borders
politik,policy
superman,superman
zurecht,rightly so
besitz,possession
cops,cops
eingesperrt,locked up
irren,err
kommando,command
schlug,hit
krankenwagen,ambulance
love,love
öffne,open
karen,Karen
richten,direct
mademoiselle,Mademoiselle
erfunden,invented
schnee,snow
fühl,feel
behalte,keep
beschützt,protected
punkte,points
entfernen,remove
abgehauen,ran away
geträumt,dreamed
stefan,Stefan
dämonen,demons
tränen,tears
erfolgreich,successful
volle,full
wilson,Wilson
caroline,Caroline
höher,higher
happy,happy
brille,glasses
musstest,had to
heimat,hometown
terry,terry
liebsten,I love you
bye,bye
leiter,director
sean,sean
kauf,purchase
spinnst,Are you crazy?
werk,factory
cent,cent
schlacht,battle
beziehungen,relationships
abgemacht,agreed
schreie,screams
hmm,hmm
bestätigen,confirm
erschreckt,frightened
offizier,officer
that,that
sara,Sara
affäre,affair
empfangen,received
zweck,purpose
kämpfe,fights
ergeben,result
china,China
fange,start
häuser,houses
verliere,lose
gedanke,thought
tausende,thousands
heutzutage,nowadays
gefühlt,felt
schnitt,cut
carlos,Carlos
harold,Harold
lebend,live
real,real
holz,wood
kaiser,emperor
spielte,played
begonnen,started
ziehst,pull
gelandet,landed
scheidung,divorce
bart,beard
beschlossen,decided
klo,toilet
riechen,smell
vergisst,forgets
begeistert,enthusiastic
ei,egg
durchs,through
geil,cool
nieder,low
erkläre,explain
schreckliche,terrible
beeindruckt,impressed
vince,Vince
aufgegeben,abandoned
aufgrund,because of
momentan,at the moment
solch,such
meistens,mostly
stress,stress
sterne,stars
heilen,heal
soviel,so much
kannten,knew
stattdessen,instead
aye,aye
dinger,things
stimmung,mood
bulle,bull
aufgefallen,noticed
kämpft,fight
geräusch,noise
künstler,artist
wachsen,grow
verurteilt,sentenced
himmels,heavens
tyler,Tyler
urteil,verdict
schweine,pigs
nettes,nice
house,house
verlust,loss
verließ,left
wirf,throw
wenige,few
willie,Willie
schulter,shoulder
kalifornien,California
lernt,learns
beigebracht,taught
normale,normal
anbieten,offer
verwenden,use
gratuliere,Congratulations
fluch,curse
rick,Rick
übers,about
grün,green
unterricht,instruction
dachtest,thought
verarschen,fool
gewöhnt,used
anklage,indictment
tollen,great
lippen,lips
fett,fat
lege,lay
feigling,coward
achten,regard
gary,Gary
erfährt,learns
gewohnt,used
jessica,Jessica
äußerst,extremely
einladen,invite
käse,cheese
aufwachen,wake up
verfügung,disposal
uniform,uniform
zusehen,watch
board.tv4user.de,board.tv4user.de
gesundheit,health
abenteuer,adventure
hosen,pants
kurze,short
scheck,check
täglich,daily
fresse,mouth
übernehme,take over
wiederholen,repeat
bestellen,order
freiwillig,voluntarily
cole,Cole
universum,universe
zeuge,witness
west,west
marshall,Marshall
fähig,capable
revier,territory
reifen,tires
mum,mum
führe,lead
durchgemacht,went through
tests,tests
führte,led
schenken,give
schädel,skull
realität,reality
April,April
albern,silly
brav,well-behaved
schwerer,heavier
jagd,hunting
versagt,failed
truck,truck
steckst,are you stuck
geschenke,gifts
sicherlich,surely
öffentlichkeit,public
merkt,notices
verbrecher,criminals
maske,mask
verstärkung,reinforcement
liefern,delivery
jo,yes
starke,strength
grunde,reasons
gordon,Gordon
würd,would
verschwand,disappeared
schulde,debt
russen,Russians
führer,leader
gemerkt,noticed
ciao,ciao
loslassen,release
berichten,report
verabschieden,say goodbye
antrag,application
schieß,shoot
abby,Abby
benehmen,behavior
verdacht,suspicion
hübsches,pretty
schreibtisch,desk
e,e
vampir,vampire
rory,Rory
probe,sample
schaff,create
verzeih,forgive
patient,patient
geküsst,kissed
ertönt,sounds
nahmen,took
zahlt,pays
vorbereiten,prepare
verbrannt,burned
verdammtes,damn it
frankie,Frankie
informiert,informed
einziges,only
zucker,sugar
stinkt,stinks
schnappt,grabs
schreib,write
standen,stood
klamotten,clothes
heil,unhurt
besitzer,owner
marcus,Marcus
tess,tess
drum,that
tasse,cup
hinweis,a notice
verteidigung,defense
lügst,are you lying
lies,read
magen,stomach
enterprise,enterprise
michelle,Michelle
beeilt,hurry
tunnel,tunnel
einst,once
behandlung,treatment
serie,series
applaus,applause
markt,market
korrekt,correctly
besessen,possessed
bewahren,preserve
nr.,no.
pack,pack
gekämpft,fought
black,black
angreifen,attack
tiefer,deeper
huh,huh
truppen,troops
kommandant,commander
osten,east
elf,eleven
beeindruckend,impressive
besitzt,owns
ho,ho
heut,today
clever,clever
verrückten,crazy
freien,free
hass,hate
antworte,reply
posten,post
schneiden,cut
sammeln,collect
gesteckt,inserted
wissenschaft,science
ursache,cause
gewiss,certainly
bereich,area
catherine,Catherine
meinetwegen,For all I care
l.a.,l.a.
senator,senator
ausziehen,get undressed
verzweifelt,desperate
jess,Jess
anteil,portion
stets,always
ritter,knight
viertel,quarter
roman,novel
pünktlich,on time
erfüllen,fulfill
kauft,buys
molly,molly
basis,base
eva,Eva
schock,shock
empfang,reception
wiederhole,repeat
wünscht,wishes
besondere,special
titel,title
stil,style
fingerabdrücke,fingerprints
einfluss,influence
anweisungen,instructions
zahle,pay
shield,shield
opfern,sacrifice
blaue,blueness
sparen,save
weiteres,further
gehörst,belong
farm,farm
erstaunlich,astonishing
schwachsinn,nonsense
miete,rent
verwandelt,transforms
daneben,besides
klaus,Klaus
bereiten,prepare
wüste,desert
prüfen,check
gabe,gift
hundert,hundred
erscheinen,appear
laß,let
besiegen,defeat
verpiss,piss off
umständen,circumstances
angelegenheit,matter
landes,country
dienstag,Tuesday
folgendes,the following
fürchten,fear
mordes,murder
nennst,name
angestellt,employed
training,training
aufgetaucht,appeared
rausfinden,find out
ächzt,groans
rauskommen,get out
planet,planet
suppe,soup
erwischen,catch
sitz,seat
johnson,Johnson
vorteil,advantage
for,for
rosa,pink
tour,tour
amerikanische,American
schönste,most beautiful
rufst,call
berührt,touched
französisch,French
gouverneur,governor
angeles,angeles
kaufe,buy
stern,star
gedächtnis,memory
wirklichkeit,reality
bestraft,punished
kreis,circle
reine,pure
edward,Edward
schlimmes,bad
bestehen,consist
jeannie,Jeannie
erscheint,appears
staatsanwalt,prosecutor
ewigkeit,eternity
störung,disturbance
hässlich,ugly
lauft,running
angezogen,dressed
señor,señor
half,half
sollt,should
martha,Martha
tiger,tiger
zigarette,cigarette
mutig,brave
ausruhen,relax
andrew,andrew
linken,left
hauptmann,captain
umstände,circumstances
not,not
unglück,accident
eng,closely
white,white
lucas,Lucas
üben,practice
wissenschaftler,scientist
gelöst,solved
reaktion,reaction
morde,murders
dusche,shower
mitarbeiter,employees
your,your
bedroht,threatened
gehöre,belong
befreit,freed
stöhnen,moan
reagiert,Reacts
identität,identity
rund,around
texas,Texas
fieber,fever
hirn,brain
leiten,lead
donnerstag,Thursday
leonard,Leonard
unheimlich,scary
mulder,mulder
jahrhundert,century
irgend,any
diener,servant
bruce,Bruce
extrem,extreme
ausweis,ID
sicht,view
sport,sport
juden,Jews
studiert,studied
angelogen,lied
schaue,look
little,little
sally,Sally
text,text
earl,earl
nebenan,next door
todd,todd
lektion,lesson
mäuse,mice
staub,dust
sophie,Sophie
kugeln,balls
dutzend,dozen
ratte,rat
mitleid,pity
testen,test
auftritt,occurs
gegner,opponent
joseph,Joseph
verdienst,earnings
langsamer,slower
wunde,wound
linie,line
bedrohung,threat
bauer,farmer
kurzem,short
fische,fish
einkaufen,shopping
kreuz,cross
afrika,Africa
begangen,committed
el,el
nachsehen,look
junior,junior
bäume,trees
leidenschaft,passion
geliebte,beloved
bereuen,regret
spieler,player
berge,mountains
verwendet,used
steuern,steer
gekümmert,cared
voran,forward
wieviel,how much
barney,barney
graf,count
verabredung,appointment
verlasse,leave
überfallen,attacked
donna,donna
umdrehen,turn around
damon,demon
kilo,kilo
diego,Diego
negativ,negative
schild,sign
tanzt,dances
verbrennen,burn
gefreut,pleased
penner,bum
blauen,blue
jay,Jay
stücke,pieces
angela,Angela
kühlschrank,refrigerator
identifizieren,identify
lehrerin,teacher
francisco,Francisco
kameras,cameras
zentrale,central
jäger,hunter
josh,Josh
wayne,Wayne
wenden,turn around
we,we
holst,get
suchte,searched
start,start
füßen,feet
unglücklich,unhappy
frohe,happy
sand,sand
pfarrer,priest
plus,plus
nancy,Nancy
brachten,brought
zauber,magic
berühren,touch
rückkehr,return
hafen,harbor
indianer,Indians
miller,miller
verschwenden,waste
untersucht,examined
königs,king's
jean,Jean
lese,read
stahl,steel
hättet,would have
affen,monkeys
worten,words
kindheit,childhood
gewollt,intentional
op,op
vermeiden,avoid
fabrik,factory
aussagen,testify
wunderbare,wonderful
grandpa,grandpa
miststück,bitch
verrückter,crazy
lane,lane
jungfrau,Virgo
einfache,simple
nate,nate
laufe,run
reingelegt,tricked
seltsame,strange
heiratet,marries
angenehm,pleasant
daheim,home
planen,plan
klauen,to steal
geruch,odor
marty,marty
klingen,sound
tina,tina
nächster,next
hörten,heard
jackie,Jackie
trafen,met
ungern,reluctantly
abgelehnt,rejected
erstens,first
abmachung,agreement
appetit,appetite
miami,Miami
zeigte,showed
fan,fan
hohen,high
alf,alf
ladys,ladies
sms,SMS
verkauf,sale
jamie,Jamie
verbergen,hide
sorgt,ensures
karl,Karl
sohnes,son
berühmt,famous
aussteigen,exit
bonnie,bonnie
ginge,go
reingehen,go inside
durfte,was allowed
korrektur,correction
wirft,throws
titten,tits
betreten,enter
todes,death
one,one
doctor,doctor
blöden,stupid
miles,miles
rausholen,extract
hohe,height
aufnahme,recording
by,by
holmes,Holmes
hübscher,pretty
vegas,Vegas
manager,manager
stellung,position
höhle,cave
schokolade,chocolate
angeboten,offered
befreundet,friends
weib,woman
ausgerechnet,of all things
walker,walker
beibringen,teach
nelson,Nelson
ex,ex
belohnung,reward
seelen,souls
steine,stones
garage,garage
scheißkerl,bastard
gestört,disturbed
cooper,cooper
ruhen,rest
pillen,pills
gepäck,baggage
carol,carol
norman,Norman
zoe,zoe
amerikanischen,American
telefonieren,make a phone call
heirate,marry
erkenne,recognize
funk,radio
grüß,Greetings
hurensohn,son of a whore
mögliche,possible
spring,spring
uni,university
scheinbar,apparently
fakten,facts
informieren,inform
jugend,youth
feier,celebration
wenigen,few
söhne,sons
benzin,petrol
nix,nothing
vampire,vampire
erkennt,recognizes
sicherer,safer
zigaretten,cigarettes
dummes,stupid
mauer,wall
erneut,anew
flügel,wing
schluck,swallow
hierbleiben,stay here
abschluss,diploma
christus,Christ
bezahle,pay
böses,evil
dummkopf,idiot
gerüchte,rumors
eingestellt,set
m.,m.
weitergehen,continue
technik,technology
ali,ali
bezweifle,I doubt it
piper,piper
over,over
gekostet,cost
anzeige,advertisement
wohnst,live
hans,Hans
ergebnis,result
bedingungen,conditions
brad,Brad
aufzuhalten,to stop
versprich,promise
verdiene,earn
geschnappt,snatched
francis,Francis
eile,hurry
innen,inside
italien,Italy
einig,some
verhandeln,negotiate
weswegen,which is why
nützlich,useful
inneren,inner
gentleman,gentleman
felix,Felix
vergesse,forget
dunkle,dark
warnung,warning
gemeinde,community
diamanten,diamonds
wächst,grows
gewöhnlich,usually
seil,rope
bär,bear
euro,euro
großartige,great
beth,beth
ware,goods
traurige,sad
persönliche,personal
figur,figure
time,time
roboter,robot
anschauen,look at
kürzlich,recently
material,material
paula,Paula
käme,would come
stellst,ask
bereitet,prepares
einfallen,come up
käfig,cage
fantasie,fantasy
brach,broke
satz,sentence
kommissar,commissioner
exzellenz,excellence
schuldest,debt
nass,wet
rächen,revenge
womöglich,possibly
begrüßen,greet
lou,lou
davis,Davis
überraschen,surprise
menschlichen,human
repariert,repaired
führung,guide
gestanden,confessed
jacob,Jacob
schütze,protect
störe,disturb
nina,Nina
filmen,film
jobs,jobs
maschinen,machines
unterlagen,documents
palast,palace
graben,dig
kette,chain
auftauchen,turn up
interessante,interesting
wovor,what from
springt,jumps
terroristen,terrorists
stan,stan
bekämpfen,fight
lärm,noise
flehe,plea
aufgewachsen,grew up
arbeiter,workers
größere,larger
humor,humor
betrachten,regard
be,be
organisation,organization
widerstand,resistance
bergen,recover
studio,studio
hausaufgaben,homework
vögeln,birds
bescheuert,stupid
weggehen,leave
teller,plate
original,original
revolution,revolution
hitler,Hitler
mädel,girl
verbinden,connect
nathan,Nathan
ermittlungen,investigations
steck,plug
wäsche,wash
rätsel,puzzle
besonderen,special
hunderte,hundreds
versetzt,moved
bibel,Bible
heiliger,holy
reiß,tear
kopie,copy
besitzen,own
zeitungen,newspapers
zurückgekommen,returned
süßes,sweet
barbara,Barbara
ungewöhnlich,unusual
höhe,height
geschaffen,created
beschreiben,describe
ausgesucht,selected
notwendig,necessary
dunklen,dark
ignorieren,ignore
toter,dead
deck,deck
narr,fool
scheißegal,don't give a fuck
höchstens,at most
übersehen,overlook
geirrt,mistake
darunter,including
außen,outside
einzig,only
stirbst,die
lhren,their
spielchen,games
girl,girl
fahrrad,bicycle
nutte,hooker
wilde,wild
jordan,Jordan
bequem,comfortable
rauch,smoke
verschiedenen,different
kamst,came
l,l
betty,betty
pool,pool
hubschrauber,helicopter
wüssten,knew
erstmal,first
kollege,colleague
vernichtet,destroyed
gesichter,faces
derselbe,the same
hattet,had
konto,account
freie,free
casey,casey
haken,hook
munition,ammunition
sünde,sin
militär,military
gefasst,composed
anzeichen,signs
geklappt,succeeded
hintergrund,background
erwähnen,mention
tipp,tip
reißen,tear
keins,none
genial,brilliant
berichte,reports
kram,junk
schnapp,snap
solle,should
randy,randy
umziehen,move
zunächst,first
keinerlei,none
typisch,typical
bietet,offers
leb,life
technologie,technology
john-boy,john-boy
ruinieren,ruin
jünger,younger
poirot,Poirot
umso,all the more
starben,died
rette,rescue
triffst,meet
unhöflich,impolite
safe,safe
anzurufen,to call
universität,university
mai,May
heben,lift
koch,cook
derselben,the same
katastrophe,disaster
male,male
olivia,Olivia
prüfung,test
brown,brown
gesetze,laws
meeting,meeting
versicherung,insurance
getragen,worn
ehefrau,wife
mitmachen,participate
tauschen,to exchange
ergebnisse,results
boston,Boston
reg,reg
einstellen,set
reagieren,react
gefehlt,missing
verwandeln,transform
gedauert,took
senden,send
blair,Blair
reporter,reporter
abgeben,hand over
mm,mm
parker,Parker
anhören,listen
bibliothek,library
japan,Japan
hinsetzen,sit down
hannah,Hannah
serena,serena
motiv,motive
paige,Paige
schalten,switch
derek,derek
gewöhnen,get used to
lernte,learned
vereinigten,united
gewicht,weight
zweiter,second
badezimmer,bathroom
schieben,push
dreimal,three times
weich,soft
echtes,genuine
zweitens,secondly
drachen,dragons
bahnhof,railroad station
erschöpft,exhausted
genauer,more precisely
verlange,demand
spanisch,Spanish
verrat,betrayal
hexen,witches
live,live
legende,legend
taub,deaf
freu,yay
konzert,concert
hopp,hop
wiederzusehen,to see each other again
doppelt,double
last,load
vergleich,comparison
böser,evil
herzlich,heartfelt
monica,Monica
taschen,bags
genügt,sufficient
besucher,visitor
spanien,Spain
großzügig,generous
teddy,teddy
hauses,house
leihen,lend
scheiden,divorce
einstellung,attitude
köstlich,delicious
watson,Watson
einheiten,units
wichtigen,important
go,go
warne,warn
russland,Russia
angeschossen,shot
sammy,Sammy
pierre,Pierre
sklaven,slaves
laune,mood
gesamten,entire
stille,silence
asche,ash
geflogen,flown
spion,spy
what,what
aaron,aaron
weihnachtsmann,Santa Claus
hervorragend,terrific
can,can
verärgert,annoyed
puppe,doll
überfall,robbery
unwichtig,unimportant
santa,Santa
linke,left
übung,exercise
buffy,Buffy
franzosen,French
wehgetan,hurt
schwäche,weakness
couch,couch
cousine,cousin
grant,grant
atme,breathe
irgendeinem,any
unterstützt,supports
oscar,Oscar
ausdruck,expression
pleite,broke
beleidigt,insulted
knopf,button
stop,Stop
schlimme,bad
beweist,proves
katie,Katie
dramatische,dramatic
heutigen,today
leere,empty
island,island
shane,Shane
daisy,daisy
trinkst,drink
heimlich,secretly
eingehen,to
rad,wheel
greift,attacks
mächtig,powerful
williams,williams
sinnlos,pointless
versaut,ruined
netz,network
atem,breath
anstellen,hire
milliarden,billions
flotte,fleet
umgebung,vicinity
mitbringen,bring along
beteiligt,involved
dunkeln,dark
entwickeln,develop
schämen,shame
erwachsene,adult
zack,zack
durchsuchen,browse
hollywood,Hollywood
rollen,roll
vergesst,forget
tricks,tricks
plätze,places
gefangene,prisoners
sünden,sins
sender,sender
verlass,leave
räumen,clear
lerne,learn
rettet,saves
hinweise,notes
ausreden,excuses
alexander,Alexander
mommy,mommy
diejenige,the one
nächte,nights
herrscht,prevails
bud,bud
jahres,year
dna,DNA
romantisch,romantic
flüstert,whispers
drück,press
jeremy,Jeremy
bedanken,thank you
verabredet,have an appointment
pilot,pilot
colt,Colt
nigger,nigger
reizend,charming
grade,just
stanley,Stanley
leib,body
stecke,stick
scheisse,shit
ärztin,doctor
vergewaltigt,raped
mußt,must
lieferung,delivery
botschafter,ambassador
studieren,study
köpfe,heads
duschen,shower
kopfschmerzen,headache
öl,oil
knarre,gun
sekretärin,secretary
phase,phase
handschellen,handcuffs
lewis,Lewis
versehen,provided
bande,band
treu,faithful
positiv,positive
meiste,most
museum,museum
albtraum,nightmare
margaret,Margaret
verlobt,engaged
besiegt,defeated
existieren,exist
könne,can
proben,samples
beschissen,shitty
gewinne,wins
personal,staff
christian,Christian
bewaffnet,armed
fällen,felling
wecken,wake up
wirkung,effect
kurt,Kurt
connor,Connor
rebecca,Rebecca
therapie,therapy
travis,travis
amüsieren,amuse
ordentlich,orderly
weglaufen,run away
aufgewacht,woke up
nähern,approach
decken,cover
sinne,senses
leutnant,lieutenant
zauberer,wizard
hogan,hogan
bittet,requests
ankunft,arrival
klopft,knocks
abstand,distance
bewusstsein,consciousness
nation,nation
kontrolliert,controlled
treffer,hit
abnehmen,lose weight
ratten,rats
anwälte,lawyers
tempel,temple
vergiftet,poisoned
kunde,customer
August,August
wunden,wounds
unangenehm,unpleasant
ausrüstung,equipment
segen,blessing
präsentiert,presents
schließ,close
kehle,throat
krone,crown
garantiert,guaranteed
durchsucht,searched
president,president
tracy,tracy
verfluchte,cursed
bestimmten,certain
clay,clay
ladies,Ladies
b.,b.
ladung,charge
beinen,legs
hell,bright
kent,Kent
kapitel,chapter
chase,chase
benutze,use
alibi,alibi
ziele,goals
bestie,beast
gus,Gus
nirgends,nowhere
wohnzimmer,living room
beute,prey
bau,building
brennen,burn
lex,lex
durst,thirst
logan,logan
schwarzer,black
schmutzig,dirty
liebhaber,lover
ersetzen,substitute
juli,July
verfahren,procedure
kirk,Kirk
stiefel,boots
inspector,inspector
allzu,too
camp,camp
dürft,may
orten,locate
hitze,heat
spielzeug,toy
tv,TV
gloria,Gloria
wolle,wool
knurrt,growls
meldet,reports
rita,Rita
zone,Zone
trocken,dry
lincoln,Lincoln
schreibst,write
audrey,Audrey
quinn,quinn
probier,try
le,le
kids,kids
unterschrieben,signed
do,do
heulen,howling
entschlossen,determined
paket,package
gefiel,liked
bekamen,received
netten,nice
geheime,secret
jennifer,Jennifer
aktiviert,activated
ausweg,way out
hinweg,a
schmuck,jewelry
ausgang,exit
wunderschöne,beautiful
zurückkommt,comes back
ann,ann
illegal,illegal
ferien,holidays
persönlichen,personal
geiseln,hostages
segne,bless
normaler,normal
steuer,tax
aufgepasst,pay attention
murphy,Murphy
raumschiff,spaceship
dummen,stupid
weißer,white
ausbildung,education
klavier,piano
hauptsache,The main thing
admiral,admiral
entgegen,in contrast to
fasse,grasp
strecke,route
julian,Julian
version,version
hilfreich,helpful
schweren,heavy
h,h
jahrelang,years
leeren,empty
küste,coast
baron,baron
behörden,authorities
grüße,greetings
geklärt,clarify
bruders,brother's
kaufte,bought
stone,stone
puls,pulse
blue,blue
flur,corridor
denselben,the same
rettung,rescue
widerlich,disgusting
parkplatz,parking
katzen,cats
laster,vice
sozusagen,so to speak
mittwoch,Wednesday
unschuldige,innocent
abwarten,wait
grandma,grandma
florida,Florida
re,re
grünen,green
könntet,could
aufnahmen,recordings
vision,vision
schauspielerin,actress
passe,pass
sing,sing
glückliche,happy
highschool,high school
friedhof,cemetery
irrtum,error
klienten,clients
nervt,annoying
leidet,suffers
reverend,reverend
trainieren,train
gegenwart,present
zurückbringen,return
herman,herman
protokoll,protocol
studenten,students
durchaus,certainly
grausam,awful
höchste,highest
verwickelt,involved
schmecken,taste good
klappen,succeed
apropos,apropos
liz,Liz
alfred,Alfred
ansonsten,otherwise
wade,calf
missverständnis,misunderstanding
mitglieder,members
motorrad,motorcycle
mickey,Mickey
blicken,look
glücklicher,happy
hübschen,pretty
dicke,thickness
gewünscht,desired
gejagt,hunted
diejenigen,those
diskutieren,discuss
pinkeln,pee
huhn,chicken
erheben,raise
paradies,paradise
tagebuch,diary
möglichen,possible
jenseits,beyond
arschlöcher,assholes
apartment,apartment
mason,mason
pfeift,whistles
dieselben,the same
wilden,wild
vergaß,forgot
enttäuschen,disappoint
greg,Greg
konsequenzen,consequences
fleck,spot
macgyver,MacGyver
führerschein,driver's license
online,on-line
bete,pray
verdächtige,suspicious
enkel,grandson
normalen,normal
stift,pen
interview,interview
süßen,sweet
riesige,huge
aussicht,outlook
ned,ned
wiederkommen,come again
werbung,advertising
warf,threw
telefoniert,phone call
anblick,sight
einzelnen,individual
teppich,carpet
hielten,held
handel,trade
gekannt,known
getrieben,driven
trainer,trainer
scully,scully
schuh,shoe
bomben,bombs
kämpfer,fighter
victoria,Victoria
bedenken,consider
sitzung,meeting
ken,ken
sicheren,safe
verkaufe,selling
ron,ron
tapfer,brave
experiment,experiment
besorge,get
tiefe,depth
narren,fool
abgeholt,picked up
abhalten,prevent
bestimmte,particular
laufenden,ongoing
auftaucht,appears
school,school
löschen,delete
tara,Tara
sebastian,Sebastian
mies,awful
sarg,coffin
r,r
vertragen,tolerate
gebissen,bitten
geheimen,secret
drinks,drinks
schlief,slept
tradition,tradition
soeben,just
komische,strange
schultz,Schultz
aufgehalten,held up
fähigkeit,capability
attraktiv,attractive
begriff,expression
versichere,assure
schilde,shields
legte,lay
mitteilen,communicate
sdh,sdh
gemütlich,cozy
muster,pattern
versprach,promised
überwachen,monitor
eingeschlafen,fell asleep
schlimmsten,worst
verlierst,you lose
einzelne,individual
vergib,forgive
vorbeikommen,come by
aua,ouch
brüste,breasts
sandwich,sandwich
gewinner,winner
verständnis,understanding
g,G
raymond,Raymond
papst,pope
toast,toast
matthew,Matthew
einsteigen,get in
löwen,lions
einsetzen,insert
gewinn,profit
schüchtern,shy
scheinst,you seem
pflanzen,plant
green,green
sheldon,Sheldon
christopher,Christopher
hätt,would have
coach,coach
werte,values
modell,model
übernimmt,takes over
walton,Walton
heftig,violent
vorfall,incident
motel,motel
teams,teams
irgendeinen,any
müsstest,You would have to
freier,free
zirkus,circus
ruhm,fame
zurzeit,currently
ausmachen,turn off
rezept,recipe
töchter,daughters
laute,loud
akzeptiert,accepted
geschwindigkeit,speed
beliebt,popular
verpflichtet,obligated
betrüger,cheater
lohnt,worthwhile
märchen,fairy tale
blöder,stupid
becky,becky
wille,will
hügel,hill
königreich,kingdom
dennis,Dennis
kehren,return
baut,builds
chinesen,Chinese
gesichert,secured
michel,Michel
ruth,Ruth
block,block
belogen,lied to
malen,paint
kofferraum,trunk
road,road
bursche,boy
erin,erin
geständnis,confession
ausgegangen,assumed
begreifen,understand
dana,Dana
blitz,flash
löst,solves
furcht,fear
jersey,jersey
ernstes,serious
verteilt,distributed
bezüglich,with reference to
faszinierend,fascinating
aufmerksam,attentive
aufregung,excitement
wendy,wendy
ethan,ethan
orte,places
entführung,kidnapping
keucht,gasps
erhielt,received
treue,loyalty
felsen,rock
malcolm,Malcolm
kurzen,short
zorn,anger
taucht,dives
bestimmen,determine
ausgesetzt,exposed
zurückgeben,return
verkehr,traffic
bewiesen,proven
generation,generation
liebste,favorite
ausrichten,align
ausnahme,exception
ebene,level
herrlich,splendid
stürzen,fall
herausforderung,challenge
gefälligst,please
farben,colors
geliebten,beloved
ankommen,arrive
tempo,tempo
unterbrechen,interrupt
kindes,child
babe,babe
erden,earth
schrecklichen,terrible
falsches,false
täuschen,deceive
tal,valley
irgendwer,anyone
deins,yours
witwe,widow
sichern,secure
gerede,talk
betrug,fraud
trauer,grief
anwesenheit,presence
bilden,form
gewachsen,grown
ausflug,side trip
jill,jill
verlaufen,get lost
rand,edge
kenny,Kenny
rechnen,calculate
aufzug,elevator
befragen,question
wegnehmen,take away
abschied,farewell
benötigen,need
pst,pst
amt,government office
reiche,rich
otto,Otto
beginn,start
daumen,thumb
bestrafen,punish
clarence,Clarence
weine,wines
fremder,stranger
sachte,gently
identifiziert,identified
gestehen,confess
mac,mac
owen,owen
morris,Morris
riesig,gigantic
entscheide,decide
koma,coma
prinzen,princes
bewusstlos,unconscious
county,county
marke,brand
harter,harder
hill,hill
höflich,polite
jude,Jew
setzte,set
besorg,get
absichtlich,intentionally
vermasselt,messed up
verschlossen,closed
sowie,as well as 
gesang,singing
gedreht,turned
ford,ford
religion,religion
ey,ey
unterschrift,signature
rosen,roses
persönliches,personal
queen,queen
fortschritte,progress
eingang,entrance
zugehört,listened
biete,offer
clara,Clara
vorhaben,plan
kultur,culture
patientin,patient
stephen,Stephen
explodiert,explodes
nichte,niece
verzichten,waive
steven,Steven
harris,Harris
existenz,existence
drehbuch,script
football,football
anzusehen,to view
ohnmächtig,unconscious
zaun,fence
anthony,Anthony
geladen,loaded
guckt,looks
privat,private
peg,peg
brauchten,needed
liam,Liam
heb,lift
virginia,Virginia
wächter,guard
eimer,bucket
blasen,blow
rakete,rocket
salz,salt
unfair,unfair
verzeiht,forgives
esel,donkey
krankenschwester,nurse
symbol,symbol
entscheidet,decides
fahrzeug,vehicle
unterwäsche,underwear
betrachtet,considered
bauern,farmers
engländer,English
wartete,waited
schaust,look
genossen,enjoyed
tropfen,drops
probiert,tried
spock,Spock
café,cafe
verhungern,starvation
versuchten,tried
mütter,mothers
September,September
aktion,action
bestanden,passed
haaren,hair
louise,Louise
schluchzt,sobs
übertrieben,exaggerated
heilmittel,remedy
apparat,apparatus
vorm,before
friedlich,peaceful
richtiges,correct
zuschauer,viewers
teenager,teenager
geliefert,delivered
May,May
gestritten,argued
maus,mouse
lediglich,only 
charakter,character
riley,Riley
krass,cool
weiterer,further
group,group
ricky,Ricky
diana,Diana
geräusche,noises
lichter,lights
starken,strengthen
dexter,dexter
staffel,squadron
flaschen,bottles
putzen,cleaning
einbruch,burglary
geheilt,cured
beißen,bite
nicole,Nicole
stammen,origin
wände,walls
befürchte,I fear
kostüm,costume
warren,Warren
grüßen,greet
versagen,fail
übernommen,taken over
hoffte,hoped
verschieben,move
verspätung,lateness
whiskey,whiskey
mars,Mars
media,media
entdecken,discover
traue,trust
thron,throne
riesigen,huge
zelt,tent
akzent,accent
truppe,troop
übertragen,transmitted
kompliment,compliment
flammen,flame
erkennst,recognize
erschrecken,scare
gemälde,painting
ari,ari
walt,walt
chip,chip
mannschaft,team
cindy,Cindy
loyalität,loyalty
benjamin,Benjamin
dankeschön,Thank you very much
vertreten,represent
verhandlung,negotiation
lernst,learn
brüllt,roars
füllen,fill
letztendlich,ultimately
krise,crisis
verlierer,loser
spencer,Spencer
with,with
kekse,cookies
ausschalten,turn off
penis,penis
profi,professional
whisky,whiskey
erledige,do it
gelächter,laughter
fängst,catch
erklär,explain
einspruch,objection
angeln,fishing
rausgehen,go out
monk,monk
kaution,deposit
eures,yours
gesessen,sat
verrate,reveal
kehrt,returns
boy,boy
summe,sum
lade,load
billig,cheap
curtis,Curtis
bernard,Bernard
juni,June
gerissen,torn
festgenommen,arrested
ralph,Ralph
befohlen,ordered
überlege,consider
koordinaten,coordinates
flog,flew
herzinfarkt,heart attack
hinlegen,lie down
nahrung,food
liege,lie
geflohen,fled
knall,bang
nebenbei,alongside
mylord,my lord
nachbar,neighbor
küss,kiss
lhrem,her
geleistet,performed
nutzt,uses
fröhliche,cheerful
nebel,fog
front,front
veränderung,change
affe,ape
kontaktieren,contact
brand,fire
fuhren,lead
zwischenzeit,in the meantime
eingesetzt,used
anton,anton
philip,Philip
megan,megan
schlimmeres,worse
rennt,runs
anlegen,invest
nachzudenken,to think about
schwör,swear
übliche,usual
kreatur,creature
verderben,spoil
medizinische,medical
besetzt,occupied
zugriff,access
kanal,channel
blutdruck,blood pressure
grüne,green
ausgeben,spend
papi,daddy
clown,clown
lhrer,your
sonny,sonny
schwören,swear
hühnchen,chicken
arten,species
aufgebaut,built
sydney,Sydney
betrügen,deceive
steele,steele
trank,drank
glatt,smooth
trainiert,trained
indien,India
autor,author
geweint,cried
blume,flower
verletzungen,injuries
special,special
zwillinge,twins
mia,mia
reißt,tears
zeigst,show
stirb,die
justin,Justin
diane,Diane
gefickt,fucked
schlägst,you hit
moskau,Moscow
erwartest,expect
gestoßen,bumped
durchgehen,go through
praxis,practice
gründlich,thorough
benny,Benny
eingeschlossen,included
tragödie,tragedy
vollständig,complete
psychiater,psychiatrist
rasse,race
lance,lance
vertraust,trust
kummer,sorrow
eigener,own
christine,Christine
partei,party
zentrum,center
testament,testament
entfernung,distance
private,private
welten,worlds
verlegen,embarrassed
heroin,heroin
erfuhr,learned
gelände,terrain
kutsche,coach
dummer,stupid
homer,homer
stabil,stable
ausgeschlossen,excluded
out,out
draus,out of it
aufgehoben,lifted
single,single
regisseur,director
vielmals,many times
dylan,Dylan
bestand,consisted
k,k
erbe,heritage
weggelaufen,ran away
jim-bob,Jim Bob
noah,Noah
leichte,light
zuständig,responsible
losgehen,start
long,long
hustet,coughs
brutal,brutally
besprochen,discussed
halbes,half
bargeld,cash
peggy,Peggy
action,action
zusammenarbeiten,cooperate
beunruhigt,worried
achte,eighth
innere,inner
kanone,cannon
eklig,disgusting
x,x
armes,poor
avenue,avenue
öffentlich,public
nützt,useful
marine,marine
brillant,brilliant
köder,bait
gespräche,conversations
nähert,approaching
vorgehen,proceed
kleinigkeit,small thing
kissen,pillow
manny,manny
geisel,hostage
gerecht,just
trost,comfort
gehasst,hated
a.,a.
gesorgt,provided
archer,archer
spinner,spinner
vergebung,forgiveness
vieh,cattle
schnelle,fast
normales,normal
gefesselt,bound
lautes,loud
kalte,cold
leitet,leads
angehen,approach
ekelhaft,disgusting
salat,lettuce
schicht,layer
intelligent,intelligent
meg,meg
verhältnis,relationship
socken,socks
brieftasche,wallet
holly,holly
packt,packs
eventuell,possibly
nirgendwohin,nowhere
methode,method
gelangen,reach
gespannt,tense
vernunft,reason
zurückgehen,go back
regnet,is raining
drama,drama
entspannt,relaxed
wörter,words
klingeln,ring
ruhige,quiet
sprung,jump
anständig,respectable
gangster,gangster
harten,hard
aufzeichnungen,records
ofen,oven
cowboy,cowboy
endgültig,finally
aufgaben,tasks
ruh,rest
deutsch,German
neil,Neil
wodka,vodka
know,know
air,air
respektieren,respect
riskant,risky
lohn,salary
zuviel,too much
zustimmen,agree
schnaps,schnapps
troy,troy
stufe,level
erleichtert,relieved
scheune,barn
vanessa,Vanessa
klink,clinic
spaziergang,stroll
katherine,Katherine
zettel,note
kotzen,vomit
blödmann,idiot
hurra,hurray
lana,Lana
symptome,symptoms
vorfahren,ancestors
nutzlos,useless
shaw,shaw
telefonnummer,phone number
nochmals,again
grey,grey
medien,media
faul,lazy
dient,serves
russell,Russell
ereignisse,events
aussuchen,choose
verprügelt,beaten up
zweites,second
sherlock,Sherlock
fabelhaft,fabulous
klinge,blade
leistung,perfomance
beileid,sympathy
castle,castle
durchführen,carry out
mitchell,Mitchell
eröffnen,open
unschuld,innocence
seist,be
stoßen,encounter
palmer,palmer
like,like
genügend,enough
sofa,sofa
gestatten,allow
gekocht,cooked
biest,beast
lydia,Lydia
bräuchte,I would need
ausgelöst,triggered
väter,fathers
verarscht,fooled
butter,butter
nachbarschaft,neighborhood
villa,villa
data,data
goldene,golden
schließe,close
saft,juice
begehen,commit
hauptquartier,headquarters
geschworen,sworn
abgenommen,taken off
werkstatt,workshop
überreden,convince
nannten,called
gemüse,vegetables
schläger,bat
frisst,eats
bewundere,admire
geschieden,divorced
assistentin,assistant
wettbewerb,competition
lebten,lived
sieger,winner
verfassung,constitution
küsst,kisses
fußball,football
geschnitten,cut
master,master
quietschen,squeak
füttern,feed
gürtel,belt
unschuldigen,innocent
menschlich,human
eigenartig,peculiar
oje,oh dear
hanna,Hanna
kabel,cable
duke,Duke
franz,Franz
zahn,tooth
landet,lands
kisten,boxes
liegst,lie
mona,mona
krankenstation,hospital ward
leine,leash
beschreibung,description
ausmacht,makes
beschädigt,damaged
grundstück,property
steckte,stuck
bahn,train
turm,tower
mine,mine
sauerstoff,oxygen
nö,no
angesichts,in view
ll,all
versager,failure
deinetwegen,Because of you
vic,vic
angeklagt,accused
aufhört,stops
baden,bathe
knacken,crack
verbindungen,connections
panzer,tanks
marcel,Marcel
bach,bach
leiser,quieter
stimmengewirr,A murmur of voices
zerstörung,destruction
stirn,forehead
finn,finn
sanft,soft
kloster,monastery
charmant,charming
aufbauen,build up
thanksgiving,Thanksgiving
anlass,occasion
zähle,count
verlieben,fall in love
atmosphäre,atmosphere
ronnie,Ronnie
samantha,Samantha
leber,liver
jener,that
begegnen,encounter
dämlich,stupid
krawatte,necktie
juan,Juan
tarnung,camouflage
kanada,Canada
alpha,alpha
baker,baker
tabletten,tablets
faust,fist
auftreten,appear
monroe,Monroe
blatt,sheet
gelöscht,deleted
dschungel,jungle
alison,alison
niedlich,cute
c.,c.
klage,suit
wolltet,wanted
jonas,Jonas
akt,act
schießerei,shoot-out
anwältin,lawyer
überleg,consider
frisur,hairstyle
spruch,saying
jene,those
moral,moral
angelegenheiten,matters
dokumente,documents
fröhlich,cheerful
spezies,species
oktober,October
schachtel,box
opfers,victim
noten,grades
ellie,Ellie
irgendwohin,somewhere
nora,nora
brunnen,spring
toby,toby
sandy,sandy
lampe,lamp
craig,Craig
jagt,hunt
eigentum,property
diebstahl,theft
spenden,donate
betrieb,operation
gemeinsame,common
absurd,absurd
gegensatz,contrast
frühling,spring
dünn,thin
ausland,abroad
schultern,shoulder
entwicklung,development
vergehen,pass
ahnen,sensues
verbessern,improve
herzog,duke
diskussion,discussion
gehalt,salary
lemon,lemon
freak,freak
glocke,bell
forschung,research
geradeaus,straight ahead
fette,fat
iris,iris
rechnungen,invoices
kasse,checkout
tödlich,deadly
tieren,animals
ian,ian
oberfläche,surface
gitarre,guitar
bedienen,serve
Jan,Jan
zwang,obligation
marsh,marsh
politiker,politician
bären,bears
vereint,united
irgendeiner,any
subcentral.de,subcentral.de
ward,ward
besuche,visits
schreckliches,terrible
schoss,lap
collins,Collins
werkzeug,tool
kranken,sick
neffe,nephew
sue,sue
dauerte,lasted
brooklyn,Brooklyn
lebenden,living
bevölkerung,population
hergebracht,traditional
just,just
durchziehen,pull through
gepackt,packed
service,service
furchtbare,terrible
liebster,dearest
flieger,pilot
vorschriften,regulations
beherrschen,command
guy,guy
detail,detail
ausgewählt,selected
herunter,down
schriftsteller,writer
wärt,would
kümmer,take care
andererseits,on the other hand
bay,bay
gene,genes
shuttle,shuttle
üblich,usual
entführen,kidnap
ike,like
jury,jury
box,box
ausgedacht,invented
freddy,Freddy
partys,parties
rausgefunden,found out
plant,plans
feige,cowardly
gesungen,sung
möbel,furniture
bewährung,parole
schieße,shoot
umgeben,surround
berater,advisor
e-mail,e-mail
bailey,Bailey
zoo,zoo
gedicht,poem
lorelai,lorelai
bellt,barks
vorschlagen,suggest
genießt,enjoy
baseball,baseball
locken,lure
ooh,ooh
trennung,separation
lautsprecher,loudspeaker
ticket,ticket
umwerfend,stunning
kanzlei,law firm
wahres,true
zufolge,according to
come,come
hebt,lifts
anschlag,stop
timing,timing
kid,kid
tucker,tucker
befehlen,command
etage,floor
dazwischen,in between
jules,Jules
heisst,is called
objekt,object
bedaure,I regret
wobei,where
kokain,cocaine
strategie,strategy
freundes,friend
wolken,clouds
gräfin,countess
bruno,Bruno
getreten,kicked
cal,cal
pardon,pardon
genosse,enjoyed
ungut,bad
verteilen,distribute
fuchs,fox
day,day
organisiert,organized
bla,bla
up,up
world,world
east,east
löcher,holes
aktiv,active
hunter,hunter
werfe,throw
beantwortet,answered
meist,most
reis,rice
hierhin,here
scotch,Scotch
überfahren,run over
logisch,logical
heather,heather
französische,French
bekannte,acquaintance
episode,episode
engagiert,committed
manipuliert,manipulated
zellen,cells
are,are
blake,Blake
dienste,services
sodass,so that
volkes,people
golf,golf
janet,Janet
schmeißen,throw
grand,grand
zurückgekehrt,returned
eröffnet,opened
summt,hums
unterrichten,teach
verschaffen,provide
verlobte,engaged
erfahrungen,experiences
shit,shit
persönlichkeit,personality
gina,Gina
streichen,cancel
offenen,open
weisheit,wisdom
vergeht,passes
beruhig,calm down
zielen,aim
fans,fans
wüsstest,would you know
ashley,Ashley
schuldet,owes
erhöhen,increase
schönsten,most beautiful
momente,moments
adrian,Adrian
kameraden,comrades
eingebrochen,burgled
amüsiert,amused
erwähnte,mentioned
mitch,mitch
premierminister,prime minister
geringste,least
übernachten,stay overnight
infiziert,infected
goa,goa
dinner,dinner
rieche,smell
kredit,credit
allison,Allison
lake,lake
legal,legal
merke,note
jubel,cheers
klänge,sounds
größeren,larger
bewacht,guarded
vietnam,Vietnam
lehren,teach
chandler,Chandler
präsentieren,present
nacken,neck
auflegen,hang up
vergangen,past
fangt,catch
hühner,chickens
hector,Hector
teal,teal
sprengen,blow up
einsperren,lock up
turner,Turner
zusammenhang,connection
wahrer,true
joan,Joan
marco,Marco
breit,broad
pfeife,pipe
treibst,are you driving
rannte,ran
beschuldigt,accused
set,set
verlegt,moved
überraschungen,surprises
orleans,Orleans
douglas,Douglas
tauchen,dive
verdanken,owe
nadel,needle
psst,shh
gelacht,laughter
apfel,apple
behilflich,helpful
dreckskerl,scumbag
mitgefühl,compassion
wichtigsten,most important
krieges,war
wehe,woe
hope,hope
heirat,marriage
exakt,exactly
widerstehen,resist
höchst,maximum
zurückgelassen,left behind
gespürt,felt
methoden,methods
interessantes,interesting
sau,sow
notaufnahme,emergency room
verwandten,related
jeffrey,Jeffrey
trinkgeld,tip
ermitteln,determine
riechst,smell
beach,beach
sorte,variety
kartoffeln,potatoes
bo,bo
elefanten,elephants
sichere,safe
sämtliche,all
gekündigt,quit
vereinbarung,agreement
harmlos,harmless
weiber,women
this,this
dicken,thick
rauskommt,comes out
old,old
angestellten,employees
datum,date
bezug,relation
kerzen,candles
lawrence,Lawrence
marsch,march
benötigt,needed
ermittlung,determination
lagen,lay
unbekannt,unknown
gefressen,eaten
brett,board
manieren,manners
han,han
enthält,contains
anfing,began
kümmerst,take care of
berühmte,famous
schwieriger,more difficult
piloten,pilots
scherze,jokes
anfängt,begins
läufst,are you running
bekannten,known
rasen,race
empfehlen,recommend
härter,harder
geweckt,woken up
befördert,promoted
reiter,equestrian
empfinden,feel
j,j
bereite,prepare
täte,would
benutzte,used
halloween,Halloween
abgesagt,cancelled
down,down
quasi,quasi
kocht,cooks
reingekommen,came in
hupen,honking
hinunter,down
vorüber,over
ausdrücken,to express
reese,reese
elliot,Elliot
perfekten,perfect
folgte,followed
rebellen,rebels
di,di
hauptsächlich,primarily
schuppen,scales
braver,brave
neill,Neil
zwanzig,twenty
berichtet,reported
einrichtung,furnishings
November,November
sensoren,sensors
korrigiert,corrected
houston,Houston
richie,richie
verdächtig,suspicious
legst,lay
aufgebracht,agitated
alternative,alternative
experte,expert
ferne,distance
prinzip,principle
holte,got
richte,correct
donald,Donald
weisen,show
ozean,ocean
gelungen,succeeded
natalie,Natalie
esther,Esther
abschaum,scum
stevie,Stevie
überwacht,monitored
schwierige,difficult
ausgedrückt,expressed
hastings,Hastings
notruf,emergency call
riss,tear
bremsen,brakes
häufig,frequently
aktivieren,activate
lloyd,Lloyd
anstrengend,stressful
antwortet,answers
ais,ais
verschwörung,conspiracy
kellner,waiter
startet,starts
franklin,Franklin
andermal,another time
humphrey,Humphrey
evan,Evan
lkw,truck
erhält,receives
schmeißt,throws
fürst,prince
carson,Carson
perry,Perry
küsse,kisses
gebet,prayer
miranda,Miranda
melancholische,melancholic
räume,rooms
riskiert,risk
verhindert,prevented
ausrede,excuse
darling,darling
tüte,bag
manhattan,Manhattan
operiert,operated on
unfassbar,unbelievable
herrin,mistress
hergestellt,manufactured
lila,purple
gerichtet,directed
fordern,demand
fischen,fishing
kriminelle,criminal
jenem,that
verschafft,provides
dezember,December
anspruch,claim
räuspert,clears throat
sid,sid
unsichtbar,invisible
keith,Keith
seth,seth
ersetzt,replaces
ruby,ruby
handtuch,hand towel
yang,yang
dale,dale
blödes,stupid
doof,dumb
wertvoll,valuable
kardinal,cardinal
jefferson,Jefferson
kommunikation,communication
operieren,operate
problemen,problems
aliens,aliens
cameron,Cameron
erik,Erik
erkannte,recognized
river,river
loszuwerden,to get rid
unnötig,unnecessary
begleite,accompany
analyse,analysis
hochzeitstag,wedding anniversary
melodie,melody
wehren,defend yourself
pablo,Pablo
romantische,romantic
zurückrufen,call back
rente,pension
zeremonie,ceremony
platte,plate
now,now
ersatz,substitute
mütze,cap
veränderungen,changes
zeugin,witness
rührt,stirs
versichert,insured
teilt,shares
russisch,Russian
wundervolle,wonderful
willy,willy
wiederhören,hear from you again
passagiere,passengers
diebe,thieves
guckst,look
fließt,flows
elend,misery
andauernd,continuously
nicky,nicky
ungeheuer,monster
fit,fit
zeitverschwendung,waste of time
ansicht,opinion
gefährliche,dangerous
bell,bell
vierte,fourth
verbrachte,spent
zentimeter,centimeter
trete,step
politische,political
interessen,interests
anlage,attachment
anderson,Anderson
autounfall,car accident
gefangener,prisoner
aufstand,uprising
schafe,sheep
absolute,absolute
kontakte,contacts
trip,trip
notizen,notes
ausgegeben,issued
versorgt,provided
gnaden,grace
piraten,pirates
eli,Eli
stuart,Stuart
sowohl,as well as
muskeln,muscles
unwahrscheinlich,unlikely
steak,steak
japaner,Japanese
spritze,injection
there,there
fesseln,tie up
umarmen,embrace
loser,looser
begleitet,accompanied
früheren,previous
ally,ally
wacht,wakes
morden,murder
eingefallen,came to mind
fox,fox
schneide,cut
weiten,wide
times,times
musiker,musician
reichweite,reach
hood,hood
maya,Maya
handys,mobile phones
öffentlichen,public
beleidigen,insult
russischen,Russian
gabriel,Gabriel
glenn,Glenn
erschien,appeared
romeo,Romeo
wünsch,wish
schach,chess
explodieren,explode
kater,hangover
wundern,wonder
französischen,French
thompson,Thompson
habs,I got it
beeinflussen,influence
heult,howls
hinfahren,go there
bedingung,condition
empfinde,feel
top,top
gemocht,liked
heran,approach
stella,Stella
ärgern,annoy
klingst,sound
konkurrenz,competition
erfordert,requires
mädchens,girl
unsicher,unsure
festung,fortress
runden,round
detektiv,detective
pastor,pastor
kratzer,scratch
junges,young
melissa,Melissa
gruselig,creepy
flugzeuge,airplanes
durchgeführt,carried out
intelligenz,intelligence
stieg,rose
zugestimmt,agreed
mutti,mom
genieße,enjoy
schützt,protects
rückzug,retreat
konzentriert,concentrated
schäme,shame
reserviert,reserved
goldenen,golden
bude,booth
metall,metal
kane,Kane
jacques,Jacques
nüchtern,sober
absichten,intentions
south,south
handschuhe,gloves
erschießt,shoots
arrangiert,arranged
verwundet,wounded
debbie,Debbie
bates,bates
anfühlt,feels
drückt,presses
absagen,cancel
behalt,retain
einiger,some
russische,Russian
beeindrucken,impress
düstere,gloomy
geschäftlich,business
egoistisch,egotistical
mario,Mario
rocky,rocky
ranch,ranch
pat,pat
gerücht,rumor
jen,jen
temperatur,temperature
weggenommen,taken away
tickets,tickets
li,li
ablenken,distract
verletzung,injury
anwesend,present
umlegen,to move
einfachen,simple
gehorchen,obey
gemalt,painted
duncan,Duncan
räuber,robber
adler,eagle
süßigkeiten,sweets
lunge,lung
zurückziehen,withdraw
wyatt,wyatt
sonnenuntergang,sunset
oper,opera
agentur,agency
kühe,cows
aufräumen,clean up
krach,noise
sharon,Sharon
ablehnen,refuse
graham,Graham
pfeil,arrow
unbekannte,unknown
aussprechen,express
route,route
emotional,emotionally
belästigen,harass
kälte,cold
sektor,sector
blockiert,blocked
öffentliche,public
schweden,Sweden
gates,gates
häuptling,chief
märz,March
nummern,numbers
dar,that
irrst,You're wrong
leite,lead
frosch,frog
vorübergehend,temporary
büchern,books
mick,Mick
miese,lousy
anfangs,initially
verwandt,related
gefährdet,endanger
cola,cola
falscher,counterfeiter
kara,Kara
verängstigt,frightened
quellen,sources
republik,republic
f,f
us,us
silber,silver
aß,ate
umschlag,envelope
freust,rejoices
hinsicht,with regard to
ereignis,event
beschissene,shitty
vergraben,buried
gebunden,bound
marion,Marion
ente,duck
gläser,glasses
kommentar,comment
doppelte,double
boris,Boris
sanfte,litter
gibbs,gibbs
lola,lola
buck,buck
zivilisation,civilization
tiefen,deep
reicher,richer
verhaftung,arrest
meldung,report
bohnen,beans
pfeifen,whistle
hall,hall
leon,Leon
raketen,rockets
gutem,good
versetzen,move
ziege,goat
löwe,lion
cat,cat
central,central
tötest,kill
pierce,pierce
privatsphäre,privacy
j.,j.
büßen,atone
kalten,cold
eid,oath
burschen,boys
zweit,second
unterscheiden,differentiate
gerechnet,calculated
telegramm,telegram
sprecht,speak
babysitter,baby-sitter
pfad,path
getanzt,danced
mafia,mafia
verteidigt,defended
abschalten,switch off
wellen,waves
besoffen,drunk
diensten,services
abschließen,complete
angehalten,stopped
doyle,Doyle
assistent,assistant
ketten,chains
reist,travels
merkst,do you notice
bot,bot
gwen,Gwen
inwiefern,to what extent
pille,pill
bock,desire
korb,basket
herrschaften,gentlemen
en,en
bedauern,regret
angefasst,touched
heißer,hotter
aufrichtig,sincerely
conrad,Conrad
versorgen,take care of
sperren,lock out
naiv,naive
mauern,walls
hugo,Hugo
erweisen,prove
zurücklassen,left behind
samurai,samurai
hoffnungen,hopes
feststellen,notice
finch,finch
mandanten,clients
quartier,quarter
philippe,philippe
neidisch,envious
alicia,Alicia
chips,chips
zugelassen,approved
weibliche,female
schlauer,smarter
vorwürfe,accusations
aushalten,endure
einschlafen,fall asleep
transport,transport
laptop,laptop
arrangieren,arrange
städte,cities
vorzustellen,to introduce
unterm,under
flash,flash
u-bahn,subway
status,status
bond,bond
stephanie,Stephanie
zweifellos,undoubtedly
rückwärts,backward
chffff00,chffff00
skandal,scandal
angebracht,appropriate
pressen,press
tschuldigung,Sorry
papierkram,paperwork
trat,stepped
gemeinschaft,community
instinkt,instinct
flitterwochen,honeymoon
narbe,scar
kombination,combination
vorgesetzten,superiors
ausprobieren,try
solcher,such
sexuelle,sexual
geliebter,beloved
julien,Julien
lauren,Lauren
ignoriert,ignored
leslie,Leslie
zogen,pulled
zahnarzt,dentist
gelitten,suffered
zutritt,access
vergewaltigung,rape
drehe,turn
ertrage,endure
andern,change
streich,strike
kichert,giggles
sternenflotte,Starfleet
kreaturen,creatures
reif,ripe
übermorgen,the day after tomorrow
dicker,thicker
got,got
nest,nest
but,but
angerichtet,prepared
verklagen,sue
helm,helmet
bingo,bingo
vergleichen,compare
schweiz,Switzerland
bemerken,notice
herbst,autumn
meredith,Meredith
zurückholen,retrieve
nazis,Nazis
stamm,tribe
auswahl,selection
braves,brave
sichergehen,play it safe
antreten,compete
lester,Lester
vorstand,board
sdi,sdi
robbie,Robbie
organisieren,organize
tank,tank
let,let
besprechung,meeting
studium,studies
gossip,gossip
kreditkarte,credit card
schwuchtel,faggot
profil,profile
donner,thunder
drake,drake
schrecken,fright
stall,stall
saßen,sat
quitt,quit
hotels,hotels
respektiere,respect
kandidaten,candidates
schulen,schools
crane,crane
geschäftsmann,businessman
arnold,Arnold
läutet,rings
lachst,laugh
champion,champion
unverständlich,incomprehensible
ermorden,murder
betracht,consider
schadet,harms
fester,firmer
aah,aah
rühren,stir
geregelt,regulated
unterbrochen,interrupted
angesicht,in the face of
kriminellen,criminal
when,when
helena,Helena
einzelheiten,details
anlügen,lie
beschütze,protect
stattfinden,take place
dads,dads
fortschritt,progress
gelingt,succeed
feierabend,quitting time
feste,fixed
burger,citizens
spannend,exciting
deputy,deputy
einnehmen,take
schalte,switch
passwort,password
würstchen,sausages
mittlerweile,in the meantime
aufzugeben,to give up
führst,lead
harper,Harper
zivilisten,civilians
ewige,eternal
emotionen,emotions
beurteilen,judge
käufer,buyer
stars,stars
erwachsenen,adult
division,division
aufzunehmen,to record
booth,booth
werft,shipyard
ältere,older
banken,banks
kätzchen,kitten
option,option
heiratest,marry
rettete,saved
aufstellen,set up
husten,cough
schublade,drawer
gestürzt,fallen
seattle,Seattle
ankommt,arrives
befragt,interviewed
buchstaben,letters
spielten,played
gestiegen,increased
abgefahren,crazy
gewaschen,washed
anzunehmen,to assume
rob,rob
anzahl,number
zombies,zombies
have,have
anhänger,trailer
gewisser,certain
vorkommen,happen
festnehmen,arrest
willow,willow
medizinischen,medical
kern,core
offene,open
gefeiert,celebrated
anschließen,connect
rico,Rico
clarke,Clarke
erfindung,invention
besserer,better
autopsie,autopsy
rucksack,backpack
zwingt,forces
gnädige,gracious
einsamkeit,loneliness
gesprungen,jumped
t-shirt,t-shirt
geopfert,sacrificed
lena,Lena
beiseite,aside
umgekehrt,vice versa
geschworenen,jury
draussen,outside
ausgesprochen,pronounced
beseitigen,eliminate
burg,castle
ausführen,carry out
gesperrt,blocked
carla,Carla
irrer,crazy
drehte,turned
ersparen,save
force,force
frech,cheeky
einziehen,move in
kira,Kira
hot,hot
genehmigung,permit
tankstelle,gas station
versteckte,hidden
interessanter,interesting
schneider,tailor
gelb,yellow
et,et
gefährden,endanger
handtasche,handbag
urteilen,judge
erhöht,increased
preise,prices
bumm,boom
unbekannten,unknown
gelten,apply
life,life
butler,butler
möglichst,if possible
münze,coin
singe,sing
saison,season
andrea,Andrea
partnerin,partner
haltung,attitude
vollidiot,complete idiot
fasst,summarizes
winston,Winston
minus,minus
pflichten,duties
spar,save
demselben,the same
ruhestand,retirement
versteckst,hide
kai,Kai
bewachen,guard
oz,oz
vera,Vera
anhörung,hearing
lieder,songs
miguel,Miguel
dreckig,dirty
verbreiten,spread
wei,white
sch,sch
carmen,Carmen
first,first
schenke,give
wölfe,wolves
erholen,recover
bedenkt,consider the following:
blutet,bleeds
freddie,Freddie
beschweren,complain
schmeiß,throw
gauner,rogue
verursachen,cause
elvis,Elvis
produkt,product
cathy,Cathy
tafel,table
kacke,shit
versammelt,gathered
sandra,Sandra
regelmäßig,regularly
geschrei,shouting
ruder,rudder
allah,Allah
vollen,full
aktivitäten,activities
wohnte,lived
kaninchen,rabbit
systeme,systems
orange,orange
platten,plates
rex,rex
y,y
geliehen,borrowed
befolgen,follow
belästigt,harassed
hongkong,Hong Kong
zombie,zombie
vorgeht,proceeds
heißes,hot
überprüfe,check
veröffentlicht,published
erschieß,shoot
mahlzeit,have a good meal
offizielle,official
yorker,Yorker
angie,Angie
aufbrechen,break open
überlasse,leave
get,get
kenntnis,knowledge
beschissenen,shitty
trevor,Trevor
verbindet,connects
sanitäter,paramedic
überraschend,surprisingly
geantwortet,replied
droht,threatens
italienisch,Italian
verhör,interrogation
größeres,larger
klagen,complain
dichter,poet
großartiger,great
gratis,free
fürchtet,fears
abzuholen,to pick up
gefühlen,feelings
beschäftigen,occupy
unglaubliche,incredible
selbe,same
barnes,barnes
spürt,feels
funkgerät,radio
abgegeben,submitted
laurel,laurel
angemessen,appropriate
ohnehin,anyway
chinesisch,Chinese
orden,order
angeheuert,hired
wählt,selects
lustige,funny
abhängen,depend
vierten,fourth
tanner,tanner
schläge,blows
zögern,hesitate
bezeichnen,design
seltsames,strange
beruflich,professionally
un,U.N
bedeckt,covered
anzufangen,to begin
geraucht,smoked
töteten,killed
begeben,go
verständlich,understandable
pop,pop
merkte,noticed
infektion,infection
kitty,kitty
entspricht,corresponds
winkel,angle
experten,experts
betten,beds
boxen,boxing
torte,cake
austausch,exchange
aufregen,excite
vermuten,assume
geheimdienst,intelligence
schlangen,snakes
erholt,recovered
zach,zach
überzeugend,convincing
prue,prue
genick,neck
wuchs,growth
autorität,authority
schinken,ham
wien,Vienna
langes,long
sookie,Sookie
zoey,Zoey
fetten,fat
hai,hai
binden,bind
erpressung,blackmail
derzeit,currently
getäuscht,deceived
buddy,buddy
keines,none
sammlung,collection
anruft,calls
tauchte,emerged
weist,points
ergreifen,seize
frohes,happy
hänge,hang
bewohner,residents
entschied,decided
supermarkt,supermarket
offiziere,officers
verwandte,related
schwachkopf,moron
antoine,antoine
irak,Iraq
rangehen,approach
naomi,Naomi
kündigen,quit
geldes,money
dealer,dealer
könige,kings
army,army
januar,January
agnes,Agnes
priorität,priority
beförderung,promotion
kranke,sick
eifersucht,jealousy
way,way
heutige,today
sprang,jump
kürze,short
polen,Poland
erbärmlich,pathetic
erfasst,recorded
besonderer,special
good,good
geräte,devices
tanze,dance
königliche,royal
durchmachen,go through
dallas,Dallas
verschwendet,wasted
kennedy,kennedy
uld,uld
alec,alec
akzeptiere,accept
ausgeschaltet,off
ufer,riverbank
risiken,risks
schrie,screamed
beeinflusst,influenced
hal,hal
aussiehst,look
ausgebildet,trained
bezirk,district
herrje,oh dear
beauftragt,commissioned
geschützt,protected
abgeschnitten,cut off
qualität,quality
henker,hangman
ausgezogen,moved out
versichern,assure
gewinnst,win
navy,navy
schmidt,Schmidt
beschloss,decided
batman,Batman
sun,sun
kapierst,do you understand
scheibe,disc
veronica,Veronica
rosie,Rosie
pedro,Pedro
konferenz,conference
länder,countries
flecken,stains
fur,for
neal,neal
sonnenaufgang,sunrise
reed,reed
braun,brown
diagnose,diagnosis
paranoid,paranoid
weltraum,space
adams,Adams
vorbild,example
halle,hall
wandern,hike
fisher,fisher
frost,frost
gehandelt,traded
hawaii,Hawaii
kabine,cabin
chefin,boss
porter,porter
römer,Romans
weinst,cry
bäumen,trees
simpson,simpson
datenbank,database
suchten,searched
gesegnet,blessed
teilnehmen,participate
umbringt,kills
claude,Claude
blonde,blonde
bunker,bunker
mieser,lousy
löffel,spoon
geteilt,divided
klaren,clear up
bree,bree
abhängig,dependent
überlebenden,surviving
worf,worf
geeignet,suitable
hindern,prevent
fahrstuhl,elevator
ausgeht,exits
mylady,my lady
flagge,flag
komplette,complete
hing,hinge
italiener,Italian
disziplin,discipline
erzogen,raised
harvard,Harvard
kongress,congress
eingezogen,moved in
kurzer,short
schirm,screen
merlin,Merlin
charme,charm
vorlesen,read aloud
gefährlicher,dangerous
mitfahren,ride along
maurice,Maurice
anzeigen,show
d.,d.
schieb,push
empfindlich,sensitive
parken,park
koche,cook
gestrichen,cancelled
berühmten,famous
manchen,some
klopf,knock
zorro,Zorro
reichlich,plenty
lügnerin,liar
mode,fashion
songs,songs
breche,break
ausgeraubt,robbed
hahn,faucet
wußte,knew
krachen,crash
spürte,felt
versammlung,assembly
folter,torture
speck,bacon
bedrohliche,threatening
piept,beeps
verbreitet,spread
nolan,nolan
tore,tore
t.,t.
vorräte,supplies
saal,room
wirtschaft,business
fremd,foreign
mehrmals,several times
generationen,generations
coole,cool
kaufst,buy
abbrechen,cancel
seife,soap
herde,herd
zwerg,dwarf
brandon,Brandon
z.b.,e.g.
neffen,nephews
festgehalten,Recorded
ablenkung,diversion
totale,total
herrscher,ruler
überstehen,survive
sprengstoff,explosive
mikey,Mikey
erdbeben,earthquake
level,level
australien,Australia
figuren,figures
älteren,older
lynn,Lynn
po,po
theo,theo
spinnt,crazy
gleichgewicht,balance
schalter,switch
kumpels,buddies
zuneigung,affection
rollstuhl,wheelchair
bienen,bees
mischen,mix
hauptstadt,capital city
koks,coke
piepen,beep
langem,long
umsehen,look around
gelegen,located
em,em
banditen,bandits
hasste,hated
getestet,tested
camille,Camille
brody,brody
dosis,dose
glaubten,believed
somit,thus
ernähren,feed
hacken,chop
kammer,chamber
lenny,Lenny
roll,roll
bezaubernd,enchanting
wiederholt,repeated
zueinander,to each other
tattoo,tattoo
melanie,Melanie
einschließlich,including
randall,Randall
finsternis,darkness
wallace,Wallace
betrachte,consider
schmerzt,hurts
gelehrt,taught
gewechselt,changed
menschliches,human
redete,spoke
frühen,early
voyager,voyager
caleb,Caleb
entdeckte,discovered
wirkte,seemed
versprichst,promise
scheine,seem
transporter,transporter
n.,n.
moderne,modern
elijah,Elijah
wilder,wild
abgelenkt,distracted
abzug,deduction
north,north
becher,mug
sicherstellen,ensure
e.,e.
anweisung,instruction
klettern,climb
fingern,fingers
geste,gesture
spürst,do you feel
privatleben,private life
zusammenarbeit,cooperation
hinauf,up
si,si
tokio,Tokyo
sicherheitsdienst,security service
kaugummi,chewing gum
weltkrieg,World War
huren,whores
foster,foster
gemeinsamen,common
garantieren,guarantee
wells,wells
ln,ln
antonio,Antonio
kommunizieren,communicate
cm,cm
marc,Marc
blieben,remained
technisch,technically
frühstücken,breakfast
ve,ve
khan,khan
billiger,cheaper
elaine,Elaine
standort,location
wagt,dares
leugnen,deny
beißt,bites
landung,landing
ernste,serious
schockiert,shocked
esst,eat
begleitung,accompaniment
allianz,alliance
vermutet,suspected
echo,echo
herstellen,produce
lars,Lars
lokal,local
sklave,slave
honig,honey
videos,videos
verkehrt,wrong
göttin,goddess
segeln,sailing
bewahrt,preserved
cass,Cass
hinterließ,left
ganzer,whole
cody,cody
doris,Doris
verurteilen,condemn
höchsten,highest
februar,February
privaten,private
burke,burke
v,v
begegnung,encounter
steige,rise
feuerwehr,fire department
apollo,Apollo
beginne,begin
ähnliches,similar
stevens,Stevens
grauen,gray
wärter,guard
gewann,won
vertreter,representative
starker,strong
liebend,loving
marge,margin
schoß,lap
serviert,served
heilig,holy
bißchen,a little
security,security
genaue,precise
wally,wally
gewaltig,enormous
knoten,node
begriffen,understood
klarstellen,clarify
chwhite,chwhite
hinrichtung,execution
überwinden,overcome
ablegen,take off
einfällt,comes to mind
wundert,wonders
stimmte,agreed
drohen,threaten
madison,Madison
entgehen,escape
stundenlang,for hours
hausmeister,building superintendent
helikopter,helicopter
beverly,Beverly
puppen,dolls
aussah,looked
night,night
beobachte,observe
check,check
juwelen,jewels
bogen,bow
duft,fragrance
ankam,arrived
respektiert,respected
non,no
schein,appearance
gewehre,rifles
kellnerin,waitress
vertraulich,confidential
insgesamt,in total
ächzen,groan
untersuchungen,investigations
fliegst,are you flying
platt,flat
aufrecht,upright
geprüft,checked
hammond,Hammond
bedient,operate
mangel,shortage
hoher,higher
knien,kneel
hobby,hobby
ling,ling
ivan,Ivan
nachtisch,dessert
kollegin,colleague
edwards,Edwards
alptraum,nightmare
regina,Regina
ausgesehen,looked
reichtum,wealth
überaus,extremely
eisen,iron
beamen,beaming
haftbefehl,arrest warrant
verletzte,injured
buchstäblich,literally
größter,largest
sylvia,Sylvia
flieg,fly
dreckige,dirty
erfinden,invent
ernte,harvest
kamin,chimney
scotty,Scotty
weste,vest
sahst,saw
kennzeichen,mark
grayson,grayson
kronen,crown
wage,wage
z,z
siegen,win
verlobten,engaged
edgar,Edgar
afghanistan,Afghanistan
würdig,worthy
aufwacht,wakes up
gratulieren,congratulate
schwager,brother-in-law
violet,violet
infos,info
föderation,federation
dose,can
wärme,warmth
erschienen,appeared
magazin,magazine
klemme,clamp
schenkt,gives
min,min
wars,was
verstoßen,violate
nicholas,Nicholas
georgia,Georgia
kräftig,strong
herzens,heart
mel,mel
nachbarin,neighbor
igitt,yuck
formel,formula
bro,bro
hervor,out
wohnwagen,caravan
wegwerfen,throw away
spinne,spider
tumor,tumor
bezahlung,pay
päckchen,parcel
grob,rough
nagel,nail
donovan,donovan
starren,staring
vertreiben,drive out
wirkst,you seem
traust,do you dare
heiratete,married
take,take
neuesten,latest
e-mails,e-mails
gitter,grid
blocks,blocks
erobern,conquer
gin,gin
spinnen,spiders
gestalt,shape
liter,liter
patty,patty
drew,drew
illusion,illusion
plaudern,chat
schneidet,cuts
welle,wave
samuel,Samuel
haft,liability
seltsamen,strange
spannung,tension
knallt,bangs
zurückzukehren,to return
bestimmung,determination
tresor,safe
amber,amber
verfluchten,cursed
fischer,fisherman
verluste,losses
lehre,teach
jenna,Jenna
revolver,revolver
schrott,scrap
verbringt,spends
state,state
wähle,choose
films,films
vorhang,curtain
mitspielen,participate
erregt,excited
arbeiteten,worked
aufgelöst,resolved
überlass,leave
trag,wear
überein,agree
unterrichtet,taught
ungewöhnliches,unusual
eve,Eve
lagerhaus,warehouse
raub,robbery
visionen,visions
firmen,companies
liv,life
verhandlungen,negotiations
fickt,fucks
verdorben,spoiled
produktion,production
füreinander,for each other
krankheiten,diseases
reggie,Reggie
jeanne,Jeanne
schräg,slant
belle,belle
bluten,bleed
meinten,meant
beamten,civil servants
h.,h.
bereden,discuss
claudia,Claudia
einmischen,interfere
ärsche,asses
futter,feed
verknallt,in love
muschi,pussy
beschuldigen,accuse
aktien,shares
harrison,Harrison
scheißer,shit
sexuell,sexually
kinderspiel,children's game
torres,Torres
magische,magical
dummheit,stupidity
gezahlt,paid
bewegungen,movements
karre,cart
abziehen,deduct
bedarf,requirement
üblichen,usual
umgelegt,turned over
inhalt,contents
dankbarkeit,gratitude
peng,bang
herkommt,comes from here
geehrt,honored
träumte,dreamed
make-up,make up
verhört,interrogated
messe,fair
anwesen,estate
deutscher,German
saubere,clean
gebete,prayers
pommes,fries
toni,toni
lande,land
ruht,rests
anerkennung,recognition
wunderbaren,wonderful
galaxie,galaxy
vermutung,supposition
inklusive,including
überwachung,surveillance
unabhängig,independent
brien,brien
fernhalten,Keep away
statue,statue
bestätigung,confirmation
dawn,dawn
finale,final
verzweiflung,despair
gewährt,granted
deprimiert,depressed
erteilen,grant
colin,Colin
rahmen,frame
durchgedreht,went crazy
erteilt,granted
fotze,cunt
fehlte,missing
verlorene,lost
kanonen,cannons
kansas,Kansas
klub,club
britischen,British
aufzubauen,to build
jubeln,cheer
ausgelöscht,wiped out
marianne,Marianne
stu,stu
servieren,serve
weltweit,worldwide
fotografieren,photograph
niederlage,defeat
zehen,toes
schwächen,weaken
sternen,stars
sheila,Sheila
bemühen,make an effort
logik,logic
stillen,breastfeeding
bellows,bellows
todesursache,cause of death
beschaffen,procure
abgezogen,deducted
klassische,classic
außergewöhnlich,unusual
gruppen,groups
schwarzes,black
durchhalten,persevere
lm,lm
weitergeht,continues
kooperieren,cooperate
mächtigen,powerful
greif,gripping
mehreren,several
verschwindest,disappear
forderungen,demands
anfall,seizure
klare,clear
teresa,Teresa
wunderschönen,beautiful
bestehe,exists
verkaufte,sold
aufeinander,each other
garcia,Garcia
hässliche,ugly
großem,large
mitbekommen,overheard
gate,gate
saul,Saul
ingenieur,engineer
campbell,Campbell
andenken,souvenir
eintreten,enter
kämpfte,fought
zustimmung,approval
besagt,says
roter,red
flamme,flame
aufzuhören,to stop
dokument,document
bishop,bishop
schuhen,shoes
timmy,Timmy
simone,Simone
federn,feathers
paps,pope
auswendig,by rote
bundy,bundy
spezielle,special
experimente,experiments
szenen,scenes
gezählt,counted
pfannkuchen,pancake
hase,hare
highway,highway
aufenthalt,stay
bennett,Bennett
devon,devon
polly,polly
verstecke,hide
summen,hums
blutung,bleeding
more,more
heidi,Heidi
hilflos,helpless
staatsanwaltschaft,public prosecutor's office
ehrlichkeit,honesty
messen,measure
mächtige,powerful
stur,stubborn
ringe,rings
weiterleben,continue to live
aufspüren,track down
keks,biscuit
rückgängig,undo
fünfte,fifth
netflix,Netflix
mieten,rent
speziell,special
neugier,curiosity
nägel,nails
ausgefallen,failed
glen,Glen
yes,yes
verstorbenen,deceased
verkleidet,disguised
entdeckung,discovery
rauche,smoke
betteln,beg
blond,blond
cam,cam
gilbert,Gilbert
burt,burt
weggegangen,went away
nutze,use
gütiger,kind
abgebrochen,aborted
herkunft,origin
annahme,assumption
wirfst,throw
gestank,stink
hintertür,back door
truthahn,turkey
gefüllt,filled
bereithalten,have ready
vorhat,plans
eleanor,Eleanor
touristen,tourists
fordere,demand
tagsüber,during the day
feucht,moist
jeans,jeans
befragung,survey
abgelaufen,expired
picard,Picard
fu,fu
wunderbarer,wonderful
depp,idiot
hüte,hats
israel,Israel
ausschau,lookout
kreischt,screeches
bellen,bay
manipulieren,manipulate
studie,study
heinrich,Heinrich
knurren,growl
busch,bush
abwesenheit,absence
reitet,rides
komplizierter,complicated
traut,trust
bestellung,an order
tatsachen,facts
heiligkeit,holiness
back,back
jahrhunderts,century
verglichen,compared
sehnsucht,longing
überredet,persuaded
demokratie,democracy
ranger,ranger
empfehle,I recommend
schalt,switch
gevögelt,fucked
young,young
ra,ra
silver,silver
kräften,forces
rauszukommen,to get out
schäden,damage
aggressiv,aggressive
ausleihen,lend
bella,bella
schlucken,swallow
wesentlich,significant
ca.,approx.
satan,Satan
erben,inherit
police,police
horn,horn
lebende,living
schmutzige,dirty
eiskalt,ice cold
sirene,siren
birthday,birthday
ritual,ritual
ira,ira
pflanze,plant
stürzt,falls
reynolds,reynolds
investiert,invests
bernie,Bernie
marilyn,Marilyn
formen,shapes
freundchen,buddy
politischen,political
freigelassen,released
lionel,lionel
rausgeworfen,thrown out
verprügeln,beat up
bescheiden,modest
garderobe,wardrobe
streifen,stripes
rausgekommen,came out
jodi,jodi
voneinander,each other
wirt,host
kasten,crate
zeichnen,draw
backen,bake
scheitern,fail
francs,francs
jon,jon
salon,salon
medikament,drug
demnächst,soon
geboten,offered
spike,spike
auslösen,trigger
pferden,horses
lebensmittel,groceries
ruhiger,calmer
durchsuchungsbefehl,search warrant
allmählich,gradually
benommen,dazed
adieu,Adieu
fragten,asked
vortrag,lecture
amerikas,America's
sherry,sherry
och,och
oui,oui
erpressen,blackmail
flittchen,hussy
zähnen,teeth
u-boot,submarine
daniels,Daniels
endete,ended
ängstlich,fearful
she,she
as,as
durchbruch,breakthrough
dorothy,Dorothy
wiederhaben,regain
schrecklicher,terrible
model,model
besitze,own
sorg,care
sophia,sophia
sullivan,Sullivan
chor,choir
zuschlagen,strike
schere,scissors
kampagne,campaign
jax,jax
verrücktes,crazy
gestartet,started
reinigen,clean
stoppt,stops
lucky,lucky
quälen,torment
berufung,vocation
luis,Luis
knöchel,ankle
zeitplan,schedule
zerbrochen,broken
verfluchter,cursed
weichei,soft egg
jegliche,any
versuchung,temptation
shelby,shelby
beitrag,contribution
picknick,picnic
argument,argument
reiner,pure
flüstern,whisper
dummheiten,stupidity
meile,mile
hamburger,hamburger
kontaktiert,contacted
spione,spies
fähnrich,ensign
erinnerte,remembered
türklingel,doorbell
henri,Henri
dynamit,dynamite
organe,organs
fell,fur
sonnenschein,sunshine
archie,archie
lache,pool
elisabeth,Elisabeth
aufgelegt,laid up
bräutigam,groom
chinesische,Chinese
monats,month
shakespeare,Shakespeare
verrät,reveals
drunter,underneath
schottland,Scotland
drohung,threat
wa,wa
wende,turn
gefoltert,tortured
erwachsener,adult
einzigartig,unique
briten,British
profis,professionals
mon,mon
übertreiben,exaggerate
ressourcen,resources
bischof,bishop
nationale,national
ausstehen,stand
geschwister,siblings
mountain,mountain
zurücktreten,resign
avery,avery
roberts,Roberts
axt,ax
hugh,Hugh
händler,dealer
ägypten,Egypt
überdenken,reconsider
ludwig,Ludwig
fiona,Fiona
warme,warmth
joel,joel
konzentrier,concentrate
del,del
dampf,steam
missbraucht,abused
loyal,loyal
wurzeln,roots
aufhängen,hanging
wurm,worm
kathy,Kathy
kerze,candle
bereue,I regret
loslegen,get started
o.k.,OK.
fingen,started
besatzung,crew
dog,dog
klüger,smarter
zugestoßen,joined
befürchten,fear
folgende,following
schmerzhaft,painful
jody,jody
beschrieben,described
zittern,tremble
standpunkt,position
visier,visor
rang,rank
phoenix,Phoenix
wesley,Wesley
herausfindet,finds out
schaute,looked
theoretisch,theoretically
if,if
chan,chan
beutel,bag
drängen,urge
schlimmen,bad
klient,client
hängst,hang
veranda,veranda
pam,Pam
jüngste,youngest
strahlung,radiation
betrügt,cheats
unendlich,infinite
gedichte,poems
sven,Sven
irene,Irene
gereist,traveled
schiss,shit
benimmst,behave
schwangerschaft,pregnancy
subcentral,subcentral
kopien,copies
infrage,question
zweifeln,doubt
nonne,nun
müsse,must
juliette,Juliette
richtet,directs
lecken,lick
feuerwerk,fireworks
neueste,latest
geistes,spirit
verletzten,injure
abwechslung,variety
ausgeführt,executed
kleingeld,small change
evans,Evans
gelegentlich,occasionally
denise,Denise
braten,fry
angelegt,created
artie,artie
corporal,corporal
entsteht,arises
rogers,Rogers
herzschlag,heartbeat
glücklicherweise,fortunately
heilung,cure
cäsar,Caesar
angeklagten,accused
profit,profit
brüllen,roar
verschieden,different
münzen,coins
hinterlässt,leave
königlichen,royal
stadtrat,city ​​council
pressekonferenz,press conference
nich,not
geschaut,looked
zugegeben,admittedly
end,end
komisches,strange
regie,directing
merk,note
boote,boats
verbrennt,burns
allergisch,allergic
schweizer,Swiss
verdächtiger,suspicious
gasse,alley
tussi,chick
befürchtet,fears
reite,ride
außerirdische,aliens
ehemaliger,former
radar,radar
gestattet,permitted
gefecht,battle
angeschaut,looked at
gedient,served
pension,pension
strich,line
lippenstift,lipstick
stab,rod
außerirdischen,extraterrestrial
termine,appointments
maler,painter
verweigert,refused
boxer,boxer
vorteile,advantages
ausstellung,exhibition
tragisch,tragic
rasch,quickly
oberste,top
polizistin,policewoman
windeln,diapers
detroit,Detroit
arizona,Arizona
universums,universe
aufheben,lift
narben,scars
fleißig,diligent
freizeit,leisure time
elegant,elegant
dolch,dagger
sloan,sloan
eindringen,penetration
auszeit,time out
internationalen,international
fielen,fell
weggeworfen,thrown away
vergeuden,waste
blätter,leaves
blass,pale
konzept,concept
look,look
keineswegs,not at all
faden,thread
kleinste,smallest
geschrien,screamed
ertrunken,drowned
blase,bubble
treffpunkt,meeting point
schrift,writing
mathe,math
royal,royal
evelyn,Evelyn
britische,British
körperlich,physically
konzentration,concentration
schaltet,switches
draht,wire
at,at
älteste,oldest
höhere,higher
gerannt,ran
tower,tower
gedrückt,pressed
reinigung,cleaning
fordert,demands
ideale,ideal
stiehlt,steals
money,money
eiern,eggs
dritter,third
züge,trains
optionen,options
ge,ge
roland,Roland
ersticken,suffocate
farmer,farmer
batterie,battery
obst,fruit
badewanne,bathtub
manches,some
droge,drug
übertragung,transmission
enge,narrow
nickerchen,nap
juhu,hooray!
cora,Cora
lungen,lungs
öffnete,opened
abschneiden,cut
valentine,Valentine
hierbei,this
sorgst,you take care
phillip,Phillip
schaffte,managed
omar,Omar
anfänger,beginner
gen,gene
ungerecht,unfair
reue,regret
two,two
rhythmus,rhythm
kündige,resign
mitgehen,go with me
siegel,seal
moore,Moore
stechen,sting
baue,build
prostituierte,prostitute
heller,brighter
umgehend,immediately
hoffnungslos,hopeless
checken,check
drücke,press
wong,Wong
merkwürdige,strange
valley,valley
brandy,brandy
gelbe,yellow
nützen,use
venedig,Venice
gideon,Gideon
lernten,learned
benimmt,behaves
georg,georg
mächtiger,powerful
genutzt,used
verzieh,forgiven
schüssel,bowl
dreckigen,dirty
wiegt,weighs
kg,kg
abraham,Abraham
seltsamer,strange
hiervon,of this
beraten,advise
schienen,rails
wirkliche,real
träumt,dreams
versprech,promise
ideal,ideal
norma,norma
sire,sire
marschieren,march
mitbewohner,roommate
verlobung,engagement
mio.,million
funken,spark
gleichfalls,same to you
geringsten,least
empfange,receive
führten,led
ex-frau,ex-wife
gelben,yellow
lach,laugh
vereinbart,agreed
kimmy,Kimmy
prügel,beating
läuten,ring
anzugreifen,to attack
balkon,balcony
fran,fran
flüchten,escape
umkehren,reverse
ansieht,looks
rechtfertigen,justify
belügen,lie
verdächtigt,suspected
begannen,began
snow,snow
oskar,Oskar
englischen,English
inspiriert,inspired
murray,Murray
shirt,shirt
erlaube,allow
ertrinken,drowning
sorgfältig,carefully
spuck,spit
eingetroffen,arrived
chang,Chang
lynette,lynette
feine,fine
home,home
grosse,size
schickten,sent
überreste,remains
how,how
garantiere,guarantee
unerträglich,unbearable
vorerst,for now
yale,Yale
verirrt,lost
überstanden,survived
harriet,Harriet
liga,league
wertlos,worthless
marvin,Marvin
gottverdammt,goddammit
gesammelt,collected
kanntest,did you know
bezeichnet,designated
beantworte,answer
baltimore,Baltimore
shirley,Shirley
connie,Connie
netzwerk,network
moses,Moses
entstehen,arise
ingalls,ingalls
lauten,ring
fasziniert,Charmed
tv4user,tv4user
ehrliche,honest
akademie,academy
grünes,green
branche,industry
rudy,Rudy
soße,sauce
situationen,situations
entführer,hijacker
ewigen,eternal
erzeugt,generated
fünften,fifth
dtv,dtv
registriert,registered
basketball,basketball
abgesetzt,discontinued
irgendwelchen,any
vorsitzender,chairman
bedürfnisse,needs
suite,suite
mhm-hm,mhm-hm
regieren,govern
barkeeper,barkeeper
ausgemacht,agreed
fritz,Fritz
dateien,files
dixon,dixon
gegründet,founded
wolke,cloud
wall,wall
umgang,handling
schenk,gift
festen,firm
erziehung,education
agentin,agent
marines,marines
hasen,rabbits
institut,institute
mittleren,medium
hingerichtet,executed
lenken,steer
angewiesen,instructed
überlebende,surviving
bass,bass
pearl,pearl
lahm,lame
basiert,based
rasieren,shave
angeordnet,arranged
gewalttätig,violent
untergang,downfall
flach,flat
autogramm,autograph
schwule,gay
kompanie,company
casino,casino
solches,such
sackgasse,dead end
einbrecher,burglar
stehenbleiben,stop
erwartungen,expectations
flüssigkeit,liquid
erraten,guess
verkaufst,sell
vorsprung,projection
zahlst,you pay
verkäufer,salesperson
zukommen,to
abdrücke,prints
kurve,curve
kämpfst,fight
les,les
verziehen,forgiven
invasion,invasion
pissen,piss
klarer,clearer
herrschen,prevail
prince,prince
zylonen,Cylons
donnie,donnie
giles,Giles
outfit,outfit
prinzipien,principles
rühr,stir
entzückend,delightful
reinen,pure
drecksack,scumbag
frischen,fresh
corabeth,corabeth
höhepunkt,climax
elsa,Elsa
geduldig,patient
rio,Rio
pest,pest
wenigsten,at least
beschwert,complained
natürliche,natural
erzeugen,generate
fürchterlich,terrible
veröffentlichen,publish
tv4user.de,tv4user.de
wunderbares,wonderful
isaac,Isaac
unglücklicherweise,unfortunately
ratschläge,advice
erstickt,suffocated
vagina,vagina
scharfe,sharp
nutten,prostitutes
äpfel,apples
zoll,customs
region,region
zuliebe,for the sake of
riefen,called
wachmann,guard
gipfel,summit
geübt,practiced
d.j.,d.j.
jammer,sigh
lädt,loads
galerie,gallery
enkelin,granddaughter
mönch,monk
tinte,ink
journalist,journalist
glückspilz,lucky guy
platzen,burst
ego,ego
reinste,purest
news,news
aspirin,aspirin
right,right
andre,andre
früchte,fruit
bart.,beard.
gewähren,grant
prophezeiung,prophecy
winzig,tiny
light,light
tonnen,tons
lizenz,license
maßnahmen,measures
ermittelt,determined
stufen,steps
w,w
joy,joy
lüg,lie
who,who
student,student
absetzen,to
schwindel,dizziness
national,national
fanny,fanny
vorgeschlagen,proposed
arbeitslos,unemployed
borg,borg
getränke,drinks
ick,ick
joyce,joyce
änderte,changed
philadelphia,Philadelphia
pfoten,paws
ausländer,foreigner
häng,hang
clyde,Clyde
kalender,calendar
isabelle,Isabelle
hannibal,Hannibal
brüdern,brothers
überstunden,overtime
angehört,listened to
langweilen,bore
deutet,does not indicate
griffin,Griffin
friseur,barber
oberen,upper
fertigmachen,get ready
they,they
teure,expensive
silas,Silas
gedroht,threatened
ana,ana
ermordung,assassination
maura,maura
komischen,strange
bestimmtes,certain
diskret,discreet
kriechen,creep
weißes,white
luthor,Luther
hinüber,over
zauberei,sorcery
wünschst,do you wish
nadia,Nadia
biss,bite
komischer,weirder
hotelzimmer,hotel room
delta,delta
chinesischen,Chinese
beängstigend,frightening
hills,hills
quentin,Quentin
frequenz,frequency
vorhast,do you plan
tödliche,deadly
summer,summer
verband,association
gebucht,booked
investieren,invest
website,website
diät,diet
benimm,behavior
vergangenen,past
rodney,Rodney
verbringe,spend
zukünftige,future
kong,Kong
ehemalige,former
ch00ff00,ch00ff00
aufklären,explain
kämen,come
unauffällig,unobtrusive
gefälscht,fake
geier,vulture
anschuldigungen,accusations
sal,sal
restlichen,remaining
tomaten,tomatoes
gonna,Gonna
philosophie,philosophy
liebten,loved
programmiert,programmed
shawn,Shawn
festgestellt,noted
fällig,due
kneipe,bar
bezahlst,pay
beende,finish
fehlst,missing
vornehmen,do
sumpf,swamp
apotheke,pharmacy
internationale,international
liefert,delivers
wehen,blowing
bastarde,bastards
erstochen,stabbed
schiffes,ship
manuel,manual
nördlich,north
american,American
körpers,body
schal,scarf
anklagen,accuse
schlagt,strikes
entscheidest,decide
sammelt,collects
gegenzug,in return
vorzubereiten,to prepare
enttäuschung,disappointment
unterkunft,accommodation
freilassen,release
grau,gray
hunt,hunt
verlobter,fiancé
niere,kidney
kratzen,scratch
altar,altar
erstaunt,astonished
d.c.,d.c.
ausbruch,outbreak
tuch,cloth
fahne,banner
beleidigung,insult
bedeutete,meant
verhält,behaves
unheimliche,eerie
unsterblich,immortal
hohes,high
evakuieren,evacuate
produziert,produced
nachfolger,successor
blicke,views
vorschläge,suggestions
chauffeur,chauffeur
englische,English
ironie,irony
ausreichend,sufficient
hit,hit
anderthalb,one and a half
erlösung,salvation
käfer,beetle
küsschen,kisses
eugene,Eugene
auslöschen,extinguish
ihretwegen,because of her
limonade,lemonade
hedley,hedley
billige,cheap
tequila,tequila
schlachtfeld,battlefield
knight,knight
gemäß,according to
angreifer,attacker
hingegangen,went there
dns,DNS
zero,zero
liefen,ran
schale,peel
restaurants,restaurants
ausfindig,locate
mills,mills
angriffe,attacks
rotes,red
percy,Percy
modernen,modern
motto,motto
eintritt,entry
bh,bra
betroffen,affected
misstrauisch,suspicious
verwirrend,confusing
kapelle,chapel
starkes,strong
brick,brick
gebetet,prayed
einrichten,furnish
ausnutzen,exploit
kinn,chin
frisches,fresh
quatschen,chat
automatisch,automatically
chad,chad
körperverletzung,bodily harm
spritzen,injections
einwohner,resident
renn,run
pink,pink
chen,chen
gezeichnet,drawn
anständige,decent
steif,stiff
rekord,record
durchgeknallt,crazy
foltern,torture
erspart,saves
kuba,Cuba
bräuchten,needed
überdosis,overdose
armband,bracelet
bert,Bert
adoptiert,adopted
komplizen,accomplices
ehemaligen,former
department,department
einschalten,turn on
handschrift,handwriting
ältesten,oldest
assistenten,assistants
großartigen,great
männlich,masculine
übernimmst,you take over
übrigen,other
klaviermusik,piano music
ash,ash
viktor,Viktor
judith,Judith
gemietet,rented
mischung,mixture
luxus,luxury
schwung,momentum
vicky,Vicky
hochgehen,go up
wegtreten,step away
stargate,Stargate
carlo,Carlo
beherrscht,masters
grippe,flu
informanten,informants
mm-hmm,mm-hmm
hülle,covering
side,side
floh,flea
kit,kit
fitz,fitz
nudeln,noodles
schaf,sheep
uhrzeit,time
zigarre,cigar
tänzerin,dancer
einkaufszentrum,shopping center
vollmond,full moon
mexikaner,Mexican
piepst,beeps
gestoppt,stopped
gray,gray
eingerichtet,furnished
umarmung,hug
rohr,pipe
batterien,batteries
ella,ella
spende,donation
julius,Julius
mumm,courage
gans,goose
leuchten,shine
alien,alien
dom,cathedral
geriet,got
unterzeichnet,signed
operationen,operations
schütteln,shake
vermissten,missing
angespannt,tense
folgenden,the following
fantastische,fantastic
fies,nasty
warp,warp
heilt,heals
auswirkungen,effects
geschlecht,gender
buchhalter,accountant
drache,dragon
computerlogbuch,computer logbook
deuten,interpret
bildung,education
aufbewahrt,stored
persönlicher,personal
erpresst,blackmailed
sang,sang
hinbringen,take
amerikanischer,American
üble,nasty
einfaches,simple
angesetzt,scheduled
mmm,mmm
hudson,Hudson
josef,Josef
reagan,Reagan
volltreffer,Bullseye
jonah,jonah
totaler,total
robinson,Robinson
zustößt,happens
herrschaft,rule
verhören,interrogate
unverzüglich,immediately
christina,Christina
bemüht,engaged
aufgefunden,found
unfähig,unable
stellten,posed
mi,mi
ursprünglich,originally
distanz,distance
rufus,Rufus
verheimlichen,conceal
verstorben,deceased
göttern,gods
hunden,dogs
letztens,recently
jasper,Jasper
napoleon,Napoleon
joshua,Joshua
billigen,cheap
verschont,spared
rendezvous,rendezvous
empfehlung,recommendation
handgelenk,wrist
boten,offered
unterzeichnen,sign
belasten,burden
speziellen,special
literatur,literature
landete,landed
gelangt,reached
cooler,cooler
quer,across
satelliten,satellites
triff,meet
analysieren,analyze
zuhälter,pimp
zutiefst,deeply
geleitet,led
schlachten,slaughter
angestellte,employee
gestalten,design
köpfen,behead
stipendium,scholarship
illegale,illegal
vergiften,poison
here,here
feiert,celebrates
bewundern,admire
herbert,Herbert
furchtbaren,terrible
hüfte,hip
involviert,involved
wurf,throw
maschinenraum,engine room
inspiration,inspiration
ohio,Ohio
samen,seeds
hinterhalt,ambush
gewahrsam,custody
schweres,heavy
einatmen,inhale
zurückhalten,restrain
schlampen,sluts
parfüm,perfume
präsidentin,president
abe,ab
entlassung,dismissal
todesstrafe,capital punishment
ausgebrochen,escaped
wegfahren,drive away
sultan,sultan
hauch,breath
abstellen,turn off
pornos,porn
erklärte,explained
produzieren,produce
müller,Müller
gehängt,hung
weinte,cried
routine,routine
merci,thank you
nellie,nellie
xander,xander
schneid,cut
kluge,clever
heart,heart
ländern,countries
bevorzuge,prefer
ctu,ctu
umkreis,radius
beschwerden,complaints
teufels,devil's
brooke,brooke
genehmigt,approved
bildern,pictures
scheißen,shit
schenkte,gifted
erschlagen,slain
irland,Ireland
yard,yard
journalisten,journalists
fände,I would find
zurückkomme,come back
ärmel,sleeve
fließen,flow
arabisch,Arabic
verfolge,follow
juckt,itches
männliche,male
klingonen,Klingons
zerrissen,torn
tausch,exchange
schlaganfall,stroke
johannes,Johannes
popcorn,Popcorn
gärtner,gardener
bläst,blows
jet,jet
chester,Chester
garantie,guarantee
ändere,change
jessie,Jessie
anstand,decency
power,power
junkie,junkie
vati,dad
topf,pot
packe,pack
knöpfe,buttons
aussehe,look
verabschiedet,adopted
bedürfnis,need
nähen,sew
sprecher,speaker
chemie,chemistry
hinweisen,point
stumm,mute
zusammenhalten,stick together
geradezu,practically
mitzunehmen,to take with you
weite,wide
lori,lori
rippen,ribs
kühl,cool
dahinten,back there
techniker,technician
abel,abel
betet,prays
beachten,observe
baute,built
bonjour,bonjour
schecks,checks
ausgabe,output
boyd,boyd
vermasseln,mess up
nötige,necessary
südlich,south
gramm,gram
laken,sheets
bildet,forms
bewahre,preserve
leises,quiet
g.,G.
lastwagen,truck
kritik,criticism
stürzte,crashed
behält,retains
sofern,if
vermisste,missing
entsetzlich,horrible
francine,francine
ermittler,investigator
nikki,Nikki
aufgestanden,got up
fälschung,forgery
visiontext,visiontext
abschnitt,section
hausarrest,house arrest
sensibel,sensitive
album,album
lebewesen,living beings
lösegeld,ransom
verwechselt,confused
prügeln,beat up
regnen,rain
weichen,soft
point,point
pussy,pussy
anvertrauen,entrust
ollie,Ollie
kuppel,dome
verließen,left
jakob,Jakob
besuchte,visited
gewerkschaft,union
herhören,listen
vorbeigekommen,passed by
stärken,strengthen
hinzu,in
wrack,wreck
knarren,creak
treibstoff,fuel
signale,signals
nachkommen,progeny
hoppla,Oops
verborgen,hidden
belegt,proven
babylon,Babylon
waisenhaus,orphanage
brasilien,Brazil
bitteschön,please
wurmloch,wormhole
alters,age
deb,deb
fee,fairy
milton,Milton
quarantäne,quarantine
kommunisten,communists
stiftung,foundation
milo,milo
gestapo,Gestapo
verreisen,travel
halleluja,Hallelujah
süchtig,addicted
jammern,whine
hofft,hopes
wertvolle,valuable
maulwurf,mole
konflikt,conflict
turnier,tournament
gebacken,baked
rauszufinden,to find out
taube,dove
mais,corn
nüsse,nuts
trieb,drive
eigenschaften,characteristics
feder,feather
sänger,singer
elias,Elias
dessert,dessert
rathaus,city ​​hall
drohungen,threats
bewirken,effect
mörderin,murderess
u,u
edith,Edith
wanne,bathtub
durchkommen,get through
reid,reid
mandy,mandy
vertraute,familiar
schätzt,estimates
freuden,joys
dauer,duration
regt,stimulates
verbessert,improved
unerwartet,unexpectedly
drogendealer,drug dealer
gefährlichen,dangerous
fach,academic subject
verdanke,thanks
wohnungen,apartments
commissioner,commissioner
cross,cross
kragen,collar
schwachen,weaken
mercedes,Mercedes
klirren,clinking
valentinstag,Valentine's Day
anstelle,instead
plane,plan
reizende,charming
höheren,higher
markiert,marked
ehrenwort,Word of honor
cheers,cheers
schlamm,mud
wälder,forests
diner,diner
handlung,action
costa,Costa
versauen,ruin
klassiker,classic
stange,rod
empfohlen,recommended
cynthia,Cynthia
gaby,gaby
rauswerfen,throw out
mechaniker,mechanic
beichten,confess
abkürzung,abbreviation
professionell,professional
begräbnis,funeral
verführen,seduce
meinerseits,on my part
valerie,Valerie
françois,françois
magischen,magical
ellis,Ellis
dienstmädchen,maid
chirurg,surgeon
wal,whale
paare,couples
center,center
sähe,would see
aufgemacht,opened
leide,I suffer
amüsant,amusing
obersten,top
fletcher,fletcher
gerührt,stirred
schwänze,tails
chff00ff,chff00ff
note,note
datei,file
zugleich,at the same time
nackte,naked
doppelten,double
bewundert,admired
dimension,dimension
quere,cross
wecker,alarm clock
entstanden,developed
kreischen,screech
vivian,Vivian
läden,shops
ios,iOS
lobby,lobby
umgezogen,moved away
angeklagte,accused
perlen,pearls
schwulen,gay
dutzende,dozens
simmons,Simmons
aufgezogen,raised
campus,campus
herd,stove
hospital,hospital
leichtes,lightweight
rich,rich
gegrüßt,Greetings
aufsicht,supervision
hündchen,pooch
gegenstand,object
tageslicht,daylight
emotionale,emotional
clean,clean
cassie,Cassie
sünder,sinner
beträgt,amounts
wunderschönes,beautiful
schickst,send
weiblichen,female
rauszuholen,to get out
kapier,understand
rausgeholt,extracted
entworfen,designed
eingenommen,taken
daphne,Daphne
mochten,want
köchin,cook
willi,Willi
beichte,confession
seven,seven
marina,marina
ausliefern,deliver
perfektes,perfect
glücklichen,happy
wodurch,through which
entsprechend,accordingly
umher,around
erica,erica
wurst,sausage
notiz,note
vorsprechen,audition
bekannter,well-known
antrieb,drive
zwerge,dwarves
trösten,console
armut,poverty
verbannt,banished
parade,parade
konzentriere,concentrate
angefahren,driven
2-mal,2 times
kindisch,childish
krüppel,cripple
kreisen,circling
bestrafung,punishment
araber,Arabs
klebt,sticks
perücke,wig
gemma,gemma
hummer,lobster
se,se
june,June
wimmert,whimpers
drittel,third
budget,budget
lieferwagen,delivery van
shannon,Shannon
zurückgebracht,returned
verschwiegen,concealed
drang,urge
redeten,talk
chi,chi
herzukommen,to come here
anhängen,attach
einsame,lonely
wu,wu
wraith,wraith
erwartete,expected
tierarzt,vet
cousins,cousins
zudem,in addition
sturz,fall
rusty,rusty
untergehen,sink
gelang,succeed
wasch,wash
schmutzigen,dirty
abkommen,agreement
tänzer,dancer
dürften,likely
erstatten,reimburse
verarbeiten,process
verfügbar,available
autobahn,highway
mandant,client
clubs,clubs
lukas,Lukas
widmen,dedicate
sprichwort,proverb
hierfür,for this
vergeltung,retribution
hardy,hardy
gekleidet,dressed
fotografiert,photographed
knallen,pop
wichtigeres,more important
immerzu,constantly
schuldgefühle,Feelings of guilt
schnurrbart,mustache
genügen,sufficient
rumlaufen,walking around
brötchen,bread roll
flut,flood
haushalt,household
angelo,angelo
cleveland,Cleveland
ministerium,ministry
aufgestellt,set up
est,est
anker,anchor
wang,wang
qual,quality
rauschen,rush
debatte,debate
informant,informant
masse,mass
insekten,insects
lud,invited
glotzt,stares
rückseite,back
spezialität,specialty
schimmer,shimmer
mordfall,murder case
verbieten,forbid
terrorist,terrorist
sirenen,sirens
theorien,theories
kichern,giggle
positive,positive
gestresst,stressed
korea,Korea
zeitschrift,magazine
wildnis,wilderness
s.h.i.e.l.d.,s.h.i.e.l.d.
menschlicher,human
schlamassel,mess
behindert,disabled
überbringen,deliver
reingezogen,pulled in
mitzuteilen,to inform
zurückkam,came back
abstimmung,vote
dritt,third
senat,senate
mittags,midday
marshal,marshal
bridge,bridge
price,price
raucht,smokes
veranstalten,organize
jahreszeit,season
zusätzliche,additional
want,want
drucken,press
segel,sail
crowley,Crowley
bezahlte,paid
überflüssig,superfluous
taschentuch,handkerchief
square,square
rockmusik,rock music
beschleunigen,accelerate
wählte,chose
lustiger,funny
marian,Marian
glocken,bells
tennis,tennis
seither,since then
christen,Christians
überqueren,cross over
kreuzung,crossing
häusern,houses
weiche,soft
trudy,trudy
punkten,points
henderson,Henderson
verpasse,miss
potter,potter
reinlegen,put in
jeep,jeep
gefilmt,filmed
hamilton,Hamilton
bucht,bay
bildschirm,screen
saufen,drinking
gehackt,chopped
eminenz,Your Eminence
mailbox,mailbox
münchen,Munich
erschoss,shot
jenkins,Jenkins
attentat,assassination
garrett,Garrett
verschwendung,waste
bemerkte,noticed
miesen,lousy
zischen,hiss
helf,help
geschirr,dishes
ähnlichkeit,similarity
feiglinge,cowards
spass,fun
lächelt,smiles
klaut,steals
setzten,set
bon,bon
entwischt,escaped
rauchst,do you smoke
masken,masks
schwimmt,swims
ausgezeichnete,excellent
vorname,first name
schwitzen,sweat
ginger,ginger
bourbon,bourbon
haust,house
befand,was
lacey,lacey
elefant,elephant
annähernd,approximately
gewebe,tissue
unterschätzt,underestimated
sternzeit,sidereal time
wachte,cornice
barbie,Barbie
eichhörnchen,squirrel
zerbrechen,break
poker,poker
wechsel,change
lesbe,lesbian
cordelia,cordelia
konten,accounts
schleichen,sneak
strasse,street
höschen,panties
jüngsten,youngest
niedrig,low
sonja,sonja
klimaanlage,air conditioning
vulkan,volcano
thea,thea
anbetracht,considering
lesbisch,lesbian
cristina,Cristina
platziert,placed
abgrund,abyss
zeichnungen,drawings
sinken,sink
hamburg,Hamburg
trauern,mourn
abreise,departure
dates,dates
bette,beds
klemmt,is stuck
ansehe,look
lin,lin
passend,appropriate
sidney,sidney
mittagspause,lunch break
wettkampf,competition
verschluckt,swallowed
limo,limo
erhebt,raises
beneide,envy
beschwerde,complaint
erregen,excite
überwältigt,overwhelmed
turtle,turtle
nypd,nypd
benannt,named
begrüßt,welcomed
trommeln,drums
burns,burns
hayes,hayes
fortsetzen,continue
geplatzt,burst
pan,pan
mildred,mildred
erschieße,shoot
locke,locke
nachnamen,last name
anpassen,adjust
altmodisch,old-fashioned
teurer,more expensive
feuerzeug,lighter
trau,trust
serienmörder,serial killer
georges,Georges
dr,dr
durchgegangen,went through
beseitigt,eliminated
alkoholiker,alcoholic
laßt,let
ganzem,whole
elemente,elements
feinden,enemies
rückweg,way back
amelia,Amelia
abigail,Abigail
heimweg,way home
menschlichkeit,humanity
signora,signora
geheimnisvolle,mysterious
mcgee,mcgee
befolgt,followed
abreisen,leave
premiere,premiere
schwingen,swing
initiative,initiative
from,from
felicity,felicity
sexuellen,sexual
geschäftsführer,Managing Director
telefone,telephones
peterson,Peterson
strafzettel,parking ticket
gelobt,praised
uniformen,uniforms
beschissener,shitty
pulver,powder
welpen,puppies
angesprochen,addressed
kung,kung
angenehme,pleasant
kostüme,costumes
nachmittags,afternoon
lebewohl,goodbye
reporterin,reporter
crystal,crystal
nikita,Nikita
vorwand,pretext
genervt,annoyed
kreditkarten,credit cards
durstig,thirsty
eintreffen,arrive
nationalen,national
mitteln,means
trauma,trauma
beobachtung,observation
aufhält,stops
dergleichen,such
erwacht,awakens
schlaft,sleep
lebenslauf,CV
anrufbeantworter,answering machine
feiner,finer
verschoben,delay
zumachen,close
relativ,relative
wes,wes
rücksicht,consideration
lamm,lamb
pier,pier
widersprechen,contradict
erwische,catch
dachboden,attic
bradley,Bradley
keinesfalls,absolutely not
duck,duck
bislang,so far
retter,savior
transportieren,transport
anrief,called
aufpasst,pay attention
braune,tan
spontan,spontaneous
prächtig,magnificent
galactica,galactica
verreist,traveled
jahrhunderten,centuries
pullover,sweater
ansprechen,address
frischer,fresh
queens,queens
moon,moon
spitzel,spy
schnellste,fastest
bemühungen,efforts
dreckiger,dirty
büros,offices
unfälle,accidents
beamte,officer
angeschlossen,connected
unterschiedliche,different
kluger,clever
stürmen,storm
jedi,Jedi
begreife,understand
fersen,heels
vorbereitungen,preparations
fortfahren,continue
produzent,producer
zwischenfall,incident
zurückgezogen,withdrawn
autsch,Ouch
ivy,ivy
riesiger,huge
vorhänge,curtains
pflege,care
rauslassen,let out
kermit,Kermit
golden,golden
nachforschungen,investigations
erfahre,learn
kanzler,chancellor
jin,jin
stößt,encounters
austin,Austin
sahne,cream
binde,bind
zwiebeln,onions
schlitten,sleds
jahrhunderte,centuries
talente,talents
läßt,lets
rennst,run
kay,Kay
erbarmen,mercy
verkünden,announce
vorgestern,the day before yesterday
betreiben,operate
starsky,starsky
mindeste,least
mimi,Mimi
andrews,andrews
singst,sing
einsätze,missions
nötigen,necessary
egon,Egon
bemerkenswert,remarkable
warmes,warm
dinosaurier,dinosaur
wahrscheinlichkeit,probability
worin,wherein
rabbi,rabbi
nachfrage,demand
unwohl,unwell
pony,pony
materie,matter
verpisst,pissed off
leuchtet,shines
wehtut,hurts
unterwelt,underworld
irrt,is wrong
prüfungen,exams
vertrieben,distributed
haustür,front door
neuigkeit,news
gereicht,served
weigert,refuses
semester,semester
unternommen,undertaken
gespart,saved
geerbt,inherited
starbuck,Starbucks
glanz,shine
fähre,ferry
betäubt,numb
arrogant,arrogant
ausgeliefert,delivered
gästen,guests
holland,Holland
zuzusehen,to watch
fotograf,photographer
eigentümer,owner
hinkriegen,manage it
speed,speed
realistisch,realistic
vaughn,vaughn
kindergarten,kindergarten
riesiges,huge
pub,pub
bedrückt,depressed
streitet,argues
deckt,covers
kassette,cassette
mack,mack
arrow,arrow
vergebe,forgive
said,said
fish,fish
kandidat,candidate
klempner,plumber
blaues,blue
ängste,fears
litt,litt
verliebte,in love
befahl,commanded
spaghetti,spaghetti
franzose,Frenchman
dunkler,darker
zukünftigen,future
anzubieten,to offer
gesendet,sent
tobias,Tobias
schlauch,hose
einstein,Einstein
gelähmt,paralyzed
grillen,grilling
landschaft,landscape
funktion,function
anonym,anonymous
albträume,nightmares
träum,dream
facebook,Facebook
mh,mh
veranstaltung,event
mount,mount
verpflichtungen,obligations
sinclair,sinclair
rue,rue
schülerin,student
innerlich,internally
künstlerin,artist
madrid,Madrid
schöpfer,Creator
regiert,governs
aufschreiben,write down
erleichterung,relief
ava,ava
auktion,auction
regal,shelf
fakt,fact
christi,Christ
niveau,level
fahndung,wanted
friede,peace
erlitten,suffered
mathematik,mathematics
nasa,NASA
bittest,please
psycho,psycho
matratze,mattress
tretet,step
mordwaffe,murder weapon
finanzielle,financial
bänder,ribbons
detectives,detectives
wieviele,how many
undercover,undercover
herzustellen,to produce
arbeitgeber,employer
werkzeuge,tools
frankenstein,Frankenstein
beruhigungsmittel,sedatives
ingrid,Ingrid
coulson,Coulson
trugen,wore
kurzfristig,short term
spannungsvolle,suspenseful
clayton,clayton
kämpften,fought
erlangen,obtain
weltall,space
nanu,nanu
vertuschen,cover up
weckt,awakens
gewagt,daring
nieren,kidneys
zinsen,interest charges
hutch,hutch
einpacken,pack
monty,monty
ballon,balloon
verflixt,darn it
herkam,came from
rudel,pack
gregory,Gregory
horizont,horizon
sofia,Sofia
durften,were allowed
zusätzlich,additionally
dekan,dean
verträge,contracts
umzug,move
brady,Brady
sängerin,singer
wäldern,forests
darstellen,represent
limousine,limousine
fracht,freight
zurückzukommen,to return
morty,Morty
gedenken,commemorate
aufgeschrieben,written down
handlungen,actions
struktur,structure
kerker,dungeon
aufzupassen,to pay attention
hüten,guard
christ,Christian
unverschämt,outrageous
durchschaut,seen through
mögt,like
nachname,last name
händchen,little hands
calvin,Calvin
birne,pear
vorgesehen,planned
gnädig,mercifully
nachgesehen,checked
predigt,sermon
versehentlich,inadvertently
schwerter,swords
erwiesen,proven
software,software
einschlagen,hit
schiebt,pushes
geahnt,suspected
tätig,employed
abgestürzt,crashed
eingriff,intervention
politisch,politically
gewöhnliche,ordinary
stärkste,strongest
zuflucht,refuge
generator,generator
union,union
raven,raven
ungeduldig,impatient
unklar,unclear
suspendiert,suspended
arbeitsplatz,workplace
treppen,stairs
matty,matty
vereinen,unite
bruch,break
metern,meters
fällst,fall
unruhig,restless
schlechteste,worst
platzt,bursts
plastik,plastic
abgerissen,demolished
halber,half
anvertraut,entrusted
leder,leather
ausser,except
verfehlt,missed
verehrte,revered
schmutz,dirt
aufzuspüren,to track down
stühle,chairs
rausbringen,release
komitee,committee
mamas,moms
klarkommen,cope
propheten,prophets
durchsage,announcement
flora,flora
stiefvater,stepfather
grimm,Grimm
lolle,lolle
faith,faith
auftreiben,find
ernie,Ernie
nationen,nations
ausgaben,expenditure
secret,secret
käpt,captain
rauskriegen,find out
entstand,arose
alarmstufe,alert level
übersetzen,translate
griechenland,Greece
rüstung,armor
attentäter,assassin
tauben,pigeons
gewohnheit,habit
mieses,lousy
kindermädchen,nanny
brenda,Brenda
nervst,annoying
japanische,Japanese
bitch,bitch
nsa,NSA
werner,Werner
beinhaltet,contains
donuts,donuts
abgefeuert,fired
luther,Luther
davonkommen,escape
godzilla,godzilla
hinzufügen,add
dreier,three
werwolf,werewolf
denver,Denver
hebe,lift
ehrgeiz,ambition
aufenthaltsort,abode
hinreißend,delightful
gruß,greeting
borgia,Borgia
howie,howie
mckay,McKay
dj,dj
nu,nu
zeichnung,drawing
geige,violin
fortsetzung,continuation
kotzt,vomit
glückstag,lucky day
japanisch,Japanese
archiv,archive
einholen,obtain
bush,bush
raushalten,stay out
verheimlicht,concealed
hacker,hacker
hingabe,devotion
uhren,watches
cyril,Cyril
erobert,conquered
bandit,bandit
linien,lines
umzugehen,to deal with
roberto,Roberto
vornamen,first names
tessa,Tessa
nerv,nerve
berührung,contact
ergreift,seizes
sattel,saddle
gelangweilt,bored
intakt,intact
isabella,Isabella
poesie,poetry
pflegen,maintain
belastet,charged
reinlassen,let in
yen,yen
geprügelt,beaten
perspektive,perspective
schreist,scream
sperma,semen
hingelegt,laid down
wildes,wild
begreifst,understand
marcie,Marcie
ii,ii
metropolis,metropolis
schildkröte,tortoise
umzingelt,surrounded
buddha,Buddha
bonus,bonus
wagst,dare
spucken,spit
einlassen,let
günstig,cheap
yu,yu
lebenslänglich,life sentence
sloane,sloane
präzise,precise
bilde,form
sorgerecht,custody
blinde,blind
gebot,bid
p,p
zurückzahlen,pay it back
ameisen,ants
verleihen,lend
bearbeitet,edited
riker,riker
deckel,lid
theresa,Theresa
pentagon,Pentagon
frechheit,outrageous!
sinkt,sinks
gastfreundschaft,hospitality
enthalten,contain
schwamm,sponge
glückliches,happy
sperrt,locks
cliff,cliff
healey,healey
container,container
aufsetzen,put on
erhielten,received
ermöglicht,enables
erstellen,create
cesare,Cesare
rausgeschmissen,kicked out
vorgefallen,happened
herbringen,bring here
freiwillige,voluntary
korrigieren,correct
leichnam,body
negative,negative
never,never
schwebt,floats
vorsichtiger,more cautious
pilze,mushrooms
kürzer,shorter
bezahl,paid
behältst,retain
erfüllung,fulfillment
verbündeten,allies
achtet,pay attention
meiden,avoid
ansichten,views
isoliert,isolated
ausschlag,rash
fünfzehn,fifteen
aufruhr,revolt
felder,fields
make,make
gesunde,healthy
toiletten,toilets
schwierigen,difficult
crawford,Crawford
quittung,receipt
portal,portal
gesetzes,law
großeltern,grandparents
mo,mo
investition,investment
raj,raj
schweiß,welding
selbstvertrauen,self-confidence
geschluckt,swallowed
sendet,send
aufgehängt,hung up
susie,susie
taschenlampe,flashlight
saint,saint
justiz,justice
jägerin,huntress
heer,army
neapel,Naples
illegalen,illegal
schuft,scoundrel
k.o.,knockout
rückt,moves
drohte,threatened
scheiss,shit
zurückkehrt,returns
verlangst,demand
zünden,ignite
ärgert,annoys
großteil,most
instrument,instrument
codes,codes
herzogin,duchess
bumsen,fuck
aktivität,activity
entwickelte,developed
ronald,Ronald
gegenmittel,antidote
reiches,rich
sheridan,Sheridan
taktik,tactics
studien,studies
dramatisch,dramatic
potenzial,potential
anpassung,adjustment
jugendliche,youth
ass,ass
zerstörte,destroyed
clowns,clowns
professionelle,professional
verlorenen,lost
gelingen,succeed
militärische,military
atlanta,Atlanta
richards,Richards
ausgenutzt,exploited
maestro,maestro
brooks,brooks
freies,free
cheryl,Cheryl
gier,greed
insbesondere,in particular
überzeugung,conviction
angemeldet,logged in
winzige,tiny
vorstellungen,ideas
massaker,massacre
gail,gail
ausdenken,to invent
auspacken,unpacking
heizung,heating
haley,haley
magnus,magnus
mußte,had to
erzähler,teller
kolonie,colony
gps,GPS
girls,girls
gerichtssaal,courtroom
donnerwetter,thunder!
studentin,student
greta,Greta
tickt,ticks
räumt,clears
boom,boom
miriam,Miriam
gesichtet,sighted
kleben,stick
zuzuhören,to listen
ritt,ride
bauten,built
abgeschaltet,switched off
atlantic,Atlantic
marquis,marquis
teich,pond
raubüberfall,robbery
duell,duel
keuchen,panting
chirurgen,surgeons
señorita,señorita
wange,cheek
auszuschalten,to turn off
wiedergutmachen,make amends
k.,k.
vorbereitung,preparation
geile,awesome
kranker,sick
festplatte,hard drive
stoß,shock
stieß,encountered
eingreifen,intervention
portland,Portland
enorm,enormous
aufsuchen,visit
verzichte,do without
sichtbar,visible
pässe,passports
vorschrift,regulation
gehör,belong
jedermann,anyone
genieß,enjoy
irgendjemanden,anyone
ups,Oops
substanz,substance
amsterdam,Amsterdam
arbeitszimmer,study
notwehr,self-defense
patrouille,patrol
gewitter,thunderstorm
dax,DAX
zeigten,showed
klappern,rattle
schmetterling,butterfly
sarge,coffin
preston,Preston
förmlich,formally
celia,Celia
tammy,Tammy
enger,narrower
piep,beep
ausgetauscht,exchanged
baustelle,construction site
bewirkt,causes
brennan,Brennan
pratt,Pratt
gerochen,smelled
meintest,you meant
wusstet,knew
broadway,Broadway
drehst,turn
martini,Martini
starrt,stares
austauschen,exchange
janice,Janice
schnellen,fast
beerdigt,buried
sozialen,social
angerührt,stirred
say,say
verläuft,goes
abschlussball,prom
medaille,medal
vielmehr,rather
anschluss,connection
anzünden,light
wunderschöner,beautiful
naht,seam
handtücher,towels
basierend,based
perfekter,perfect
ungewöhnliche,unusual
international,international
mistkerle,bastards
vizepräsident,vice president
brichst,break
abgelegt,filed
halluzinationen,hallucinations
festnahme,arrest
steph,steph
pirat,pirate
umwelt,environment
axel,Axel
butch,butch
teilweise,partially
verfickte,fucking
dat,that
bearbeiten,edit
fetter,fat
natürlichen,natural
ausgestellt,exhibited
wendet,turns
gewöhnlicher,ordinary
lavon,lavon
springe,jump
gingst,went
änderungen,changes
orbit,orbit
kapsel,capsule
unbewaffnet,unarmed
internat,boarding school
zeile,line
mühle,mill
zeitalter,age
gabst,gave
neger,negr
prediger,preacher
schwache,weakness
minen,mines
paulie,Paulie
geheimes,secret
sessel,armchair
wegbringen,take away
shepherd,shepherd
weiterhelfen,help
verpflichtung,engagement
baten,asked
geparkt,parked
gerichtsmediziner,forensic pathologist
anita,Anita
zurückkommst,come back
bluse,blouse
reines,pure
gegenleistung,consideration
jaffa,Jaffa
gemeinsames,joint
japanischen,Japanese
kehre,return
helfer,helper
aufstieg,ascent
entkommt,escapes
partie,party
lächle,smile
verdeckt,hidden
abfall,waste
hauptrolle,main role
lilly,Lilly
tarzan,Tarzan
klingel,bell
jens,Jens
flirten,flirt
spanier,Spaniard
taxifahrer,taxi driver
länge,length
träumst,dreaming
tausenden,thousands
blockieren,block
darcy,Darcy
ausschließen,exclude
kiki,kiki
wechselt,changes
erforschen,explore
scanner,scanner
eisenbahn,railroad
rumsitzen,sitting around
munter,lively
zugesehen,watched
karma,karma
tristan,Tristan
stückchen,pieces
provinz,province
mitgemacht,participated
yvonne,Yvonne
pärchen,couple
kritisch,critical
peters,Peters
suzanne,Suzanne
gesunden,healthy
finanziert,financed
elektrizität,electricity
busen,bosom
erlebnis,experience
mccoy,McCoy
vaterland,fatherland
bitter,bitter
schleier,veil
notarzt,emergency doctor
stattfindet,takes
hervorragende,excellent
krimineller,criminal
durchatmen,breathe
stopfen,plug
übergabe,handover
monatelang,for months
beeile,hurry
harley,Harley
unterschreibe,sign
effekt,effect
einlegen,insert
verwirrung,confusion
überschritten,exceeded
where,where
instrumente,instruments
mailand,Milan
belassen,leave
latein,Latin
caine,Caine
großartiges,great
billie,billie
grundlage,basis
reihenfolge,sequence
körperliche,physical
würmer,worms
arena,arena
mexico,Mexico
hong,Hong
ballett,ballet
luder,slut
gerald,Gerald
werke,factories
bullshit,bullshit
mae,mae
verfolgung,persecution
lizzie,Lizzie
männlichen,male
exemplar,copy
bedauerlich,regrettable
blinden,blind
jage,hunt
cd,CD
honey,honey
finanzieren,finance
anstalt,institution
vorbeischauen,stop by
v.,v.
pakt,pact
damm,dam
laser,laser
gustav,Gustav
einsamen,lonely
derart,such
unteren,lower
versammeln,gather
behörde,authority
info,info
beckett,beckett
gedeckt,covered
köter,dog
positionen,positions
vertrete,represent
kirby,Kirby
vergewaltigen,rape
chemikalien,chemicals
verwechseln,confuse with
helle,bright
vergrößern,enlarge
anhaben,wear
tuvok,tuvok
angepisst,pissed off
ida,Ida
mississippi,Mississippi
unterschlupf,shelter
hemden,shirts
besen,broom
herkomme,where I come from
ließe,let
jazz,jazz
eilt,urgent
candy,candy
vorwerfen,accuse
plans,plans
il,il
abzuhalten,to prevent
odo,odo
tugend,virtue
fürsten,princes
neuanfang,new beginning
drängt,urges
verweigern,refuse
töne,tones
patricia,Patricia
maureen,Moors
staates,state
anordnung,arrangement
orchester,orchestra
senf,mustard
qualen,torments
verwaltung,administration
übertreibst,I'm exaggerating
anonymen,anonymous
galt,was
ver,ver
scherzen,joke
ausgeflippt,freaky
modern,modern
schwiegersohn,son-in-law
getränk,beverage
hörer,listener
finanzen,finances
bang,bang
colorado,Colorado
vernünftige,reasonable
verteidiger,defender
rupert,Rupert
verbirgt,hides
ähnliche,similar
bevorzugen,prefer
bea,bea
hindurch,through
eigentliche,actual
belästigung,harassment
seltene,rare
mysteriöse,mysterious
vorsitzende,chairperson
anzüge,suits
haue,hit
häh,Huh?
feuert,fires
vorausgesetzt,provided
profitieren,benefit
sabine,Sabine
kaltes,cold
eingedrungen,penetrated
huch,Oops
creek,creek
vorläufig,provisional
canyon,canyon
adern,veins
mordkommission,homicide squad
schnattert,chatters
baxter,baxter
piepsen,beep
benutz,use
chelsea,Chelsea
dämliche,stupid
erkältung,a cold
belohnt,reward
grinsen,grin
bund,federal
gestochen,stung
katharina,Katharina
moms,moms
provozieren,provoke
geschmeichelt,flattered
anrichten,arrange
letztlich,ultimately
gehirnerschütterung,concussion
lehnen,lean
geknackt,cracked
partnerschaft,partnership
eingeschaltet,turned on
whitney,Whitney
skye,skye
gestohlenen,stolen
aufhörst,you stop
tagelang,for days
oswald,Oswald
scofield,Scofield
unterscheidet,differs
begleiter,companion
margot,Margot
ober,upper
tödlichen,deadly
apokalypse,Apocalypse
k.i.t.t.,putty.
much,much
knabe,boy
montgomery,Montgomery
eingebildet,conceited
berühmter,famous
reihen,rows
schwindler,swindler
verarschst,fooled
maß,measure
rechtsanwalt,lawyer
geritten,ridden
romantik,romance
net,net
räder,wheels
nanny,nanny
betsy,betsy
erklärungen,explanations
haushälterin,housekeeper
gütig,kind
privatdetektiv,private detective
rumhängen,hanging around
ansteckend,contagious
marcy,Marcy
anstoßen,to initiate
michaels,Michaels
gefüttert,fed
nackten,naked
nervig,annoying
neuem,new
sheppard,Sheppard
geistig,mental
niedergeschlagen,depressed
nicolas,Nicolas
herumlaufen,walk around
einmalige,unique
verstößt,violates
ähnelt,similar
morphium,morphine
tool,tool
bote,messenger
monitor,monitor
kooperation,cooperation
schwerkraft,gravity
abgewiesen,rejected
auserwählt,selected
bedacht,thoughtful
frucht,fruit
phaser,phaser
söldner,mercenary
taugt,is suitable
dalton,Dalton
objekte,objects
pulli,sweater
ärzten,doctors
kiefer,jaw
aufwecken,wake
angemacht,turned on
klugscheißer,know-it-all
zaubern,conjure
gabel,fork
engagieren,engage
funktionierte,worked
gross,large
schwächer,weaker
empfindest,feel
führ,lead
ernsthafte,serious
vermitteln,convey
einzusetzen,to use
andreas,andreas
hughes,hughes
jenen,those
nonnen,nuns
vorgehensweise,procedure
wat,wat
spender,donor
val,val
company,company
blauer,blue
rasiert,shaved
vergebt,forgive
mayday,Mayday
venus,Venus
verhafte,arrest
steigst,climb
identisch,identical
bange,anxious
bekämpft,fights
jep,yep
gastgeber,host
innenstadt,city ​​center
mitbewohnerin,flatmate
papas,dads
schwindelig,dizzy
dc,dc
ratschlag,advice
scham,shame
intensiv,intensive
amigo,amigo
louie,louie
defekt,defect
beziehen,relate
or,or
talentiert,talented
bridget,bridget
gretchen,Gretchen
angezeigt,displayed
schaufel,shovel
erschüttert,shaken
reingefallen,fell for it
vetter,cousin
braunen,tan
boys,boys
bestechen,bribe
rücksitz,rear seat
sicherzustellen,to ensure
verärgern,annoy
magier,magician
management,management
eröffnung,opening
grill,grill
schiffen,ships
passte,fit
deacon,deacon
chefs,chefs
verbinde,connect
würfel,dice
physik,physics
dosen,cans
grove,grove
champ,champ
möchtet,would you like
porno,porn
absoluter,absolute
stadion,stadium
abgeschossen,shot down
streben,strive
durchstehen,endure
beging,began
streik,strike
weiterfahren,continue
ramon,Ramon
tipps,tips
sweet,sweet
hinsehen,look
isabel,Isabel
starte,start
plätzchen,cookie
magazine,magazine
wanda,wanda
beruht,is
ragnar,Ragnar
korruption,corruption
wimmelt,teeming
hook,hook
lux,lux
abgestellt,parked
liefere,deliver
anschließend,afterward
grube,pit
mei,my
flieht,flees
schriftlich,in written form
kamerad,mate
irrelevant,irrelevant
ironisch,ironic
herab,down
friedrich,Friedrich
stier,bull
entschluss,decision
gescheitert,failed
begrüße,welcome
kitt,putty
desaster,disaster
wachsam,vigilant
startklar,ready
gutmachen,do well
log,log
luca,Luca
hypothek,mortgage
anhand,based
schlagzeilen,headlines
auslöser,trigger
gaius,Gaius
kündigung,termination
atlantis,Atlantis
entzug,withdrawal
server,server
adele,Adele
leibwächter,bodyguard
abzulenken,to distract
angeben,indicate
abknallen,shoot
schuldigen,guilty
thor,Thor
erschrocken,frightened
lehrte,taught
häschen,bunny
daily,daily
handschuh,glove
seide,silk
bewaffnete,armed
caesar,Caesar
sklavin,slave
leinwand,canvas
erzählten,told
geguckt,watched
georgie,georgie
stimmts,Right?
brendan,Brendan
leichten,light
phillips,Phillips
pistolen,pistols
verbringst,spend
scannen,scan
richmond,Richmond
klatschen,clap
städten,cities
ohrringe,earrings
präsentation,presentation
gotham,Gotham
häuschen,cottage
vermittlung,mediation
zahnbürste,toothbrush
feinen,fine
blei,lead
gönnen,treat
schlugen,struck
sprüche,sayings
erreichbar,reachable
scheißdreck,shit
kerlen,guys
zuverlässig,reliable
sasha,Sasha
aufprall,impact
stewart,Stewart
hochzeiten,weddings
aneinander,next to each other
vorwurf,accusation
gehörten,belonged
ausflippen,freak out
kehrte,returned
sonntags,Sunday
cyrus,Cyrus
garde,guard
sonde,probe
blutungen,bleeding
roosevelt,Roosevelt
flüchtlinge,refugees
unterhose,underwear
scotland,Scotland
instrumentalmusik,instrumental music
becca,Becca
heldin,heroine
geschmeckt,tasted
rod,rod
unterstütze,support
schluchzen,sob
säcke,bags
psychopath,psychopath
madonna,Madonna
bezeugen,witness
massage,massage
geschmissen,thrown
pudding,pudding
einzuladen,to invite
meldete,reported
ecken,corners
bedrohen,threaten
lulu,lulu
lichtjahre,light years
line,line
schweig,silence
zwecklos,pointless
teilnehmer,participant
charley,Charley
langeweile,boredom
offiziellen,official
rudi,Rudi
verzeihe,forgive
hässlichen,ugly
gewidmet,dedicated
tabak,tobacco
ernannt,appointed
übler,worse
sandwiches,sandwiches
adoptieren,adopt
geistern,ghosts
sheriffs,sheriffs
vorgesetzter,superior
kodex,code
südamerika,South America
kostete,cost
verführt,seduced
schonen,protect
pauline,Pauline
machtlos,powerless
einsehen,view
mythos,myth
verantworten,to be responsible
ausschließlich,exclusively
ahh,ahh
pamela,Pamela
geschäften,shops
zurückbekommen,get back
anrufst,call
marihuana,marijuana
mithalten,keep up
lebenszeichen,Signs of life
woody,woody
anmachen,turn on
sklaverei,slavery
haustier,pet
inseln,islands
ohh,ohh
stützpunkt,base
trennt,separates
gesichtsausdruck,facial expression
andré,André
gesunken,sun
fernbedienung,remote control
verstärkt,reinforced
fã,fa
markus,Markus
element,element
sterling,sterling
olga,Olga
verlegenheit,embarrassment
metro,metro
bruderschaft,brotherhood
probiere,try
wiederum,again
bereitschaft,readiness
chet,chet
börse,stock exchange
aufsatz,essay
untergrund,underground
versiegelt,sealed
gegenstände,objects
gebildet,educated
rast,rest
regiment,regiment
kostenlos,for free
ausschuss,committee
dvd,DVD
gesprengt,blown up
ausweise,ID cards
allan,allan
feindliche,hostile
irina,Irina
feldwebel,sergeant
zerbricht,breaks
lenkt,steers
durchdrehen,go crazy
ausgelassen,omitted
kramer,chandler
tango,tango
respektlos,disrespectful
stripperin,stripper
hengst,stallion
schwanzlutscher,cock sucker
löse,solve
banane,banana
bloss,just
gavin,Gavin
skinner,skinner
schurken,villains
wäscht,washes
daraufhin,thereupon
nico,Nico
walsh,Walsh
geschäftspartner,business partner
weggefahren,drove away
psychologie,psychology
zwing,compulsion
verständigen,communicate
belastung,burden
bender,bender
bindung,binding
sherman,Sherman
umarmt,embraced
entkam,escaped
gespenst,spook
konntet,could
menschenleben,human lives
wurdet,were
öde,boring
ursprung,origin
geputzt,cleaned
sektion,section
schleppen,tow
erfassen,capture
terrasse,terrace
wilhelm,Wilhelm
unbesorgt,carefree
warteten,wait
eingereicht,submitted
sekretär,secretary
turk,Turk
beruhigend,reassuring
angezündet,lit
verbrechens,crime
impuls,pulse
voreilig,premature
peitsche,whip
griechen,Greeks
bennet,bennet
installiert,installed
verlier,lose
rebellion,rebellion
karin,Karin
seemann,sailor
bones,bones
aufgeräumt,tidied up
verdiente,earned
elender,wretched
sound,sound
absturz,crash
begleichen,settle
orgasmus,orgasm
toto,toto
vögelchen,little birds
reinkommt,comes in
renee,renee
benachrichtigen,notify
kavallerie,cavalry
allerseits,all
übe,practice
constable,constable
weigern,refuse
wirklichen,real
aufträge,orders
beifall,applause
cents,cents
angehörigen,relatives
damien,Damien
resultat,result
global,global
pennsylvania,Pennsylvania
warmen,warm
danielle,Danielle
verbiete,forbid
entschuldigst,excuse me
wahlen,choose
aufziehen,wind up
weitem,far
verdreht,twisted
powers,powers
vorschuss,advance
bananen,bananas
dex,dex
schuf,created
beschützer,protector
fuer,for
wahrlich,truly
hüften,hips
q,q
betrag,amount
hysterisch,hysterical
schwor,swore
schlägerei,brawl
flogen,flew
bösewicht,villain
aufwachsen,grow up
römischen,Roman
carolina,Carolina
auszeichnung,award
riskiere,risk
florence,Florence
ermöglichen,make possible
komiker,comedian
auffallen,stand out
eingegangen,received
kondom,condom
besserung,improvement
vinnie,vinnie
karton,cardboard
verspätet,delayed
obhut,care
aufführung,performance
fraß,ate
abfahrt,departure
hydra,Hydra
briefkasten,mailbox
häftling,prisoner
ezra,Ezra
kat,cat
unterschätzen,underestimate
sisko,sisko
hausfrau,housewife
hannes,Hannes
errichten,erect
stapel,stack
reparatur,repair
pike,pike
reste,leftovers
übereinstimmung,accordance
entwurf,draft
shoppen,shopping
anliegen,issue
täuschung,illusion
doll,doll
eliminieren,eliminate
verstärken,strengthen
insassen,inmates
mithilfe,using
packung,pack
u.s.,U.S.
adressen,addresses
kang,kang
themen,topics
aufteilen,divide
unberechenbar,unpredictable
eingeschlagen,hit
verklagt,sued
drohne,drone
vage,vague
hindernis,obstacle
izzy,izzy
qualifiziert,qualified
solo,solo
gierig,greedy
schreck,scare
verrotten,rot
integrität,integrity
hinterkopf,back of head
wundervollen,wonderful
lo,lo
lob,praise
verwirren,confuse
allgemeinen,general
frustriert,frustrated
ohnmacht,fainting
autoschlüssel,car key
erfährst,you will learn
image,image
grady,grady
people,people
unheilvolle,ominous
kapieren,understand
zigarren,cigars
josé,José
joint,joint
nachgehen,pursue
gedrängt,urged
soziale,social
diente,served
vieler,many
wissenschaftliche,scientific
dastehen,stand there
inmitten,in the midst of
millie,millie
brannte,burned
mengen,quantities
ausnahmsweise,exceptionally
silvester,New Year's Eve
berufen,appointed
schließfach,locker
bunny,bunny
kenneth,Kenneth
tische,tables
wasche,wash
vase,vase
einhalten,retain
halfen,helped
übernahm,took over
millionär,millionaire
dreißig,thirty
bernadette,Bernadette
denjenigen,those
begeisterung,enthusiasm
forscher,researchers
begabt,gifted
design,design
matthews,Matthews
taufe,baptism
entscheidend,decisive
zurückhaben,have back
katrina,Katrina
nervensäge,annoying person
betritt,enters
rodrigo,Rodrigo
kuckuck,cuckoo
veränderte,changed
vollbracht,accomplished
jeweils,respectively
passende,suitable
unabhängigkeit,independence
türe,door
einbrechen,break in
folgst,follow
lücke,gap
jüngeren,younger
immobilien,property
industries,industries
schwangere,pregnant
unfug,mischief
weibchen,female
ergriffen,seized
jahrestag,anniversary
oleson,oleson
fry,Fry
exzellent,excellent
strahlen,radiate
vorgenommen,performed
aufgezeichnet,recorded
business,business
depression,depression
privates,private
streiche,paint
alaska,Alaska
frances,Frances
wänden,walls
erwecken,awaken
sawyer,sawyer
männchen,male
senken,reduce
otis,otis
spanische,Spanish
beamter,official
kommission,commission
fünfzig,fifty
gedemütigt,humiliated
gucke,look
mehrheit,majority
teuren,expensive
abreißen,tear down
komödie,comedy
gestehe,confess
außergewöhnliche,extraordinary
hartes,hard
ausprobiert,tried
runterkommen,come down
tragt,carries
spart,saves
bälle,balls
fahrzeuge,vehicles
freya,Freya
zähl,count
verehrer,admirers
strecken,stretch
gegeneinander,against each other
ausfüllen,fill out
olive,olive
crazy,crazy
vermächtnis,legacy
beteiligung,participation
bengel,brat
p.,p.
gottverdammte,goddamn
winzigen,tiny
nächten,nights
ätzend,corrosive
kapital,capital
attacke,attack
vorstellungsgespräch,job interview
interessiere,I am interested
medium,medium
anwenden,apply
hamlet,hamlet
stockwerk,floor
krankenhäuser,hospitals
direkten,direct
benötige,I need
extreme,extreme
einzeln,individually
traurigen,sad
aufwärmen,warm up
auszugehen,to assume
befreiung,liberation
anzahlung,down payment
jensen,Jensen
komplex,complex
alias,alias
grafen,counts
besaß,owned
sammle,collect
feiertage,holidays
stinken,stink
franc,franc
neela,neela
freiem,free
elektrischen,electric
zustoßen,happen
zerschlagen,smashed
hupt,honks
italienische,Italian
hingekriegt,managed it
marseille,Marseille
columbia,Columbia
unterschiedlich,different
godsey,godsey
schichten,layers
zielperson,target person
kopenhagen,Copenhagen
furchtbares,terrible
fürchtete,feared
passagier,passenger
imperium,imperium
möcht,would like
säufer,drunkard
verlasst,leaves
weiser,wiser
zurückzuholen,to recover
cho,cho
mieter,renter
schlösser,locks
privileg,privilege
kondome,condoms
montana,Montana
rührend,touching
stumme,silent
winde,winds
wirbel,whirl
investoren,investors
kakao,cocoa
sadie,sadie
ausgestiegen,got off
pisse,piss
lucifer,Lucifer
thailand,Thailand
behälter,container
beck,beck
scheußlich,hideous
kurier,courier
abu,Abu
decker,decker
gereizt,irritated
fassung,version
leitungen,pipes
kaliber,caliber
losgeht,and go
gemeine,common
wochenlang,for weeks
zeilen,lines
granate,grenade
morgengrauen,dawn
kristall,crystal
captains,captains
sky,Sky
bürgerkrieg,civil war
dulden,tolerate
abzuhauen,to escape
sorgte,caused
verhandelt,negotiated
einwände,objections
lara,Lara
unheil,disaster
anteile,shares
wiege,cradle
yankees,Yankees
herb,bitter
freaks,freaks
verbietet,prohibits
verwendung,use
rauben,rob
cognac,cognac
allgemein,generally
küsste,kissed
unschuldiger,innocent
evolution,evolution
blas,blow
vulkanier,Vulcans
inn,inn
gratulation,Congratulations
marmelade,jam
becken,pool
eden,Eden
hingegen,however
quält,torments
spartacus,Spartacus
unversehrt,unharmed
gering,small amount
janeway,Janeway
voilà,voilà
jüngere,younger
mächte,powers
floyd,Floyd
sechsten,sixth
produzenten,producers
rektor,rector
zitrone,lemon
störungen,disturbances
reichte,was enough
kreativ,creative
höhlen,caves
winchester,Winchester
bianca,Bianca
willis,Willis
quark,quark
zigeuner,gypsy
schnarchen,snoring
dead,dead
ärgerlich,annoying
angaben,declarations
gibson,Gibson
chili,chili
diskretion,discretion
armstrong,Armstrong
unterhosen,underwear
erforderlich,necessary
cassidy,Cassidy
auftauchte,appeared
pascha,Pasha
aussetzen,suspend
sentimental,sentimental
empfängt,receives
evakuierung,evacuation
nebenwirkungen,side effects
mccormick,McCormick
erstellt,created
vernichtung,destruction
idiotisch,idiotic
cocktail,cocktail
säubern,clean
behandelst,treat
eingepackt,packed
meisterwerk,masterpiece
empfindet,feels
bestien,beasts
unzählige,countless
einbringen,contribute
darryl,Darryl
spitznamen,nicknames
smoking,smoking
verschwende,waste
iron,iron
misstrauen,distrust
spätestens,at latest
chinese,Chinese
cash,cash
gilmore,Gilmore
pfui,Pooh
zeugenstand,witness stand
gästezimmer,guest room
abflug,departure
hungern,starving
verschwanden,disappeared
serum,serum
julio,Julio
place,place
phantasie,imagination
therapeuten,therapists
terror,terror
bedienung,operation
beugen,bend
trish,trish
elise,Elise
verriegelt,locked
genäht,sewn
spurensicherung,evidence collection
falten,fold
saugen,suck
graue,grey
ehrlicher,honest
walden,Walden
leichenhalle,morgue
wärs,would it
fels,rock
bohren,drill
versteckten,hidden
desmond,desmond
notiert,noted
milliarde,billion
gebäudes,building
pfadfinder,scout
gorilla,gorilla
roch,smelled
caitlin,Caitlin
kippen,tip over
gleicht,similar
pflaster,pavement
l.,l.
benutzten,used
anzuziehen,to put on
verlockend,tempting
bryce,Bryce
ampel,traffic light
interpol,Interpol
dodge,dodge
technische,technical
zimmerservice,room service
lu,lu
hirsch,deer
hayley,hayley
verspricht,promises
lachend,laughing
anständiger,decent
füllt,fills
geschätzt,estimated
verbündete,allies
zuschauen,watch
abstimmen,vote
schwägerin,sister-in-law
cybill,cybill
deaktivieren,deactivate
rück,back
edmund,Edmund
drohnen,drones
begehrt,highly sought after
gange,going
sauerei,mess
portion,portion
beraubt,robbed
constance,Constance
bull,bull
jubelt,cheers
jugendlichen,youth
bemerkung,remark
aids,AIDS
cate,cater
johann,Johann
hingehört,belongs
maryann,Maryann
halskette,necklace
istanbul,Istanbul
been,been
beunruhigen,worry
scheren,shears
schweigt,remains silent
brei,porridge
antwortete,answered
fäden,threads
coolen,cool
schämst,are ashamed
mehl,flour
vollem,full
aufgebrochen,broken
expedition,expedition
änderung,the change
überwachungskameras,surveillance cameras
derer,whose
blinder,blind
durchzuführen,to perform
parlament,parliament
direkte,direct
dawson,Dawson
tanya,tanya
umfeld,environment
schrieben,wrote
michigan,Michigan
auffliegen,to be exposed
woman,woman
hergeschickt,sent here
vormachen,demonstrate
vorstrafen,criminal record
hingeht,goes there
grauenvoll,horrible
schwiegermutter,mother-in-law
lehrt,teaches
langley,Langley
erwürgt,strangled
tassen,cups
seuche,epidemic
zauberspruch,spell
lucien,Lucien
läufer,runner
drive,drive
effektiv,effective
nord,north
callie,callie
hu,hu
auskommen,get by
heitere,cheerful
jupiter,Jupiter
nuss,nut
trauzeuge,best man
steinen,stones
puh,phew
österreich,Austria
einkommen,income
vereinigung,association
mittelpunkt,center
page,page
andeuten,suggest
helene,Helene
unverständliche,incomprehensible
anschein,apparently
höflichkeit,courtesy
aufzeichnung,recording
komplikationen,complications
aufsteigen,ascend
gehorcht,obeys
hollow,hollow
gefällig,please
schlicht,simply
ausgestattet,equipped
reiße,tear
nachdenke,think
parks,parks
anstrengen,exert
richterin,judge
bindet,binds
alternativen,alternatives
verabschiede,say goodbye
vito,vito
abgeht,departs
dämlichen,stupid
edie,edie
druckmittel,pressure means
schweben,float
ankamen,arrived
crack,crack
formular,form
festzuhalten,to be held
architekt,architect
runtergefallen,fell down
eindringling,intruder
wahlkampf,election campaign
country,country
staunen,marvel
lagern,store
gewissermaßen,in a way
sinnen,senses
verbraucht,consumed
bremse,brake
idiotin,idiot
gleichgültig,indifferent
gefangenschaft,captivity
daktari,daktari
russ,soot
westlich,west
men,men
nixon,nixon
samt,velvet
mail,mail
laurie,Laurie
vorhanden,available
bestell,order
klara,Clara
only,only
face,face
hinbekommen,managed to do it
adoption,adoption
handelte,acted
verrätst,will you reveal
hinterm,behind
rande,edge
break,break
reinziehen,pull in
zart,tender
ewigkeiten,eternities
immunität,immunity
eingelassen,admitted
gewettet,bet
ergab,resulted
ausgesagt,testified
studiere,study
malt,paints
tonne,tonne
regle,rule
borgen,borrow
spezialeinheit,special unit
behandle,treat
zerreißen,tear
hermann,Hermann
übergebe,hand over
alma,alma
wanze,bug
zeugnis,transcript
örtlichen,local
phänomen,phenomenon
umgeht,bypasses
weitaus,far
polizeirevier,police station
öfters,more often
erreiche,reach
produkte,products
misch,mix
beklagen,complain
schurke,villain
kleinere,smaller
sonnenbrille,sunglasses
strenge,strict
phantom,phantom
verdoppeln,double
zuzugeben,to admit
titelseite,front page
schwiegervater,father-in-law
abscheulich,abhorrent
nigel,Nigel
kleinigkeiten,small things
kompass,compass
yoga,yoga
elektrische,electric
gewirkt,acted
kaviar,caviar
reiben,rub
plage,plague
erziehen,educate
bekäme,would get
streife,patrol
erhoben,raised
analysiert,analyzed
norwegen,Norway
kappe,cap
iran,Iran
aufzustehen,to get up
volles,full
hebel,lever
urin,urine
iren,Irish
triumph,triumph
begrenzt,limited
ham,ham
gil,gil
streichhölzer,matches
martinez,Martinez
erscheinung,appearance
neid,envy
tabu,taboo
eyes,eyes
berechnungen,calculations
auskunft,information
dänemark,Denmark
hintergangen,deceived
flint,flint
patronen,cartridges
wiederkommt,comes again
gefährliches,dangerous
erweitern,expand
bereut,regrets
cherry,Cherry
ami,ami
won,won
shh,shh
übernimm,take over
waffenstillstand,armistice
banks,banks
sonia,sonia
vorkommt,occurs
astronauten,astronauts
virgil,Virgil
kreislauf,cycle
nash,nash
richtungen,directions
sicherzugehen,to be sure
weggerannt,ran away
widerfahren,happened
lebensunterhalt,livelihood
hintereinander,one after the other
dingern,things
angreift,attacks
ziegen,goats
außenseiter,outsider
crockett,crockett
nummernschild,license plate
steuerbord,starboard
leidenschaftlich,passionate
autoren,authors
kümmerte,cared
auflösen,dissolve
quietscht,squeaks
gereinigt,cleaned
verschonen,spare
großgezogen,raised
backe,jaw
mina,Mina
cafeteria,cafeteria
zusammenbleiben,stay together
bekomm,get
bedauere,I regret
zugesagt,promised
jr,jr
fix,fix
schwur,oath
bewaffneten,armed
höchstpersönlich,in person
giovanni,Giovanni
anrufer,caller
rutsch,slide
supergirl,supergirl
juliet,Juliet
blutbad,bloodbath
bankrott,bankrupt
bear,bear
bräute,brides
foreman,foreman
losfahren,drive
atemzug,breath
legenden,legends
kopfgeld,bounty
nadeln,needles
señora,señora
johns,johns
otaru,otaru
nils,Nils
papagei,parrot
wärmer,warmer
groll,resentment
ketchup,ketchup
aktionen,actions
nahen,sew
gestolpert,tripped
feiertag,holiday
latte,bar
erwischte,caught
spitzname,nickname
hardcastle,hardcastle
senior,senior
weht,blowing
verfolgte,pursued
angeber,show-off
befassen,deal
fantasien,fantasies
befreie,free
einfangen,capture
prophet,prophet
grundlos,without reason
abzuschließen,to complete
engen,narrow
signor,signor
haha,Ha-Ha
handwerk,craftsmanship
daddys,daddies
schert,shears
lose,Loose
verantwortlichen,responsible
höchstwahrscheinlich,most likely
pervers,perverse
mitgeteilt,notified
interviews,interviews
zugefügt,added
vermieter,landlord
aßen,ate
truhe,chest
moralische,moral
blondine,blonde
alvarez,alvarez
scheinwerfer,headlights
bewege,move
jap,yep
zugrunde,underlying
mischt,mixes
aufwachte,woke up
abheben,lift up
weiblich,female
verfügt,has
tippen,tap
buchhaltung,accounting
beider,at the
buffalo,buffalo
fügen,add
siebten,seventh
befiehlt,commands
klickt,click
dracula,Dracula
ermordete,murdered
jura,Jurassic
well,well
einsamer,lonely
perle,pearl
lustiges,funny
künstliche,artificial
cape,cape
außerordentlich,extraordinary
falke,hawk
klicken,click
schwindlig,dizzy
hingebracht,brought
überstürzen,rush
reingelassen,let in
gattin,wife
östlich,east
seins,his
genauen,exact
wiegen,weigh
labyrinth,labyrinth
währenddessen,meanwhile
töricht,foolish
ausrauben,rob
lautlos,silent
zitat,quote
abgehalten,held
hale,hale
zweier,two
hingezogen,attracted
ty,ty
unendliche,infinite
antibiotika,antibiotics
emil,Emil
gehn,go
häftlinge,prisoners
polizeichef,police chief
psychiatrie,psychiatry
übergeschnappt,gone crazy
heuchler,hypocrite
jerusalem,Jerusalem
immun,immune
temperament,temperament
boulevard,boulevard
umhang,cape
zugeteilt,allocated
alarmanlage,alarm system
trefft,meets
überfordert,overwhelmed
galgen,gallows
hubert,Hubert
wegrennen,run away
stiles,stiles
monte,monte
courtney,courtney
filmstar,film star
verfügen,have
aufwand,expense
interne,internal
klippe,cliff
verurteilung,conviction
umweg,detour
cisco,Cisco
einberufen,summon
evakuiert,evacuated
urteilsvermögen,discernment
malone,malone
christy,Christy
ablaufen,expire
einzugehen,to enter
zwecke,purposes
zeus,Zeus
simpel,simple
erfolgreiche,successful
impfstoff,vaccine
bestechung,bribery
cruz,Cruz
weigere,refuse
salvatore,Salvatore
verschweigen,concealment
verlauf,course
aktuellen,current
lampen,lamps
trauriger,sad
empfunden,felt
journalistin,journalist
endes,end
kasino,casino
titus,Titus
veranlasst,caused
sicherung,fuse
fahrkarte,ticket
fortgehen,depart
jared,jared
aufgeführt,listed
listen,listen
tiffany,tiffany
äußern,express
adrenalin,adrenaline
frühere,previous
missbrauch,abuse
seminar,seminar
drittens,thirdly
fernando,Fernando
biegen,bend
demonstration,demonstration
porsche,Porsche
deaktiviert,disabled
vertritt,represents
erklärst,explain
liebevoll,lovingly
umgedreht,reversed
konversation,conversation
freundliche,friendly
zurückverfolgen,trace
perverser,perverted
madeline,Madeline
ausbrechen,break out
traurigkeit,sadness
ming,ming
speisen,meals
verfallen,expire
gittern,grids
marks,marks
irrenhaus,madhouse
dance,dance
rechenschaft,accountability
bloßen,mere
schwört,swears
verleiht,lends
henrik,Henrik
schlucht,canyon
kauen,chew
five,five
erwachen,awakening
lichts,light
clan,clan
rechne,calculate
ungestört,undisturbed
stationiert,stationed
packst,pack
angewohnheit,habit
lyle,lyle
sonnenlicht,sunlight
warfen,threw
darlehen,loan
scheidet,separates
josie,Josie
gestimmt,voted
standard,standard
senatorin,senator
beethoven,Beethoven
vormittag,late morning
ratet,rate
johanna,Johanna
verarsch,scam
sushi,sushi
auswählen,choose
strike,strike
geschwätz,chatter
enorme,enormous
kassieren,collect
biene,bee
leistet,provides
totes,dead
antwortest,you answer
drittes,third
bonbons,candies
gequält,tormented
scharfen,sharpen
beheben,fix
beschluss,decision
ast,branch
hereinkommen,come in
erschrickt,is startled
away,away
drückst,press
schmerzmittel,painkillers
lappen,rag
zurückzubringen,to return
unruhe,unrest
kommandanten,commanders
fliegende,flying
aria,aria
nutzte,used
direktorin,director
ich-ich,I-I
puste,blow
täuscht,is deceptive
änderst,change
chow,chow
gabrielle,Gabrielle
atombombe,atomic bomb
türken,Turks
missverstanden,misunderstood
nels,nels
unterdrückt,suppressed
ausmaß,extent
made,made
manuskript,manuscript
annika,Annika
hallöchen,Hello there
ct,ct
freigegeben,released
blutgruppe,blood type
schliefen,slept
symbole,symbols
ausdrücklich,expressly
reduzieren,reduce
ungeschickt,clumsy
vermieten,rent
te,te
beizubringen,to teach
ausweichen,evade
leckt,leaks
angucken,look
gewissheit,certainty
verbrennungen,burns
klarheit,clarity
trittst,you
diskutiert,discussed
kratzt,scratches
typische,typical
abdruck,print
gelaunt,mood
bins,bins
einnahmen,revenue
hawkins,hawkins
tell,tell
entdeckten,discovered
zuversichtlich,confident
pumpen,pump
powell,Powell
fettsack,fatso
pfeile,arrows
gewillt,willing
stinkst,You stink
lebensformen,life forms
immernoch,still
cage,cage
betrinken,get drunk
tuck,tuck
town,town
carolyn,Carolyn
zäh,tough
liu,liu
abgang,departure
auszudrücken,to express
fußboden,floor
gemeiner,common
ernten,harvest
imstande,able
erfolgt,is
wahrhaftig,truthfully
besessenheit,obsession
schämt,ashamed
zurückgegeben,returned
lanze,lance
erleichtern,facilitate
springs,springs
stiefmutter,stepmother
verein,association
yakuza,yakuza
nichtmal,not even
comics,comics
three,three
metapher,metaphor
aufgeht,opens
maximal,maximum
starr,rigid
friss,eat
gehirns,brain
aufreißen,tear open
lost,lost
razzia,raid
hellseher,clairvoyant
putzfrau,cleaning lady
wohlstand,prosperity
beatrice,Beatrice
alberto,Alberto
holten,fetched
spitzen,peaks
poltern,rumbling
erfreuen,enjoy
daryl,Daryl
lunch,lunch
tattoos,tattoos
bordell,brothel
unterdrücken,suppress
connecticut,Connecticut
please,please
straftat,crime
aktuelle,current
dolly,dolly
entzückt,delighted
unterbrechung,interruption
knox,Knox
kochst,cook
zugeschlagen,struck
schülern,students
darren,darren
ethel,ethel
gebrauch,use
gewehrt,defended
base,base
räum,room
köpfchen,head
ruhigen,quiet
weck,wake
anhört,sounds
zusammenleben,living together
durcheinandergerede,confused talk
o.,O.
flynn,flynn
bevorzugt,preferred
horror,horror
dominic,Dominic
krug,jug
imitiert,imitates
friedens,peace
tick,Tick
spurlos,without a trace
mitgekommen,came along
reserve,reserve
abbekommen,get
wagner,wagner
gardner,Gardner
langweilt,boring
benji,Benji
kaisers,emperors
norris,norris
schnelles,fast
kolonien,colonies
errichtet,erected
mentor,mentor
blues,blues
durchbrechen,break through
orson,orson
grüner,green
lucie,Lucie
unzufrieden,unsatisfied
beschämt,ashamed
lästig,annoying
spind,locker
übernachtet,stayed overnight
spanischen,Spanish
definition,definition
unordnung,disorder
yuri,yuri
mittendrin,in the middle
optimistisch,optimistic
sekte,sect
vergewaltiger,rapist
geschockt,shocked
gracie,gracie
mikro,micro
verbrochen,committed a crime
stünde,would stand
beschlagnahmt,confiscated
madeleine,Madeleine
einzelhaft,solitary confinement
bug,bug
italienischen,Italian
frederick,Frederick
löste,solved
apachen,Apache
spezialisten,specialists
nazi,Nazi
tapferkeit,bravery
zutaten,ingredients
unsichtbare,invisible
zurückgerufen,recalled
samstagabend,Saturday evening
unverständliches,incomprehensible
pesos,pesos
ursprünglichen,original
sol,Sol
resultate,results
r.,r.
alexis,alexis
sende,send
klientin,client
sympathisch,friendly
verwöhnt,spoiled
schiffs,ship
langweile,boredom
bekanntschaft,acquaintance
joggen,jog
rettest,rescue
träger,carrier
finanziell,financially
depressionen,depression
weitergeben,pass along
schnecke,snail
gedruckt,printed
feindlichen,hostile
rinder,bovine
waisen,orphans
chemische,chemical
baust,build
getraut,daring
zünder,detonator
lachte,laughed
haarschnitt,haircut
schneewittchen,Snow White
gerry,Gerry
enten,ducks
pariser,Parisian
einmalig,unique
vergeudet,wasted
tomas,tomas
depressiv,depressed
comandante,comandante
eingebrockt,brought this on
schreibmaschine,typewriter
selig,blessed
entgangen,escaped
gelohnt,worthwhile
notizbuch,notebook
wechselgeld,change
starrst,stare
z.,z.
obdachlosen,homeless
göttliche,divine
überlebte,survived
merkwürdiges,strange
frankreichs,France
entziehen,withdraw
jacks,jacks
gefällst,do you like it
hupe,horn
festland,mainland
rückgrat,backbone
schmuggeln,smuggle
knoblauch,garlic
mörders,murderer
motoren,engines
korridor,corridor
sugar,sugar
countdown,countdown
socke,sock
bettler,beggar
signore,signore
russe,Russian
forge,forge
lopez,Lopez
salut,greetings
ausfallen,stand out
zeh,toe
freud,Freud
äußeren,external
grausame,gruesome
cooles,cool
bakterien,bacteria
olsen,Olsen
feindes,enemy
rezeption,reception
erreichte,reached
dreizehn,thirteen
paolo,Paolo
anflug,approach
penelope,Penelope
sogenannten,so-called
verschwendest,waste
donny,donny
zulassung,permit
abtreibung,abortion
planung,planning
territorium,territory
pope,pope
portemonnaie,wallet
affengeräusche,monkey noises
improvisieren,improvise
reinzukommen,to get in
tanken,refueling
einschüchtern,intimidate
explodierte,exploded
schleife,ribbon
berechnen,calculate
befördern,promote
newton,Newton
aufgespürt,tracked down
streicheln,stroke
speer,spear
reaktionen,reactions
maxwell,maxwell
director,director
erhöhe,increase
hinteren,rear
zusammengearbeitet,collaborated
hanson,Hanson
geschweige,let alone
puff,puff
dämlicher,stupid
ablauf,process
rollt,rolls
mikrofon,microphone
verwundeten,wounded
aufgewühlt,agitated
luftwaffe,air force
wiese,meadow
beschissenes,shitty
verkleidung,cladding
scarlett,scarlett
intensivstation,intensive care unit
schlinge,loop
mahlzeiten,meals
list,list
handvoll,handful
lehnte,declined
stärksten,strongest
beweisstück,piece of evidence
pretty,pretty
einzigartige,unique
gehirne,brains
pfeffer,pepper
nachgeben,give in
pittsburgh,Pittsburgh
stadium,stage
stritten,argued
stau,traffic jam
unsterblichkeit,immortality
karev,karev
ginny,Ginny
wiehern,neigh
erkenntnis,knowledge
erweckt,awakens
kategorie,category
überwältigend,overwhelming
underwood,underwood
neelix,neelix
explosionen,explosions
telefonzelle,phone booth
plaza,plaza
verschließen,close
angesagt,announced
western,western
absatz,paragraph
beschreibt,describes
lern,learn
main,Main
lehne,rest
easy,easy
buße,penance
fehlende,missing
anständigen,decent
häufiger,more often
buh,boo
anfängst,you begin
fandest,found
jaja,yeah
giftig,poisonous
rausch,intoxication
jarvis,jarvis
hochwürden,Reverend
schnecken,snails
einheimischen,local
unmögliche,impossible
weaver,weaver
freilassung,release
sonderbar,strange
fassade,facade
scharfschützen,snipers
anfrage,inquiry
bewegte,moved
ex-mann,ex-husband
fotografen,photographers
monika,Monika
cardassianer,Cardassians
solide,solid
ansiehst,look
freitagabend,Friday evening
legten,laid
klatsch,gossip
dewey,dewey
schicksals,fate
hartnäckig,persistent
bars,bars
paddy,Paddy
sofortige,immediate
küstenwache,coast guard
entsetzt,horrified
moe,moe
edle,noble
unbemerkt,unnoticed
religiöse,religious
scheiben,discs
plänen,plans
schleifen,grind
wundervoller,wonderful
mozart,Mozart
shelly,shelly
deprimierend,depressing
onkels,uncles
jade,jade
pol,pole
bedankt,thank you
fi,fi
harmonie,harmony
alexandra,Alexandra
jacqueline,Jacqueline
kelch,chalice
reddington,reddington
hüter,guardian
jetzigen,current
buchen,book
leiste,bar
dee,de
aufgeklärt,explain
kurzes,short
außenministerium,foreign ministry
wheeler,Wheeler
adios,adios
arrest,Arrest
oxford,Oxford
lebensform,form of life
clint,Clint
anfasst,touches
veranstaltet,organized
umstellt,changes
bezieht,refers
besetzung,occupation
murdock,Murdock
cut,cut
kriminell,criminal
praktikum,internship
grossen,large
angebote,offers
märtyrer,martyr
blutest,blood
anfange,begin
kick,kick
paß,passport
bogg,bogg
tapferen,brave
haupt,main
nachtschicht,night shift
gebrochene,broken
klebeband,tape
metzger,butcher
marlene,Marlene
gewöhnlichen,ordinary
umarme,hug
philipp,Philipp
leistungen,services
dankt,thanks
fitzgerald,Fitzgerald
lesben,lesbians
ehering,wedding ring
uno,U.N
strauss,bouquet
großbritannien,Great Britain
armeen,armies
aufsehen,sensation
heu,hay
schwarm,swarm
ziemlicher,quite a lot
eule,owl
mitteilung,notice
aufgerissen,torn open
sätze,sentences
gottverdammten,goddamn
gelockt,lured
erwägung,consideration
langsame,slow
keen,keen
gunst,favor
bann,spell
leichenschauhaus,morgue
widersetzen,resist
geflüchtet,fled
therapeut,therapist
abdrücken,press
hingehst,you go
lokale,local
edlen,noble
dialog,dialog
kaputte,broken
susanne,Susanne
tokyo,Tokyo
lordschaft,lordship
zuhört,listens
finanziellen,financial
camelot,Camelot
bäckerei,bakery
gehauen,hit
ziemliche,quite
bronx,Bronx
originell,original
sicherheitssystem,security system
elektronische,electronic
twilight,Twilight
glaubens,faith
charlene,Charlene
nahezu,almost
sichtkontakt,visual contact
strafen,punish
gehorsam,obedience
sportler,sportsman
mutiger,braver
becker,Becker
det,det
saga,saga
ski,ski
entgeht,escapes
abläuft,expires
timothy,Timothy
beschwingte,lively
lindsay,Lindsay
aufklärung,enlightenment
phantastisch,fantastic
zane,zane
eigen,own
haven,Haven
gracias,gracias
justine,Justine
blonden,blonde
kobra,cobra
beantragen,apply for
muscheln,shells
spot,spot
bewerbung,application
biologische,biological
raffiniert,refined
protest,protest
texte,texts
kapiere,I understand
linus,Linus
panne,breakdown
willens,willing
argentinien,Argentina
bissen,bite
abbiegen,turn
harbor,harbor
fernen,distant
versäumt,missed
frühe,early
rohre,tube
packte,packed
zeitmaschine,time machine
weiterzumachen,to continue
beiß,bite
kleinsten,smallest
verzögerung,delay
sprit,fuel
initialen,initials
ansprache,speech
recherchiert,researched
malley,malley
erfuhren,learned
ja.,Yes.
zahlte,paid
eingebaut,built-in
offener,open
geheimnisvoll,mysterious
geschöpf,creature
unangebracht,inappropriate
schlüsse,conclusions
eingefangen,captured
halts,halts
bewährungshelfer,probation officer
folgten,followed
erhebe,raise
brenner,burner
surfen,surfing
hintergehen,deceive
hörner,horns
fürchtest,fear
reaktor,reactor
run,run
zweieinhalb,two and a half
gebrochenen,broken
ansage,announcement
kompromiss,compromise
abzeichen,badge
mehrfach,multiple times
dolores,dolores
cox,cox
zielt,aims
vorlesung,lecture
gesamtes,entire
berechnet,calculated
römische,Roman
auffällig,noticeable
lenkrad,steering wheel
engagement,engagement
amerikanerin,American
harlem,Harlem
jose,jose
chakotay,chakotay
fernzuhalten,keep away
gründer,founder
technischen,technical
hassan,Hassan
eingeweide,guts
verschickt,sent
studierte,studied
industrie,industry
frühjahr,spring
heiligabend,Christmas Eve
stellvertreter,deputy
unvorstellbar,unimaginable
sichert,secures
scheißt,shits
space,space
zweifle,I doubt
verbrannte,burned
hähnchen,chicken
ren,ren
exfrau,ex-wife
kulturen,cultures
ehrgeizig,ambitious
anmelden,register
bewegst,move
verschüttet,spilled
whirlpool,whirlpool
atmung,breathing
kaltblütig,cold-blooded
handwerker,handyman
kurse,courses
griffen,grabbed
unangenehme,unpleasant
ausstellen,exhibit
andernfalls,otherwise
sonderlich,especially
angefühlt,felt
prag,Prague
frösche,frogs
herausfand,discovered
vega,vega
vance,vance
zärtlich,tender
doe,do
jüdischen,Jewish
steuerung,steering
zeitschriften,magazines
verbockt,botched
gewaltige,enormous
genesung,recovery
auftraggeber,client
wanna,wanna
abgehört,wiretapped
oregon,Oregon
gecheckt,checked
zusammenbruch,collapse
beachtet,noted
united,united
cowboys,cowboys
pumpe,pump
eagle,eagle
logbuch,logbook
irgendwem,anyone
ausgenommen,except
churchill,Churchill
rankommen,get close
relevant,relevant
t-shirts,t-shirts
besuchst,visit
tiefsten,deepest
einbildung,imagination
instabil,unstable
fühlten,felt
hr,hr
transportiert,transported
mönche,monks
lina,Lina
riggs,riggs
stacy,Stacy
beschuss,bombardment
fledermaus,bat
segnen,bless
stattgefunden,took place
nell,nell
lebeau,lebeau
krallen,claws
moss,moss
kgb,KGB
romantischen,romantic
blutig,bloody
alliierten,allied
mara,Mara
oberflächlich,superficial
sanders,sanders
hicks,hiccups
ostern,Easter
orangensaft,orange juice
unbekannter,unknown
thornton,thornton
ausgerutscht,slipped
aurora,aurora
freundlicher,friendlier
exil,exile
clary,clary
blog,blog
schmelzen,melt
mysteriösen,mysterious
überwunden,overcome
erdbeeren,strawberries
ära,era
eingefroren,frozen
großzügigkeit,generosity
einreichen,submit
anderswo,elsewhere
seinetwegen,because of him
ferguson,Ferguson
zwilling,twin
deppen,idiots
verlangte,demanded
genf,Geneva
trophäe,trophy
lucia,Lucia
wisch,wipe
reduziert,reduced
ernährt,fed
irgendjemandem,anyone
kaiserin,empress
koste,cost
reiste,traveled
lucrezia,Lucrezia
therapeutin,therapist
pfanne,pan
komma,comma
stillhalten,hold still
freundlichkeit,friendliness
stockholm,Stockholm
informiere,inform
konsul,consul
dante,Dante
gänge,aisles
irgendwen,anyone
unerhört,outrageous
deutlicher,more clearly
bomber,bomber
ausgeliehen,borrowed
drehten,turned
prostitution,prostitution
inoffiziell,unofficially
motherfucker,motherfucker
glücklichste,happiest
erschreckend,frightening
isolieren,isolate
flugplatz,airfield
friedliche,peaceful
lachs,salmon
furchtbarer,terrible
erkältet,cold
boyle,boyle
nadine,Nadine
slim,slim
angestellter,employee
anomalie,anomaly
bestimme,determine
off,off
provoziert,provokes
siehe,see
aufbewahren,store
diamant,diamond
herauskommen,come out
poster,poster
gräber,graves
savage,savage
heh,heh
jedesmal,every time
bajor,bajor
angepasst,adjusted
strick,knitting
übertreib,exaggerate
schweinchen,piglets
herbei,come
ahnte,suspected
dirk,Dirk
bewältigen,get over
fläschchen,bottle
sams,Sam's
kotze,vomit
übt,practices
lupe,magnifying glass
stanford,Stanford
davonlaufen,run away
klima,climate
zerstöre,destroy
jerome,Jerome
schöpfung,creation
befriedigen,satisfy
schossen,shot
soul,soul
verschlafen,overslept
indiana,Indiana
putzt,cleans
verdoppelt,doubled
entschuldigungen,apologies
inakzeptabel,unacceptable
prioritäten,priorities
bryan,Bryan
dominion,dominion
jem,someone
karate,karate
unterschreib,sign
clinton,Clinton
louisiana,Louisiana
fat,fat
f.,f.
kampfes,battle
grades,grades
komplizierte,complicated
j.d.,j.d.
waise,orphan
alain,alain
würdigen,appreciate
vorrat,stock
trocknen,dry
entfernte,distant
katja,Katja
bücherei,library
fallschirm,parachute
laurent,laurent
fusion,fusion
frachter,freighter
komplize,accomplice
haie,sharks
witzbold,joker
drecksarbeit,dirty work
schiedsrichter,referee
spezialisiert,specialized
innern,inside
verschlüsselt,encrypted
chirurgie,surgery
chff409b,chff409b
hüpfen,jump
festzustellen,to determine
harlan,Harlan
gerichts,court
matrosen,sailors
schweinerei,mess
schnarcht,snores
anzuhören,to listen
überprüf,check
überprüfung,examination
florenz,Florence
blanche,blanche
maddie,maddie
getauscht,exchanged
verübt,committed
blutige,bloody
galaxien,galaxies
antiquitäten,antiques
wandert,hikes
hormone,hormone
homo,homo
slade,Slade
chapman,Chapman
nachschub,resupply
america,America
zerbrechlich,fragile
palm,palm
basta,That's it.
riese,giant
brenne,burn
sticht,stings
hang,hang
leser,reader
zurückbleiben,to be left behind
woods,woods
prototyp,prototype
wider,against
liebenswürdig,amiable
gewohnheiten,habits
säure,acid
chaotisch,chaotic
geschissen,shit
moran,Moran
call,call
besorgnis,concern
grundschule,elementary school
verheiratete,married
aufruf,call
sauce,sauce
verwandter,related
schwelle,threshold
fröhliches,cheerful
mmh,Hmm
kühlen,cool
herrliche,magnificent
lächerliche,ridiculous
lift,lift
angriffen,attacked
zurückfahren,drive back
dutch,Dutch
verschluss,closure
herzchen,heart
eineinhalb,one and a half
verbrachten,spent
igor,Igor
besetzen,occupy
sexueller,sexual
spaßig,funny
kreuzen,cross
yep,yep
intuition,intuition
terrorismus,terrorism
traditionen,traditions
game,game
lad,load
vorgetäuscht,faked
satellit,satellite
lehnt,lean
samson,Samson
verhungere,starve
unterrichte,teach
burton,Burton
link,link
schiefgehen,go wrong
pyjama,pajamas
verurteile,condemn
wachtmeister,sergeant
dunkles,dark
abgeschlachtet,slaughtered
tätowierung,tattoo
ansprüche,claims
erleiden,suffer
ruinen,ruins
reife,ripe
kommenden,upcoming
hoffman,Hoffman
verstummt,silenced
panama,Panama
staubsauger,vacuum cleaner
projekte,projects
kopieren,copy
unters,under
begeht,commits
vorurteile,prejudices
militärischen,military
prüfe,check
verpissen,piss off
edler,noble
tablett,tray
geblasen,blown
hergeholt,far-fetched
beratung,advice
rabatt,discount
renne,run
behaltet,keep
tapferer,brave
offenbarung,revelation
wegkommen,get away
verabreden,make a date
motive,motive
unannehmlichkeiten,unpleasantries
village,village
späten,late
verfickten,fucking
argumente,arguments
behauptete,claimed
wertvolles,valuable
niki,niki
fehlern,errors
abendbrot,supper
putz,cleaning
übermitteln,transmit
spielplatz,playground
gutachten,appraise
auszusehen,to look
wiehert,neighs
basil,basil
spezielles,special
flüchtigen,fugitive
dringt,penetrates
verkraften,cope
unglaublichen,incredible
endlos,endless
kritiker,critic
schwuler,gay
hob,hob
pfleger,caregiver
klarmachen,make clear
dermaßen,so
benson,Benson
hindert,hinders
gespendet,donated
lire,lire
erstaunliche,amazing
gummi,rubber
patterson,Patterson
zicke,bitch
begreift,understands
marionette,marionette
backbord,port
benehmt,behave
buenos,buenos
erwähnten,mentioned
gestohlene,stolen
medaillon,medallion
streifenwagen,patrol car
pascal,Pascal
romanze,romance
shelley,shelley
fluchen,curse
javier,Javier
untergebracht,accommodated
kahn,boat
scht,scht
ehemänner,husbands
erfinder,inventor
kraftfeld,force field
unbesiegbar,invincible
niete,rivet
horst,horst
beinah,almost
schwing,swing
schneit,snowing
versenkt,sunk
wärest,would be
erika,Erika
brücken,bridges
toi,toi
stromausfall,power outage
zielscheibe,target
überschreiten,exceed
bird,bird
eingejagt,hunted
lt.,lt.
que,que
versenken,sink
fördern,support financially
kundin,customer
enzo,Enzo
portier,doorman
riech,smell
beobachter,observer
beerdigen,bury
su,su
entscheidende,crucial
zeugs,stuff
lorraine,Lorraine
auszusprechen,to pronounce
gerard,Gerard
dani,dani
zoom,zoom
brillante,brilliant
our,our
einfahrt,entrance
emotionalen,emotional
kommentare,comments
brachen,broke
parfum,perfume
roms,roms
durchschnitt,average
glücksspiel,gambling
geburtstagsparty,birthday party
cadillac,Cadillac
herausgestellt,highlighted
beeinträchtigt,affected
feel,feel
spiels,game
hinnehmen,accept
eingetragen,registered
sprünge,jumps
joker,joker
torpedos,torpedoes
belegen,prove
xavier,Xavier
belgien,Belgium
rouge,rouge
darius,Darius
hypnose,hypnosis
konfrontiert,confronted
gezielt,targeted
schauspielern,acting
murmeln,murmur
ultimative,ultimate
weggeschickt,sent away
regierungen,governments
erdnüsse,peanuts
missy,missy
spritztour,joyride
kopfgeldjäger,bounty hunter
einladungen,invitations
kleidern,clothes
mm-hm,mm-hm
chicken,chicken
hawk,hawk
quarterback,quarterback
glatze,bald
systems,systems
vergeblich,vain
mäuschen,little mouse
eingeliefert,delivered
entschlüsseln,decode
kerlchen,little guy
unentschieden,draw
ausverkauft,sold out
viermal,four times
fargo,Fargo
zugenommen,increased
völker,peoples
migräne,migraine
eddy,eddy
double,double
rothaarige,redhead
memphis,Memphis
aufgetragen,applied
runtergehen,go down
seen,seen
amnesie,amnesia
einzustellen,to adjust
bedeutest,means
steaks,steaks
empfänger,recipient
telefonbuch,phone book
massen,masses
vorführung,demonstration
cheese,cheese
angefordert,requested
royce,Royce
heinz,Heinz
hexerei,witchcraft
sündenbock,scapegoat
asien,Asia
kopiert,copied
astronaut,astronaut
eindringlinge,intruders
verhältst,behave
bosse,bosses
abzugeben,to give away
ice,ice
genetisch,genetically
anständiges,decent
lächelst,smile
davina,davina
wochenenden,weekends
augenbrauen,eyebrows
kauften,bought
unverändert,unchanged
fickst,fucks
schleicht,sneaks
unterbewusstsein,subconscious
nat,nat
sehne,tendon
schilling,schilling
schluß,ending
kundschaft,customers
verschrieben,prescribed
entfliehen,escape
bestohlen,robbed
klick,click
heiliges,holy
verstopft,clogged
kürbis,pumpkin
kröte,toad
demütigen,humble
grausamkeit,cruelty
makler,broker
ausgerastet,went berserk
geräumt,cleared
kalb,calf
santiago,Santiago
schnur,cord
garth,garth
len,len
foundation,foundation
death,death
kaputten,broken
rüberkommen,come over
senor,senor
teilte,shared
einleiten,initiate
gelder,funds
lizzy,lizzy
kommandeur,commander
demonstrieren,demonstrate
vereinbaren,agree
tranken,soak
copyright,copyright
ursula,Ursula
mitgekriegt,overheard
perkins,Perkins
kakerlaken,cockroaches
durchdacht,thought out
westlichen,western
waschmaschine,washing machine
shorts,shorts
sehn,see
dora,dora
vatikan,Vatican
ausgänge,exits
sausen,zoom
moralisch,morally
krönung,coronation
instinkte,instincts
hü,hü
vernon,Vernon
hierhergekommen,came here
büffel,buffalo
geborene,born
ausgebucht,fully booked
mitkommst,are you coming with me
irrsinn,madness
unterhalb,below
tok,tok
vors,before
jackett,jacket
geraubt,robbed
schwitzt,sweats
ständer,stand
lot,lot
luna,Luna
rolf,rolf
hingefallen,fell
kessel,boiler
jorge,Jorge
waffeln,waffles
korrupt,corrupt
freiwilligen,voluntary
kartell,cartel
ba,ba
kentucky,Kentucky
nevada,Nevada
cap,cap
illinois,Illinois
wies,pointed
trainiere,train
bloom,bloom
kreise,circles
raquel,Raquel
eiscreme,ice cream
heimweh,homesickness
four,the
entschärfen,defuse
spionin,spy
behielt,retained
einstecken,plug in
franco,Franco
wiedergeboren,reborn
festgelegt,determined
wähler,voter
bürde,burden
models,models
besorgte,concerned
fetzen,shreds
blute,blossom
leidest,suffer
blood,blood
shanghai,Shanghai
trent,trent
brüssel,Brussels
vorgeschichte,prehistory
ninja,ninja
großvaters,grandfather's
sabrina,Sabrina
rausschmeißen,throw them out
verleger,publisher
genetische,genetic
säge,saw
ansatz,approach
erlitt,suffered
darstellt,represents
wohlauf,well
allmächtiger,almighty
mochtest,liked
verrecken,die
verstoß,violation
weston,Weston
treppenhaus,stairwell
leland,Leland
notieren,note
erwidern,reply
speicher,memory
rauskommst,you get out
springfield,springfield
sunny,sunny
lokalisieren,locate
spence,spence
wangen,cheeks
aubrey,Aubrey
periode,period
beschatten,shadow
höchster,highest
luc,luc
gehirnwäsche,brainwashing
brothers,brothers
stalker,stalker
gleis,track
erdnussbutter,peanut butter
gallagher,Gallagher
arnie,Arnie
antut,inflicts
wohnten,lived
nachschauen,look
breite,width
dot,dot
gespeichert,saved
verkleiden,disguise
grauenhaft,horrible
beobachtete,observed
wegzulaufen,to run away
wiederfinden,find again
sinnvoll,sensible
englands,England's
ostküste,east coast
historischen,historical
scheich,sheikh
reparaturen,repairs
ähnlichen,similar
aufgeschlitzt,slashed
sanchez,Sanchez
stecker,plug
republikaner,republican
gottesdienst,worship
weis,white
charly,Charly
türkei,Türkiye
vollständige,complete
gebieter,master
amerikanern,Americans
schmutziges,dirty
intelligente,intelligent
getauft,baptized
soda,soda
einsatzbereit,ready for use
verliehen,awarded
beton,concrete
ausreichen,sufficient
untersuche,examine
robbins,Robbins
sabotage,sabotage
konsulat,consulate
marta,marta
nimmer,never
aufgeflogen,exposed
ballons,balloons
geburtstagsgeschenk,birthday present
micki,micki
fleming,Fleming
rotwein,red wine
wagens,wagens
blutes,blood
tausendmal,a thousand times
fuller,filler
trab,trot
great,great
hetero,hetero
äußere,outer
gatten,husband
verlassenen,abandoned
sauberen,clean
berechtigt,justified
gunsten,in favor
gefrühstückt,ate breakfast
trockenen,dry
taschengeld,pocket money
gespenster,ghosts
robby,Robby
schenkel,leg
herzanfall,heart attack
downtown,downtown
wirbelsäule,spine
curt,curt
genuss,enjoyment
flyer,flyer
reservierung,reservation
gelübde,vow
dreien,three
blutigen,bloody
carroll,Carroll
notwendigkeit,need
ichs,I ... it
rover,rover
rücksichtslos,reckless
malik,malik
korn,grain
vermutungen,assumptions
dwight,dwight
fülle,fill
walzer,waltz
verstört,disturbed
zahlung,payment
fürsorge,care
inspektion,inspection
kennenlernte,met
sauberes,clean
amulett,amulet
neuerdings,recently
zusteht,is entitled to
remington,Remington
überholt,obsolete
vergossen,shed
wörtlich,literally
bereust,regrets
platzieren,place
parteien,parties
kontinent,continent
schweinehund,scoundrel
university,university
wachs,wax
eintrag,entry
lindern,alleviate
straßenseite,street side
geniale,brilliant
untertitelung,subtitles
hinstellen,stand
angekündigt,announced
meyer,meyer
erfand,invented
treuer,loyal
entsprechen,are equivalent to
aufladen,charge
blüht,blooms
beule,bump
katz,cat
church,church
sprachlos,speechless
scan,scan
düster,grim
manuela,Manuela
emmett,emmett
i.,i.
logische,logical
tapfere,brave
joghurt,yogurt
barrett,Barrett
biologie,biology
anwälten,lawyers
geschäftliches,business
ellbogen,elbow
widersetzt,resists
meth,method
geklopft,knocked
wright,Wright
begrüßung,greeting
steckten,stuck
dauerhaft,permanently
steuert,controls
windel,diaper
älterer,older
greife,grab
jeremiah,Jeremiah
blüte,blossom
ehen,marriages
repariere,repair
irving,Irving
docks,docks
warnte,warned
überarbeitet,revised
jagte,hunt
dörfer,villages
ungefährlich,harmless
webber,webber
versorgung,supply
angenehmer,pleasant
wohler,well
trey,trey
leila,Leila
granaten,grenades
verstreut,scattered
spuckt,spits
deep,deep
bagdad,Baghdad
wale,whales
tagesanbruch,daybreak
subbed,subbed
interessierst,Are you interested?
franks,Franks
berührte,touched
polizeiarbeit,police work
interessierte,interested
stottert,stutters
beworben,advertised
vorziehen,prefer
türglocke,doorbell
kompletten,complete
abgeriegelt,sealed off
fenstern,windows
weilchen,while
cary,cary
klammern,brackets
ruck,jerk
drückte,pressed
beitragen,contribute
offenes,open
plündern,plunder
wikinger,Vikings
abserviert,dismissed
gebührt,due
padre,padre
geklingelt,rang
beschränkt,limited
betäuben,numb
nigga,nigga
frankfurt,Frankfurt
prof.,Prof.
antiker,antique
mikrowelle,microwave
herkommst,where you come from
ernster,serious
umgekommen,died
coup,coup
mülleimer,trash can
definieren,define
malibu,Malibu
entwickelten,developed
buzz,buzz
getrennte,separate
ausüben,exercise
manöver,maneuver
verlängern,extend
schauspiel,acting
verehrt,revered
vers,verse
wag,wage
schenkst,you give
getreide,grain
empire,Empire
zac,zac
sicherste,safest
fehlenden,missing
dummerchen,silly thing
bleistift,pencil
wissens,knowledge
alejandro,alejandro
gänsehaut,goose flesh
w.,w.
zurücknehmen,withdraw
magisch,magical
jungfrauen,virgins
trommel,drum
ereignissen,events
ahoi,ahoy
freundlichen,friendly
üblen,evil
gebrannt,burned
verkündet,announced
skipper,skipper
bestelle,order
logo,logo
vitamine,vitamins
lover,lover
flachgelegt,laid flat
leroy,leroy
abgesucht,searched
verblutet,bled to death
gerüchten,rumors
örtliche,local
verpfiffen,ratted out
rosalie,Rosalie
wegzukommen,to get away
express,express
mitzukommen,to come along
berühre,touch
blutvergießen,bloodshed
weigerte,refused
puzzle,puzzle
diaz,diaz
pure,pure
erwähne,mention
faulen,lazy
gesündigt,sinned
picasso,picasso
streitkräfte,armed forces
flügeln,wings
bedeutungslos,meaningless
sperre,lock
psychopathen,psychopaths
pfiff,whistle
abgeordneter,member of parliament
kritisieren,criticize
krankes,sick
jüdische,Jewish
zornig,angry
briefen,briefs
lili,Lili
heiratsantrag,marriage proposal
ole,ole
gießen,pour
bestochen,bribed
beweismaterial,evidence
coleman,Coleman
religiös,religious
vermittelt,conveyed
arche,ark
elite,elite
fliegenden,flying
motiviert,motivated
medikamenten,medication
schlank,slim
lorenzo,Lorenzo
befugnis,authority
lockhart,Lockhart
johan,johan
regst,active
beau,beau
fettes,fat
verhext,bewitched
todesurteil,death sentence
kaiserliche,imperial
besorgst,get
forschungen,research
allie,allie
auszuziehen,to move out
rutscht,slips
entwischen,escape
ringen,wrestling
ausgetrickst,tricked
creme,cream
auszugeben,to spend
clive,clive
why,why
zurückzugeben,to return
fährte,track
barbaren,barbarians
verzaubert,enchanted
coop,coop
interessanten,interesting
rudern,rowing
kriegte,got
überquert,crossed
ergangen,passed
neigen,tend
coco,coco
untergeht,sinks
kunstwerk,artwork
bodyguard,bodyguard
behinderung,disability
blühen,bloom
dünne,thin
kamm,comb
verwandlung,transformation
hunderten,hundreds
antike,antique
warner,Warner
pelz,fur
3-mal,3 times
jemandes,someone
regenbogen,rainbow
zitieren,quote
verursachte,caused
zürich,Zurich
kippe,tip
blamieren,embarrass
chinatown,Chinatown
programme,program
nottingham,Nottingham
pate,godfather
inszeniert,staged
vorenthalten,withheld
freigabe,release
beidem,in which
differenzen,differences
außergewöhnliches,extraordinary
beteiligten,involved
neville,neville
springer,springer
angus,Angus
grosser,large
übungen,exercises
mittelalter,medieval
skript,script
simulation,simulation
stockwerke,floors
strahl,beam
circa,approximately
überlässt,leaves
bye-bye,bye Bye
starling,starling
feng,feng
geschadet,damaged
geldbeutel,wallet
obere,upper
glücksbringer,lucky charm
adolf,Adolf
fowler,Fowler
spitz,pointed
vargas,Vargas
motivation,motivation
abwesend,absent
gunnar,gunnar
viper,viper
zerquetscht,crushed
stetson,Steston
pisser,pisser
konferenzraum,conference room
declan,Declan
weitergegeben,passed on
malte,paint
draufgehen,die
davey,Davey
beteiligen,participate
whoo,whoo
castiel,castiel
unverschämtheit,outrageous
plattform,platform
mexikanischen,Mexican
phyllis,Phyllis
bündnis,alliance
kripo,criminal investigation department
benachrichtigt,notified
beunruhigend,worrying
vernachlässigt,neglected
europas,Europe's
schnellsten,fastest
küken,chick
could,could
yacht,yacht
feines,fine
kutscher,coachman
lagerraum,storage room
parasiten,parasites
erhalte,receive
landest,land
olaf,Olaf
ferrari,Ferrari
spieß,pike
blickt,looks
helga,Helga
bluebell,bluebell
give,give
stalag,stalag
knete,clay
ripper,ripper
wissenschaftlichen,scientific
leeres,empty
demnach,according to
really,really
planänderung,change of plan
hinkommen,getting there
leichtsinnig,reckless
dreckiges,dirty
jennings,Jennings
zufälligerweise,Coincidentally
verpasste,missed
gesetzen,laws
aufseher,supervisor
geheimer,secret
jugendamt,youth welfare office
horde,horde
reisende,travelers
darwin,Darwin
schmetterlinge,butterflies
sehnen,tendons
geschmiert,lubricated
buchanan,Buchanan
mutige,courageous
doppelgänger,doppelganger
treff,meeting
kinderzimmer,nursery
stacey,Stacey
vorführen,demonstrate
gesindel,rabble
vorwarnung,advance warning
astrid,astrid
wählerisch,picky
beschleunigt,accelerated
charleston,Charleston
einschätzung,assessment
best,best
vorspielen,play
dorfbewohner,villagers
superheld,superhero
stationen,stations
beihilfe,aid
erlöst,redeemed
unkraut,weed
flüchtig,volatile
renovieren,renovate
verheirateten,married
pearson,pearson
stützen,support
nachweisen,prove
sierra,Sierra
forbes,forbes
ruinierst,ruin
kaplan,chaplain
pepper,pepper
ms,ms
then,then
auszusagen,to state
elfen,elves
ehepaar,couple
objektiv,lens
spür,feel
gefordert,required
zumute,mood
vorliebe,preference
kathryn,Kathryn
iwan,Ivan
about,about
denny,denny
durchgebrannt,burned out
planst,plans
paranoia,paranoia
ai,AI
zivilisationen,civilizations
vous,vous
abfeuern,firing
erstmals,first time
seufzen,sigh
verübeln,resent
erleuchtung,enlightenment
erfolgreicher,successful
schäm,shame
irgendwoher,from somewhere
unterhalt,maintenance
vormund,guardian
kommunist,Communist
hobbs,hobbs
draper,draper
murmelt,murmurs
wohle,well-being
hinterlasse,leave
wundervolles,wonderful
feuerwehrmann,firefighter
kopfhörer,headphones
austern,oysters
juwel,jewel
abgefangen,intercepted
zugreifen,access
musical,musical
charming,charming
delphine,dolphins
webster,Webster
wiener,Viennese
griechischen,Greek
gemahl,husband
appartement,apartment
sekt,sparkling wine
zerstörten,destroyed
entschädigung,compensation
reiz,stimulus
längere,longer
expertin,expert
via,via
uhm,uhm
d.h.,i.e.
handle,handle
palace,palace
gatte,spouse
brummt,hums
schriften,writings
überblick,overview
keep,keep
lebensstil,lifestyle
eingetreten,entered
vertauscht,swapped
weltmeister,world champion
unterschiede,differences
wesentliche,essential
deals,deals
gemischt,mixed
gruft,crypt
steigern,increase
handbuch,manual
savannah,savannah
too,too
maine,Maine
heirateten,married
lutschen,suck
milde,mild
formulare,forms
perfektion,perfection
haufenweise,heaps
scheppern,rattle
dollars,dollars
wissenschaftlich,scientific
walters,Walters
jessi,Jessi
buben,boys
kaufhaus,department store
erweist,proves
zusammengebrochen,collapsed
fakultät,factorial
leitete,led
möpse,pugs
überfällig,overdue
luzifer,Lucifer
beantragt,applied for
präsentiere,present
französischer,French
lokalen,local
dringende,urgent
empfand,felt
angestarrt,stared at
schlagzeile,headline
genies,geniuses
moira,moira
genannten,mentioned
kacken,pooping
streichholz,match
favorit,favorite
gnädiger,merciful
hold,hold
verwalter,administrator
forderung,financial support
ehefrauen,wives
heft,notebook
banner,banner
erwürgen,strangle
tragische,tragic
rechter,right
organismus,organism
potential,potential
schnellstens,as soon as possible
zurechtkommen,cope
kontrolliere,check
veranlassen,cause
hingehe,go there
vorladung,summons
himmlisch,heavenly
sowjetunion,Soviet Union
verheilt,healed
sicheres,safe
misshandelt,abused
unterbringen,accommodate
erlösen,redeem
abgereist,departed
lebensversicherung,life insurance
part,part
meisterschaft,championship
kantine,canteen
bürgermeisters,mayor
aufgeweckt,awake
erkunden,explore
verwundbar,vulnerable
zufügen,add
gekonnt,skillfully
erbaut,built
almosen,alms
sagtet,said
memo,memo
beleidigend,offensive
vergnügt,cheerful
abgebrannt,burned down
wischen,wipe
geistige,spiritual
rückendeckung,backing
mcdonald,McDonald
agents,agents
haustiere,pets
geeinigt,agreed
hansen,Hansen
penthouse,penthouse
cassandra,cassandra
brauchtest,needed
masche,mesh
vampiren,vampires
montreal,Montreal
angenehmen,pleasant
dope,dope
serge,serge
beladen,loaded
abliefern,deliver
erhofft,hoped
rauskomme,get out
sterblichen,mortal
esszimmer,dining room
sabotieren,sabotage
stalin,Stalin
minnie,Minnie
außenwelt,outside world
ignoriere,ignore
patriot,patriot
vögelt,birds
gehaltserhöhung,salary increase
everett,everett
ss,ss
verblüffend,astonishing
ferdinand,Ferdinand
erlaubte,permitted
sitzungen,sessions
erbsen,peas
gangs,gangs
kreuzfahrt,cruise
schilder,signs
servus,Goodbye
klon,clone
chcyan,chcyan
dea,dea
illusionen,illusions
augenzeugen,eyewitnesses
ärztliche,medical
krypton,krypton
einsetzt,uses
would,would
homeland,homeland
kläre,clarify
auszuführen,to perform
triebwerke,engines
verabreicht,administered
app,app
lisbon,Lisbon
anerkannt,recognized
cobb,cobb
ko,ko
aufbringen,apply
anstarren,stare
emilio,Emilio
zimmern,carpentry
briggs,Briggs
katholisch,Catholic
barcelona,Barcelona
seile,ropes
schacht,shaft
luisa,Luisa
geiler,awesome
wachstum,growth
donut,donut
zufriedenheit,satisfaction
wood,wood
weide,pasture
vicki,Vicki
bowling,bowling
lawson,lawson
beitreten,join
ekel,disgust
physisch,physically
maße,mass
gewundert,wondered
roller,roller
st,st
speisekarte,menu
zurückschicken,return
enthüllen,reveal
bescheidenheit,modesty
verbrenne,burn
übersee,overseas
jesu,Jesus
ori,ori
londoner,London
hinhalten,stalling
trauriges,sad
orangen,oranges
schutzengel,guardian angel
yankee,Yankee
bewerben,apply
weizen,wheat
gips,plaster
siedlung,settlement
eigenschaft,characteristic
kröten,toads
geweiht,consecrated
hochzeitsreise,honeymoon
jace,jace
sayid,sayid
wahrhaft,truly
preisen,praise
betreibt,operates
höllisch,hellish
überreichen,hand over
piggy,piggy
ching,ching
elternteil,parent
ay,ay
fallenlassen,drop
medizinisches,medical
barrow,barrow
swan,swan
skalpell,scalpel
abmarsch,departure
verteidige,defend
floß,raft
geistigen,spiritual
tournee,tour
entzündet,inflamed
porträt,portrait
angeschrien,screamed at
seavers,seavers
sauberer,cleaner
asyl,asylum
verachten,despise
passenden,suitable
jenes,that
schockierend,shocking
eliot,Eliot
plötzliche,sudden
saloon,saloon
ausatmen,exhale
ops,ops
vorgelesen,read aloud
atelier,studio
bessern,improve
yuki,Yuki
rafael,Rafael
tyson,Tyson
league,league
spucke,spit
seymour,Seymour
unglaubliches,incredible
pinguin,penguin
lords,lords
festival,festival
notar,notary
sterbenden,dying
anfühlen,feel
durchschauen,see through
cheeseburger,cheeseburger
schlappschwanz,limp tail
lapd,lapd
täten,would
strümpfe,stockings
usw.,etc.
holden,hold
cookie,cookie
kräuter,herbs
ade,goodbye
kleinstadt,small town
markieren,mark
sd-6,SD-6
justizministerium,Ministry of Justice
verborgenen,hidden
harald,Harald
offenbart,reveals
abfindung,severance pay
surren,buzzing
hausarbeit,homework
lautete,read
cocktails,cocktails
nervenzusammenbruch,nervous breakdown
vierzig,forty
waschbecken,bathroom sink
dümmste,dumbest
abseits,offside
francesca,Francesca
szenario,scenario
rip,rip
jahrgang,vintage
haube,hood
claus,Claus
anschnallen,buckle up
flöte,flute
störst,are you disturbing
stücken,pieces
room,room
verfolgst,are you pursuing
russischer,Russian
lambert,Lambert
verwende,use
jeb,jeb
eskorte,escort
fehl,missing
gebumst,fucked
feen,fairies
solomon,Solomon
alberne,silly
nippel,nipple
balken,beam
cheerleader,cheerleader
pc,PC
dranbleiben,Stay tuned
acker,field
medizinisch,medical
zusammenreißen,pull yourself together
bekloppt,crazy
takt,tact
vollbringen,accomplish
menü,menu
wiedergutmachung,reparations
pasta,pasta
schlimmere,worse
edna,Edna
reyes,reyes
andersrum,the other way
frieren,freeze
unverletzt,uninjured
langweilige,boring
treib,drive
genehmigen,to permit
kluges,clever
mutters,mother's
barton,barton
schmilzt,melts
stinksauer,furious
schwesterchen,little sister
psychologische,psychological
befunden,found
clare,clare
neigt,tends
hebamme,midwife
verteidigungsministerium,Ministry of Defense
tau,dew
schwarzmarkt,black market
vollendet,completed
ausgehalten,endured
akku,battery
inder,in the
lächerlichen,ridiculous
vortäuschen,pretend
hetzen,rush
vorgeben,specify
trennten,separated
saunders,Saunders
sterbt,dies
tollste,greatest
verträgt,tolerates
unmittelbar,directly
erhängt,hanged
hinab,down
ausserdem,aside from that
albernen,silly
grässlich,horrible
aufgibt,gives up
legion,legion
dimitri,dimitri
gekränkt,offended
gelegenheiten,opportunities
beabsichtigt,intended
kostenlose,free
nachvollziehen,comprehend
alltag,everyday
gebadet,bathed
einwandfrei,flawless
zusammengeschlagen,beaten up
schlampig,sloppy
glückwünsche,congratulations
shadow,shadow
alabama,Alabama
attraktive,attractive
umbrachte,killed
kolumbien,Colombia
forrest,forest
zurückzubekommen,to get back
fitnessstudio,gym
item,item
zelten,camping
behaupte,claim
wichtigere,more important
freiraum,free space
verjagt,chased away
crusher,crusher
prometheus,Prometheus
schmoren,braise
komplimente,compliments
mahl,meal
fässer,barrels
schluckt,swallows
oklahoma,Oklahoma
schaufeln,shoveling
krokodil,crocodile
botschaften,embassies
music,music
hola,hola
ehrlichen,honest
auslassen,omit
unpassend,inappropriate
ausgegraben,dug up
bellamy,bellamy
auszusetzen,to suspend
übergang,transition
turbo,turbo
addison,Addison
ankündigung,announcement
gewöhn,habit
silvia,Silvia
burkhalter,burkhalter
religiösen,religious
selbstverteidigung,self-defense
storm,storm
angesteckt,infected
bedauerlicherweise,Unfortunately
auserwählte,selected
pipi,pee
eliminiert,eliminated
leah,leah
sitte,custom
rene,Rene
tate,tate
byron,Byron
philly,Philly
erlaubst,allow
cohen,cohen
größtenteils,mostly
darstellung,depiction
stattgegeben,granted
reißverschluss,zipper
entschlossenheit,determination
seltenen,rare
kameramann,cameraman
cuddy,cuddy
rekruten,recruits
eingeweiht,inaugurated
esteban,esteban
aufgehen,rise
glied,member
zusammenkommen,come together
wechsle,switch
kolumne,column
betrunkenen,drunk
abende,evenings
schlaue,cunning
minnesota,Minnesota
aziz,aziz
streite,argue
zustande,a
sg-1,sg-1
maryland,Maryland
abschlagen,break
lockt,entices
lungenentzündung,pneumonia
spülen,wash
ricardo,ricardo
psychisch,psychological
schwänzen,truancy
meckern,complain
zebra,zebra
sogenannte,so-called
missionen,missions
hausmädchen,maid
dogs,dogs
wales,Wales
vorgänger,predecessor
eingeleitet,initiated
rumgemacht,made out
trauben,grapes
auszulöschen,to extinguish
boomer,boomer
läge,would be
löscht,deletes
tasha,Tasha
landstreicher,vagrant
rechtmäßig,lawfully
jahrzehnten,decades
psychologen,psychologists
massive,massive
mustafa,Mustafa
della,della
nathalie,Nathalie
flanke,flank
lyla,lyla
ersparnisse,savings
einzumischen,to interfere
dillon,dillon
joanna,Joanna
treuen,loyal
frist,deadline
tonight,tonight
südafrika,South Africa
brigitte,Brigitte
boone,boone
teilzunehmen,to participate
scher,shear
heights,heights
widerrede,rebuttal
übernahme,takeover
snacks,snacks
ernährung,nutrition
vorfälle,incidents
wahnvorstellungen,delusions
schnappe,grab
bequemer,comfortable
popmusik,pop music
hoden,testicles
aufdringlich,intrusive
staatsanwältin,public prosecutor
abstoßend,repulsive
bataillon,battalion
japp,Yep
energiequelle,energy source
springst,jump
widerspruch,contradiction
wehr,defense
free,free
betrunkene,drunk
geschubst,pushed
machs,do it
griechisch,Greek
ungarn,Hungary
pscht,shh
homosexuell,homosexual
aufregende,exciting
diabetes,diabetes
schnieft,sniffles
verbittert,bitter
spüle,sink
tanzte,danced
herausforderungen,challenges
nachsitzen,detention
lebensgefahr,life-threatening
übergehen,transition
wortes,word
nein.,no.
agency,agency
nebeneinander,side by side
gladys,gladys
sammler,collector
schnall,buckle
historische,historical
moralischen,moral
bmw,BMW
verwüstet,devastated
grabstein,gravestone
reh,deer
präsenz,presence
erkundigt,inquired
angegeben,specified
wahrnehmung,perception
gepflegt,well-maintained
hautfarbe,skin color
büchse,can
newkirk,newkirk
abfangen,intercept
geschwächt,weakened
betreffen,regarding
vice,vice
automaten,vending machines
zugerichtet,prepared
öffnung,opening
muffins,muffins
heikel,delicate
visitenkarte,business card
stifte,pens
betrat,entered
allmächtigen,almighty
jahrzehnte,decades
rebekah,Rebekah
odysseus,Odysseus
schöneres,more beautiful
geschlossenen,closed
gewickelt,wrapped
leopold,Leopold
karren,cart
chin,chin
recherche,research
erhört,he's listening
frustrierend,frustrating
erlöse,revenues
forderte,demanded
uber,above
anleitung,directions
cover,cover
vergiß,forget
durchreise,transit
sechste,sixth
begehren,desire
abtreten,cede
massachusetts,Massachusetts
slip,slip
mustang,mustang
handlanger,henchman
winters,winters
zeke,zeke
some,some
tröstet,comforts
bemühe,try
bluff,bluff
untreu,unfaithful
lmmer,lmm
odin,Odin
verhalte,behave
teilhaben,participate
klartext,plain text
liebenswert,lovable
jackpot,jackpot
gebären,give birth
aufstellung,setup
lippe,lip
baba,baba
lillian,Lillian
morgana,Morgana
mallory,Mallory
guttun,do well
chung,chung
diene,serve
siege,victories
entzogen,withdrawn
smallville,smallville
pazifik,Pacific
vordertür,in front of the door
angefleht,begged
denkmal,monument
panther,panther
anzuschließen,to connect
nördlichen,northern
schrauben,screws
ticken,tick
junggeselle,bachelor
ertränken,drown
manning,manning
schickes,stylish
gänzlich,completely
verfehlen,miss
lieferanten,suppliers
hopkins,Hopkins
leih,loan
carlton,Carlton
mother,mother
unerwartete,unexpected
halsband,collar
strömung,flow
beweismittel,evidence
petrus,Peter
geborgen,rescued
bien,bien
pfennig,pfennig
einfall,incidence
auferstehen,resurrection
erfolgreichen,successful
krähen,crow
abgekriegt,got hit
wertvoller,valuable
gefürchtet,feared
verfluchtes,cursed
witzige,funny
orlando,Orlando
marschiert,marches
heftige,intense
umfallen,fall over
gebiete,areas
leckeres,delicious
rumstehen,standing around
aufregendes,exciting
gefäß,vessel
garden,garden
anwesenden,present
bedien,operator
around,around
herzstillstand,cardiac arrest
betrieben,operated
wahnsinniger,insane
bestellte,ordered
artig,well
publicity,publicity
iq,iq
pas,pas
bevorsteht,upcoming
polieren,polishing
diebin,thief
verzerrt,distorted
reinheit,purity
anrühren,touch
tornado,tornado
stör,sturgeon
demütigung,humiliation
detektive,detectives
überspringen,skip
kapuze,hood
britta,Britta
kostbare,precious
fund,fund
repräsentiert,represents
sulu,sulu
höhen,heights
zahlreiche,numerous
gewand,garment
einspringen,step in
ungeziefer,vermin
buches,book
wdr,WDR
beat,beat
verpackt,packaged
islam,Islam
mobile,mobile
brennenden,burning
family,family
einjagen,to induce
lime,lime
franky,Franky
kohl,cabbage
momenten,moments
bangkok,Bangkok
erneuern,renew
kindchen,little one
bum,boom
betonen,emphasize
officers,officers
alldem,all this
verstorbene,deceased
corey,corey
spezialist,specialist
füttere,feed
bliebe,remain
darsteller,actors
proviant,provisions
chu,chu
gesichtern,faces
versprachen,promised
ferkel,piglet
ka,ka
klischee,cliché
orakel,oracle
dude,dude
ficke,fuck
übertroffen,surpassed
anfingen,began
verwöhnen,pamper
gaston,gaston
moriarty,moriarty
effizient,efficient
eitelkeit,vanity
unruhen,unrest
selma,Selma
escobar,Escobar
klappte,It worked
marx,Marx
hazel,hazel
ausgangssperre,curfew
bestätige,confirm
kühler,cooler
adama,adama
eintrifft,arrives
revoir,goodbye
anheuern,hire
versetzung,transfer
gleicher,same
zündung,ignition
eingeführt,introduced
riskierst,risk
bestreiten,deny
jahrmarkt,fair
gebote,bids
aufgegessen,eaten
abed,evening
therese,therese
armselig,pathetic
größerer,larger
knaller,awesome
aquarium,aquarium
reservieren,reserve
wasserfall,waterfall
ständige,constant
davongekommen,escaped
aushelfen,help out
knaben,boys
aufgesetzt,set up
spare,save
halblang,medium length
lest,read
spielfeld,playing field
repräsentieren,represent
strohsack,straw sack
bademantel,bathrobe
trupp,troop
schießpulver,gunpowder
mindy,mindy
hochzeitsgeschenk,wedding gift
behindern,hinder
romulaner,Romulan
wölfen,wolves
fantastischen,fantastic
flüge,flights
zerfetzt,Torn to shreds
peyton,peyton
umgehauen,knocked out
postkarte,postcard
millimeter,millimeter
babysitten,babysitting
lotte,Lotte
ehrenhaft,honorable
einzunehmen,to take
schaum,foam
chambers,chambers
loft,loft
eintopf,stew
pickel,pimple
hauptstraße,main street
hürrem,hürrem
benennen,name
bösartig,malign
anführen,lead
unglückliche,unfortunate
zange,tongs
bäcker,baker
völliger,complete
reisenden,travelers
perverse,perverse
gespür,flair
aktenkoffer,briefcase
erfülle,fulfill
zubereitet,prepared
heissen,be called
erdboden,ground
hüa,hüa
reinbringen,bring in
vorbestraft,prior conviction
saures,acidic
erfolge,successes
zeichnet,draws
schrottplatz,junkyard
examen,exam
herzliches,cordial
beben,tremble
wehrt,defends
kanister,canister
meinungen,opinions
bobo,bobo
ebenen,levels
omen,omen
tresen,counter
alpträume,nightmares
very,very
linker,left
oberleutnant,first lieutenant
exklusiv,exclusive
stolze,proud
zusätzlichen,additional
evie,evie
missachtet,ignored
abgehängt,left behind
diskussionen,discussions
mccarthy,McCarthy
marple,Marple
dublin,Dublin
konvoi,convoy
einrichtungen,facilities
untertanen,subjects
gerechten,fair
brent,Brent
kilometern,kilometers
gemessen,measured
fußstapfen,footsteps
anya,anya
toaster,toaster
bekennen,confess
strange,strange
nacheinander,successively
dinozzo,dinozzo
brandstiftung,arson
lachten,laughed
referenzen,references
tai,tai
bürgermeisterin,mayor
honorar,fee
erfrischend,refreshing
launisch,moody
rekrutiert,recruited
fabriken,factories
premier,premier
terrence,terrence
öffnest,open
überlegst,are you considering
wendung,turn
gilles,Gilles
vorsitzenden,chairman
staatliche,state
verfasst,written
uhtred,uhtred
pakistan,Pakistan
schreiend,screaming
weiterarbeiten,continue working
durchfall,diarrhea
verlief,went
vernünftiger,reasonable
entsorgen,dispose
definiert,defined
hässliches,ugly
zündet,ignites
verschlingen,devour
board,board
schwan,swan
souvenir,souvenir
undankbar,ungrateful
sequenz,sequence
weges,way
erworben,acquired
konnen,can
salem,Salem
griechische,Greek
harmon,harmony
erholung,recreation
kontrollraum,control room
trockene,dry
raphael,Raphael
rutschen,slide
liebenden,loving
studios,studios
artillerie,artillery
hämmern,hammer
obdachlose,homeless
abfahren,depart
realen,real
adel,nobility
kracht,crash
kuscheln,cuddle
geschoben,pushed
püppchen,doll
vorhatte,planned
dringen,penetrate
brutale,brutal
cece,cece
arschgesicht,assface
muffin,muffin
offenbaren,reveal
again,again
head,head
carly,carly
naturtalent,natural talent
streber,overachiever
mill,mill
margo,margo
entfernten,removed
schnüffeln,sniff
aufführen,perform
winken,waving
rivalen,rivals
revanchieren,retaliate
hässlicher,ugly
rené,René
gewisses,certain
anakin,Anakin
ermutigt,encouraged
abfinden,settle
dark,dark
truman,Truman
eiche,oak
schubsen,push
marguerite,marguerite
newman,newman
brüsten,breasts
paco,Paco
schwingt,swings
espresso,espresso
mabel,Mabel
wahnsinnige,insane
geachtet,respected
ahnt,suspects
zwitschern,chirp
wiederhergestellt,restored
brecht,Brecht
computern,computers
has,has
blamiert,embarrassed
anbringen,attach
spatz,sparrow
anschreien,shouting
versprechungen,promises
zauberhaft,magical
krümel,crumbs
einzelgänger,loner
liebende,loving
medizinischer,medical
wackeln,wobble
season,season
interviewen,interview
wiederherstellen,restore
dummköpfe,idiots
kostbar,precious
mumie,mummy
kittel,coat
kapitulation,surrender
woraus,from which
verzichtet,waived
schmied,blacksmith
donnern,thunder
lightman,lightman
monique,monique
him,him
hiro,Hiro
ave,ave
schmieren,lubricate
lilli,Lilli
hara,hara
einfachste,simplest
missouri,Missouri
herrlicher,magnificent
lennox,lennox
mandantin,client
herrlichen,magnificent
darm,colon
barb,barb
ranzukommen,to get to
überwiesen,transferred
identifizierung,identification
kev,kev
jungfer,virgin
talbot,Talbot
schonmal,ever
barbecue,barbecue
banker,banker
geschäftliche,business
melinda,Melinda
imbiss,snack
vibriert,vibrates
davies,Davies
wegschicken,send away
karotten,carrots
delaney,delaney
durchgefallen,failed
stolzer,proud
festlegen,establish
strahlt,radiates
arroganz,arrogance
hã,Ha
disneyland,Disneyland
geoffrey,Geoffrey
verletzlich,vulnerable
gregor,Gregor
pegasus,Pegasus
wegzunehmen,to remove
port,port
stabilisieren,stabilize
morrison,Morrison
tschüß,bye
mexikanische,Mexican
indizien,evidence
gmbh,GmbH
dilemma,dilemma
telefonklingeln,phone ringing
rückstand,residue
hinrichten,execute
ausgestorben,extinct
sponsor,sponsor
ariel,Ariel
durchsuchung,search
allgemeine,general
theodore,theodore
higgins,Higgins
züchten,breed
altmodische,old-fashioned
marokko,Morocco
vergibt,awards
pflücken,pick
grimes,Grimes
ramirez,ramirez
verdirbt,spoils
morton,morton
gärten,gardens
nachdenkt,thinks
marko,Marco
joes,joes
kirchen,churches
verständigt,notified
lustigen,funny
tanzmusik,dance music
chemo,chemo
restliche,remaining
wohlergehen,well-being
vielversprechend,very promising
verriet,revealed
pur,pure
fingernägel,fingernails
aschenbecher,ashtray
tong,tong
eye,eye
wisconsin,Wisconsin
undeutlich,indistinct
mancher,some
langweiligen,boring
gefalle,gradient
fundament,foundation
friere,I'm freezing
stellvertretender,deputy
tennessee,Tennessee
stanton,Stanton
bartowski,Bartowski
hologramm,hologram
erhöhte,increased
klassenzimmer,classroom
nachholen,catch up
bojack,bojack
schnitte,cuts
nachsichtig,lenient
ace,ace
zufälle,coincidences
leihe,borrow
verwandelte,transformed
liebesleben,love life
geduscht,showered
dunham,Dunham
every,every
tüchtig,efficient
stehende,standing
bereiche,areas
vorgang,occurrence
wütender,angrier
oh-oh,oh-oh
noel,Noel
vanille,vanilla
busse,buses
geschütze,protected
jüdin,Jewish woman
enthüllt,unveiled
geringer,less
stroh,straw
eintauschen,exchange
gekidnappt,kidnapped
generäle,generals
winnetou,Winnetou
wehzutun,to hurt
think,think
court,court
chinesisches,Chinese
nelly,nelly
walking,walking
wiedergeburt,rebirth
artefakt,artifact
wiedererkennen,recognize
riegel,bolt
ausnahmen,exceptions
künstlich,artificially
exempel,example
brich,break
hinsichtlich,regarding
oprah,oprah
gegraben,dug
untertauchen,submerge
entwerfen,design
schuldige,culprit
athen,Athens
zittert,trembles
herauf,up
stellungnahme,opinion
judas,Judas
mrt,MRI
blüten,blossoms
erlassen,enacted
gale,Gael
teuerste,most expensive
nachthemd,nightgown
schusswunde,gunshot wound
ausfahrt,exit
aiden,aiden
amateur,amateur
hei,hei
decks,decks
debra,debra
faule,lazy
nova,nova
problems,problems
omi,omi
nachtclub,nightclub
telefonat,phone call
männlicher,male
geschmacklos,tasteless
internen,internal
utah,Utah
kriegsgericht,court-martial
buster,buster
mathilde,Mathilde
herrlichkeit,glory
befestigt,attached
shampoo,shampoo
elende,miserable
griffith,Griffith
fun,fun
einhorn,unicorn
hochzeitsnacht,wedding night
unwiderstehlich,irresistible
umlaufbahn,orbit
balance,balance
splitter,splinter
hinzugehen,go there
muppet,Muppet
prüft,checks
fixiert,fixed
betrunkener,drunk
audienz,audience
auseinandersetzung,confrontation
verjagen,chase away
gezweifelt,doubts
zehnmal,ten times
jasmine,Jasmine
zerstörer,destroyer
treibe,drive
geknallt,banged
eingeben,input
stick,stick
tauchst,dive
vegetarier,vegetarian
epidemie,epidemic
zhang,zhang
betrügst,cheat
wurzel,root
positiven,positive
frequenzen,frequencies
ertappt,caught
seltener,rare
perversen,perverts
fairer,fair
avatar,avatar
überweisen,transfer
dulde,tolerate
sybil,sybil
glaubwürdig,credible
grazie,grace
außerirdischer,extraterrestrial
bikini,bikini
furz,fart
zerreißt,tears
manchester,Manchester
rummachen,making out
vorliegen,are
gong,gong
bereitmachen,prepare
ruben,Ruben
einstweilige,temporary
kairo,Cairo
cappuccino,cappuccino
verwischen,blur
ansetzen,to
anzutun,to do
superhelden,superheroes
bewunderung,admiration
raumschiffs,spaceship
skip,skip
ada,ada
cutler,cutler
hip,hip
überwältigen,overwhelm
reinkam,came in
kaserne,barracks
bedanke,thank you
bezahlten,paid
dubois,dubois
trompete,trumpet
regelt,regulates
europäischen,European
berliner,Berliner
schrotflinte,shotgun
erzielen,achieve
kanalisation,sewage system
case,case
stämme,tribes
rumpeln,rumble
umhauen,knock you out
barmherzigkeit,compassion
webseite,website
verachtung,contempt
zylinder,cylinder
erbitte,request
provision,commission
disco,disco
jeglicher,any
zerstörst,destroy
mira,Mira
ost,east
meuterei,mutiny
ähneln,resemble
großziehen,raise
ferengi,ferengi
nachteil,disadvantage
alzheimer,Alzheimer
anstrengung,effort
elliott,Elliott
fackel,torch
ununterbrochen,continuously
abt,abbot
ermordeten,murdered
beurteilung,assessment
milt,milt
zügen,trains
dämmerung,dusk
befriedigt,satisfied
zarte,delicate
rechnet,calculates
flusses,river
losgegangen,started
amateure,amateurs
angriffs,attack
attackiert,attacked
verzweifelte,desperate
eingeholt,obtained
munster,Muenster
lasagne,lasagne
fehlfunktion,malfunction
dino,dinosaur
verkauften,sold
meistern,master
lumpen,rags
heck,tail
trucks,trucks
bing,Bing
eingebracht,introduced
angemessene,appropriate
sultanin,sultanin
burrows,burrows
installieren,install
lst,lst
terri,terri
gefälschte,fake
herkules,Hercules
brave,brave
selbstsüchtig,selfish
billard,billiards
subjekt,subject
fairen,fair
sarkasmus,sarcasm
melvin,Melvin
fax,fax
omega,omega
putze,clean
traumhaft,dreamy
enttäuschend,disappointing
meldungen,reports
std.,hours.
rivers,rivers
erzbischof,archbishop
obdachlos,homeless
field,field
schafften,managed
meilenweit,miles away
vermont,Vermont
chloé,chloé
geschlechtsverkehr,sexual intercourse
teyla,teyla
anfälle,seizures
hodgins,Hodgins
halbwegs,somewhat
gemurmel,murmur
glass,glass
politischer,political
anubis,Anubis
tanzfläche,dance floor
ertränkt,drowned
vorsingen,audition
matrix,matrix
positives,positive
jahrzehnt,decade
friert,freezes
silbernen,silver
gästeliste,guest list
weggetreten,stepped away
schnabel,beak
musketiere,musketeers
mystic,mystic
josephine,Josephine
gerichte,dishes
stichwort,keyword
insgeheim,secretly
hello,hello
stahlen,stole
protestieren,protest
schlaftabletten,sleeping pills
aussichten,prospects
kartoffel,potato
davids,David's
talisman,talisman
blendend,dazzling
mohammed,Mohammed
bi,bi
videospiele,video games
chico,chico
fire,fire
auszahlen,pay out
kriminalität,crime
jed,each
testergebnisse,test results
mächtigste,most powerful
verschlagen,cunning
kaufmann,merchant
geschwängert,pregnant
bezogen,related
maddy,maddy
teures,expensive
behandelte,treated
ready,ready
france,France
need,need
yuan,yuan
kung-fu,kung fu
nachsicht,indulgence
juanita,Juanita
dag,day
freute,rejoiced
schnallen,buckles
verfügbaren,available
donnergrollen,thunder rumble
körperlichen,physical
plante,planned
berücksichtigen,take into account
fiese,nasty
gell,Right?
geärgert,annoyed
lotto,lotto
entspannung,relaxation
aidan,Aidan
skelett,skeleton
flüsse,rivers
anonyme,anonymous
finanzierung,financing
unterschreibt,signs
angsthase,scaredy-cat
tablette,tablet
befugt,authorized
aufm,on
messias,Messiah
tötung,killing
durchschneiden,cut
träumer,dreamer
gosse,gutter
greer,greer
rain,rain
artagnan,Artagnan
colleen,colleen
sensation,sensation
verschenken,to give away
liberty,liberty
ausgraben,dig up
nobel,Nobel
identitäten,identities
glaubwürdigkeit,credibility
aufwachst,wakes up
überlebe,survive
bildest,form
abschießen,shoot
hillary,Hillary
globale,global
zulegen,add
vorspiel,foreplay
scheu,shy
ps,ps
beschert,bestowed
randolph,Randolph
vorstelle,imagine
renoviert,renovated
freigesprochen,acquitted
fäuste,fists
ehrt,honors
zitiere,quote
redaktion,editorial staff
santos,Santos
imperator,emperor
demo,demo
vollenden,complete
einsicht,insight
bankkonto,bank account
drecksau,filthy pig
gesandt,sent
aufzuwachen,to wake up
fegefeuer,purgatory
kämpf,fight
einverständnis,consent
his,his
persönlichkeiten,personalities
horace,horace
wolfgang,wolfgang
wonder,wonder
jüdisch,Jewish
vermehren,multiply
traktor,tractor
muriel,Muriel
pepe,Pepe
versöhnen,reconcile
bewundernswert,admirable
french,French
nikolaus,Nicholas
durchdringen,penetrate
dusty,dusty
bewerten,evaluate
kassiert,collected
formation,formation
gomez,Gomez
angeschlagen,damaged
nucky,nucky
sichtweite,visibility
manipulation,manipulation
starrte,stared
meetings,meetings
ch34faf9,ch34faf9
shows,shows
vereinten,united
spielverderber,spoilsport
weckst,wake up
dickes,thick
buchstabieren,spell
zeitraum,period
indianern,Indians
anklopfen,knock
abgeknallt,shot dead
serviette,napkin
füttert,feeds
schmeichelhaft,flattering
pyramide,pyramid
belohnen,reward
ananas,pineapple
herausfordern,challenge
gesiegt,won
merkwürdigen,strange
jacht,yacht
brewster,brewster
ultraschall,ultrasonic
weihnachtsbaum,Christmas tree
verpass,miss
feuers,fire
selbstmitleid,self-pity
unterschiedlichen,different
jagst,hunt
unterbreche,interrupt
abstreiten,deny
hochziehen,pull up
französin,French woman
untereinander,among each other
google,Google
stempel,rubber stamp
romantisches,romantic
cook,cook
rezepte,recipes
sylvester,New Year's Eve
erweitert,expanded
asthma,asthma
viecher,creatures
thorpe,Thorpe
ungewöhnlichen,unusual
grausamen,gruesome
privilegien,privileges
weihnachtsgeschenk,Christmas present
karussell,carousel
ältester,oldest
hindernisse,obstacles
entferne,remove
sags,say it
vorrang,priority
körperteile,body parts
scharfschütze,sniper
obama,Obama
vorkehrungen,precautions
franck,franck
camilla,Camilla
hamptons,Hamptons
abhören,eavesdropping
akzeptabel,acceptable
unsichtbaren,invisible
entführte,kidnapped
dragon,dragon
lieferungen,deliveries
buy,buy
carver,carver
direkter,direct
vorgeworfen,accused
grundsätzlich,basically
lagerfeuer,campfire
kleineren,smaller
showtime,show time
gamera,gamera
beistehen,to assist
degen,sword
peking,Beijing
yan,yan
verbot,prohibition
punk,punk
herrschte,prevailed
zugemacht,closed
intim,intimate
übertreibt,exaggerates
wimmern,whimper
flüchtling,refugee
wirke,work
gegengift,antidote
cupcakes,cupcakes
schuften,toil
strauß,bouquet
gesundes,healthy
aspekt,aspect
ex-freund,ex boyfriend
beeren,berries
rückzieher,retreat
prime,prime
rosemary,rosemary
unfreundlich,unfriendly
anzuschauen,to look at
verachtet,despised
dell,dell
baronin,baroness
sons,sons
piepton,beep
dagelassen,left
kalter,cold
kitzelt,tickles
übelkeit,nausea
rauskam,came out
minimum,minimum
niesen,sneeze
kal-el,kal-el
siebte,seventh
anzulügen,to lie
denker,thinker
ag,ag
viert,fourth
auferstanden,risen
tantchen,auntie
siegt,wins
meldest,report
tiefes,deep
vertrauten,trusted
vollidioten,complete idiots
meeres,sea
getarnt,camouflaged
stellvertretende,deputy
upper,upper
trinker,drinker
ungeachtet,regardless
ungerechtigkeit,injustice
sergei,Sergei
nassen,wet
walnut,walnut
lauern,lurking
glotzen,stare
darhk,darhk
erstattet,refunded
breitet,spreads
noble,noble
rush,rush
sí,sí
gebrochenes,broken
mamma,mamma
vermietet,rented
gebraten,fried
zeitlang,for a while
cambridge,Cambridge
überglücklich,overjoyed
aaah,aaah
werten,value
iowa,Iowa
realisiert,realized
tardis,tardis
jacobs,Jacobs
ungelegen,inconvenient
erlebe,experience
primitiv,primitive
apophis,apophis
lindsey,Lindsey
buffet,buffet
aufgegangen,opened
erlebte,experienced
verschwommen,blurred
ich-,I-
spielsachen,toys
geschmuggelt,smuggled
tyrann,bully
verbesserung,improvement
karneval,carnival
briefmarken,stamps
ufo,UFO
milan,Milan
filter,filter
beatles,beatles
zischt,hisses
durchsetzen,push through
lauert,lurks
reitest,ride
bestätigte,confirmed
gehorche,obey
durchgang,passage
endlose,endless
ridge,ridge
zauberhafte,magical
angehörige,relatives
illegales,illegal
heile,healed
palme,palm
organisierte,organized
lucille,Lucille
todeszeitpunkt,time of death
geiste,spirit
befinde,located
gemahlin,wife
agieren,act
besteigen,climb
tanja,tanja
größtes,largest
touchdown,touchdown
paaren,pairing
scans,scans
rausgekriegt,figured it out
vierzehn,fourteen
vermischt,mixed
rausbekommen,find out
weicht,yields
unübersetztes,untranslated
bergab,downhill
schraube,screw
cortez,Cortez
aufschneiden,cut open
grundgütiger,good-natured
erdgeschoss,ground floor
ordnen,arrange
miliz,militia
erfordern,require
zig,dozen
gurken,cucumbers
viertelstunde,quarter of an hour
tech,tech
demut,humility
amis,Americans
oberin,superior
geizig,stingy
diamond,diamond
aussehend,looking
raubt,robs
skeptisch,skeptical
erich,erich
todesfälle,deaths
göttlich,divine
absitzen,sit
konflikte,conflicts
schmeiße,throw
visum,visa
mücken,mosquitoes
ansah,looked
romane,novels
gral,grail
aufgefordert,requested
channing,channing
unglücklichen,unfortunate
verlag,publisher
schnaubt,snorts
saubermachen,clean up
niko,Niko
symptom,symptom
beschossen,shelled
princeton,Princeton
flüchtige,fleeting
geschick,skill
täubchen,dove
familienmitglied,family member
zügel,reins
strömen,flow
bestehst,you pass
zurückgeholt,recovered
abrechnung,invoice
schiessen,shoot
finanzamt,tax office
rampenlicht,spotlight
geschleppt,towed
peilsender,tracking beacon
through,through
yin,yin
gasthaus,inn
elle,elle
zucken,twitch
pennen,sleep
volltrottel,complete idiot
atemberaubend,breathtaking
gisborne,Gisborne
hayden,Hayden
stiegen,rose
gewaltigen,enormous
verwirklichen,achieve
physische,physical
spiegelbild,mirror image
vin,vin
parrish,parrish
sexualität,sexuality
herzlos,heartless
remy,Remy
kosmos,cosmos
pakete,packages
eliza,Eliza
herkamen,came from
norton,Norton
gino,Gino
anbietet,offers
singapur,Singapore
wã,wã
kommode,dresser
einzudringen,to penetrate
terminal,terminal
verdrängen,push away
endstation,final stop
betreuer,supervisor
alarmbereitschaft,alert
erkenntnisse,findings
neuling,newcomer
verehrter,esteemed
troll,troll
buchmacher,bookmaker
betete,prayed
pflegte,used to
rhonda,Rhonda
sicherheitschef,security chief
thunfisch,tuna
würgt,chokes
capitaine,captain
verringern,reduce
conway,Conway
geschöpfe,creatures
vlad,Vlad
intelligenter,intelligent
klügste,smartest
eigenhändig,hand
sperr,lock
nachfragen,ask
merkwürdiger,strange
schlapp,limp
dreharbeiten,filming
mittels,by
notfalls,if necessary
wärmen,warm
spannungen,tensions
verehren,worship
felicia,Felicia
verabredungen,appointments
lösungen,solutions
gutaussehend,good-looking
brachtest,brought
feuchten,damp
angelina,Angelina
pokal,cup
prämie,premium
herauskommt,comes out
leiterin,manager
muse,muse
verdächtiges,suspicious
dreist,brazen
ess,eat
rumpf,hull
knarrt,creaks
wandte,turned
überwachungskamera,surveillance camera
wanderer,walker
gepinkelt,peed
abholt,picks up
wiederholung,repetition
hofften,hoped
playboy,playboy
hoffst,hope
verhungert,starved
tang,tang
unbezahlbar,priceless
finster,dark
shin,shin
huhu,hi
kamel,camel
rumliegen,lying around
petra,Petra
superstar,superstar
fünfmal,five times
abwenden,avert
bauernhof,farm yard
kopfweh,headache
strengen,strict
melone,melon
wundere,wonder
prozedur,procedure
psyche,psyche
heimgehen,go home
freundschaften,friendships
loben,praise
coolste,coolest
ohrring,earring
handynummer,mobile number
architektur,architecture
ungeschehen,undo it
jt,jt
vergangene,past
lädst,loads
rassistisch,racist
neugierde,curiosity
magda,Magda
ausgefüllt,filled out
nahmst,took
limit,limit
anzufassen,to touch
sibirien,Siberia
männlichkeit,masculinity
law,law
liza,Liza
flicken,patch
geheult,howled
wohnmobil,motorhome
überallhin,everywhere
scherben,shards
ineinander,interlocking
exzellente,excellent
trümmer,debris
blutprobe,blood sample
schiefgeht,goes wrong
dong,dong
lockerer,looser
cafe,cafe
gerichtsmedizin,forensic medicine
son,son
ahmed,Ahmed
gedankt,thank you
salazar,Salazar
mad,mad
fingerabdruck,fingerprint
schokoriegel,chocolate bars
spionieren,spy
reservat,reserve
selbstachtung,self-respect
einreden,persuade
mandeln,almonds
laterne,lantern
schreiber,writer
stay,stay
weir,we
unvermeidlich,inevitable
schürze,apron
juice,juice
reagierte,reacted
jaguar,jaguar
bezaubernde,enchanting
weggezogen,moved away
cecil,Cecil
verarbeitet,processed
x.,x.
individuum,individual
moretti,moretti
lynch,Lynch
zünde,over
rangers,rangers
entsorgt,disposed of
abhängt,depends
telefoniere,make phone call
institution,institution
geringe,low
duftet,smells
lebensende,end of life
ernsten,serious
hämmert,hammers
erschuf,created
edel,noble
temple,temple
hocken,squat
dienerin,maid
tripp,trip
organ,organ
brunch,brunch
mort,death
ex-freundin,ex girlfriend
psychische,psychological
amor,love
glory,glory
abschiedsbrief,farewell letter
abwehr,defense
eigenem,own
oberhaupt,head
moschee,mosque
us-regierung,US government
zerlegt,disassembled
behutsam,carefully
zweig,branch
hundertprozentig,one hundred percent
timings,timings
muttermal,birthmark
schwiegertochter,daughter-in-law
fremdes,foreign
tribut,tribute
poet,poet
gesteht,confesses
blockade,blockade
zurückgeschickt,returned
kollektion,collection
sauna,sauna
wachst,grows
geburtsurkunde,birth certificate
traditionelle,traditional
gespritzt,sprayed
stillgestanden,stood still
erfrieren,freeze
lea,lea
libby,libby
ghost,ghost
gerammt,rammed
kendra,Kendra
gegriffen,grabbed
rayburn,rayburn
orion,Orion
modelle,models
i-ich,i-ich
schnappte,snapped
schwefel,sulfur
gekotzt,vomited
angestrengt,strained
stärkere,stronger
protokolle,protocols
klarzustellen,to clarify
yards,yards
nordpol,North Pole
eclair,eclair
rechtlich,legally
mülltonne,garbage can
auferstehung,resurrection
ablassen,drain
leiht,lends
angeführt,listed
begabung,talent
ruhiges,quiet
reno,reno
pilger,pilgrim
möse,cunt
übernatürliche,supernatural
specter,specter
bezwingen,conquer
kendall,Kendall
anzieht,attracts
amerikanisches,American
hockey,hockey
missachtung,disregard
va,va
simple,simple
ausbilder,instructor
hoover,hoover
anerkennen,recognize
kälter,colder
kenntnisse,knowledge
augenblicke,moments
marcello,Marcello
arbeitstag,workday
hergeben,give up
falcon,falcon
typischer,typical
choi,choi
siedler,settlers
bestehlen,steal
gezeugt,conceived
fälschen,forgery
cromwell,Cromwell
callahan,callahan
pole,pole
hellen,bright
clarissa,Clarissa
leckere,delicious
nana,nana
anzulegen,to create
ahsoka,Ahsoka
schnüffelt,sniffs
untergetaucht,submerged
intersect,intersect
abzunehmen,to lose weight
apotheker,pharmacist
dock,dock
scylla,scylla
hobbys,hobbies
mitgespielt,played
elenden,wretched
oliven,olives
flinte,shotgun
gitarrenmusik,guitar music
geoff,Geoff
morning,morning
deo,deo
geweigert,refused
schmuggler,smuggler
scooter,scooter
myers,myers
key,key
aufbau,construction
alphonse,alphonse
ram,R.A.M
hélène,Helene
nebraska,Nebraska
waschlappen,washcloth
einwanderer,immigrants
erzielt,achieved
mg,mg
badeanzug,swimsuit
dünner,thinner
faire,fair
temperaturen,temperatures
erklingt,sounds
capitán,captain
mucks,sound
vulgär,vulgar
unterwerfen,subdue
must,must
campen,camp
werwölfe,werewolves
schwerste,heaviest
dakota,Dakota
bordeaux,Bordeaux
ungünstig,unfavorable
dargestellt,shown
komplexe,complex
zimmermädchen,chambermaid
abgeordneten,delegates
leihst,borrow
thorne,thorne
geradewegs,straight
aufgedeckt,revealed
beschimpft,insulted
gebäck,pastries
mitfahrgelegenheit,carpooling
patrik,Patrick
diplom,diploma
marys,Mary's
kandidieren,run for office
einführen,introduce
sharp,sharp
opium,opium
bedenke,consider
verspielt,playful
grabe,dig
mieze,kitty
ursprüngliche,original
fahrkarten,tickets
summers,summers
reinstecken,insert
syd,syd
aufzutauchen,to appear
neunten,ninth
widerliche,disgusting
kupfer,copper
lacher,laughter
antenne,antenna
aufessen,eat up
filmtiger,film tiger
klärt,clarifies
casting,casting
selbstständig,self-employed
brillanter,brilliant
spendieren,donate
snake,snake
kings,kings
order,order
kleiden,dress
cheng,cheng
autorin,author
privater,private
anzupassen,to adapt
bezeichnung,designation
wahnsinnigen,insane
leuchtturm,lighthouse
läuse,lice
aufgeteilt,divided
kabinett,cabinet
hopper,hopper
grüßt,Greetings
verkabelt,wired
hingen,hung
ungestraft,unpunished
auffahrt,driveway
auffressen,eat
katholischen,Catholic
wing,wing
zusammenbrechen,collapse
gerechte,fair
ausblick,outlook
aufzuklären,to clarify
berühmtheit,celebrity
handschuhfach,glove compartment
nathaniel,Nathaniel
scheißding,Shitty thing
verbluten,bleed to death
kneifen,pinching
versicherungen,insurances
caldwell,Caldwell
annimmt,assumes
hineingezogen,drawn in
geortet,located
klassentreffen,class reunion
müttern,mothers
myrtle,myrtle
längste,longest
update,update
zitterst,tremble
hektar,hectare
altern,aging
berger,berger
miserabel,miserable
affären,affairs
profitiert,benefits
katalog,catalog
hurley,Hurley
scherzt,jokes
schaukeln,rock
bauchschmerzen,stomach pain
autorisiert,authorized
absuchen,search
mondes,worlds
titanic,Titanic
together,together
sabotiert,sabotaged
entlasten,relieve
mathias,Mathias
karibik,Caribbean
regelrecht,properly
einfrieren,freeze
deke,deke
bedeutend,significant
weiterziehen,move on
matte,mat
rampe,ramp
waage,scale
ausgeruht,rested
corps,corps
tamara,Tamara
weggebracht,taken away
unschuldiges,innocent
erlangt,obtained
aufzuräumen,to tidy up
bemerkungen,remarks
aktuell,current
brocken,chunks
tacos,tacos
zahlungen,payments
machbar,feasible
dream,dream
schwachköpfe,idiots
apple,apple
kreuzzug,crusade
stehle,steal
großmaul,big mouth
farbige,colored
elch,elk
beleuchtung,lighting
zynisch,cynical
bethany,Bethany
iv,iv
ausgelacht,laughed at
verkuppeln,matchmaking
heimatstadt,hometown
rocco,Rocco
schwaches,weak
salami,salami
hinterhof,backyard
eingestiegen,boarded
kompromisse,compromises
vorstellungskraft,imagination
beantrage,apply
kennenlernten,got to know each other
bedrohlich,threatening
chaplin,Chaplin
j.j.,j.j.
knallhart,hardcore
übergibt,hands over
wackelt,wobbles
kraftwerk,power plant
lenk,steering
falken,falcons
walten,prevail
mitgift,dowry
tätigen,do
losgeworden,got rid of
hallen,halls
aktentasche,briefcase
zusammengestellt,compiled
blinzeln,blink
greene,greene
wortwörtlich,literally
tresorraum,vault
zivilisiert,civilized
amüsier,amusing
ventil,valve
schlich,crept
patti,Patti
erlöser,Redeemer
even,even
vergebens,in vain
zaubertrank,magic potion
anschaut,looks
brise,breeze
krishna,Krishna
ausländische,foreign
husch,hush
crews,crews
ames,ames
unverantwortlich,irresponsible
stabilisiert,stabilized
redakteur,editor
schwachstelle,weak point
scharfes,sharp
matrose,sailor
wegzugehen,to leave
chevy,Chevy
brutalen,brutal
luigi,Luigi
glänzend,glittering
überreagiert,overreacted
pimmel,willie
straßenrand,roadside
junkies,junkies
attraktiver,attractive
ecstasy,ecstasy
heimkommen,coming home
talk,talk
frachtraum,cargo space
unangemessen,inappropriate
heiss,hot
bombardiert,bombed
bündel,bunch
außenposten,outpost
kitschig,kitschy
anschuldigung,accusation
zeichne,draw
castro,Castro
wanzen,bedbugs
wichtigkeit,importance
willard,willard
spa,spa
juwelier,jeweler
mediziner,physician
vertretung,representation
umlauf,circulation
sascha,Sascha
zurückverfolgt,traced back
saugt,sucks
spannungsgeladene,tension-filled
prügelei,fight
zusammenziehen,moving in together
hochkommen,come up
besiegelt,sealed
aufdecken,discover
mendez,mendez
subtitles,subtitles
meere,seas
con,con
schrein,shrine
bedrohte,threatened
counsellor,counsellor
faucht,hisses
akira,Akira
raylan,Raylan
schleim,mucus
werf,throw
reizenden,charming
ausgezeichneter,excellent
beherrschung,mastery
röntgen,roentgen
knecht,servant
kaputtgemacht,broken
abgedreht,turned off
sitten,customs
plakat,poster
ausdauer,endurance
verabreichen,administer
gaul,horse
schiebe,push
biber,beaver
bub,boy
schlussfolgerung,conclusion
kamui,Kamui
gebieten,areas
hierlassen,leave here
kanäle,channels
tschuldige,Sorry
blah,blah
hurensöhne,sons of whores
abgestimmt,agreed
twitter,Twitter
rausfindet,finds out
zugabe,encore
barfuß,barefoot
flehen,plead
allergie,allergy
roh,raw
geblendet,blinded
mackenzie,Mackenzie
rücktritt,resignation
abgekauft,bought
mische,mix
aufschlag,surcharge
aussehende,looking
landeten,landed
nützliches,useful
bombardieren,bomb
polo,polo
kanne,can
aufmuntern,cheer up
weinend,weeping
beibehalten,retain
felipe,Felipe
hercule,Hercule
verleugnen,deny
eingeklemmt,trapped
einkäufe,purchases
0h,0h
movie,movie
amtes,office
waldorf,Waldorf
salt,salt
marjorie,Marjorie
loszulassen,to let go
duane,duane
spukt,haunts
patsche,patsch
einblick,insight
bestreitet,denies
merlyn,Merlyn
vorlegen,present
hochzeitskleid,wedding dress
addy,addy
mitarbeitern,employees
holodeck,holodeck
genugtuung,satisfaction
willoughby,willoughby
norm,standard
impulsiv,impulsive
allerbeste,very best
krämpfe,cramps
werbespot,commercial
feierlich,solemnly
gefängnisse,prisons
beruhen,are
allesamt,all
true,true
open,open
klappert,rattles
heiden,heathen
durchlaucht,Highness
zar,zar
rabbit,rabbit
abgesperrt,cordoned off
unsre,our
stinkenden,stinking
gerda,Gerda
parkt,parks
alfonso,alfonso
met,met
betrübt,saddened
ignorier,ignore
deienn,your
cleverer,cleverer
pfeif,whistle
nachhilfe,tutoring
gerächt,avenged
tracht,traditional costume
dings,thing
gringo,gringo
zunichte,nullified
shake,shake
drogenhandel,drug trafficking
perez,perez
baracke,barracks
mcqueen,McQueen
grunzen,grunt
reinfall,fiasco
dickie,dickie
oleg,Oleg
mitbürger,fellow citizen
netteste,nicest
kräftiger,stronger
lexi,lexi
jämmerlich,miserable
wecke,wake up
einbauen,install
kriecht,crawls
problemlos,no problem
lauschen,listen
lise,lise
ser,ser
mercy,mercy
träne,tear
grunzt,grunts
fuss,foot
politisches,political
zimmermann,carpenter
almanzo,almanzo
gläschen,small glass
unterhaltsam,entertaining
streck,stretch
play,play
kürzen,shorten
devlin,devlin
zitiert,quoted
klassen,classes
skorpion,Scorpio
mächtigsten,most powerful
gurt,belt
einigung,agreement
dürre,drought
untere,lower
ärmste,poorest
nine,nine
eingeschätzt,assessed
befallen,infested
schmieden,forge
eingesteckt,plugged in
irischen,Irish
tausche,exchange
drucker,printer
hutchinson,Hutchinson
jährlich,yearly
verwundete,wounded
wandeln,transform
lagst,lay
qualitäten,qualities
vertrauenswürdig,trustworthy
zeb,zeb
jonny,jonny
kreuze,crosses
massieren,massage
transporterraum,transporter space
kar,kar
gleichung,equation
reimt,rhymes
sympathie,sympathy
südlichen,southern
nachlässig,negligent
gage,fee
ausgerichtet,aligned
inspirieren,inspire
militärs,military
peru,Peru
rädern,wheels
gefroren,frozen
schotten,Scots
alfredo,Alfredo
durchgekommen,got through
verschlungen,devoured
begegnete,encountered
zwinge,ferrule
fügt,adds
youtube,YouTube
wiedererkannt,recognized
einklang,harmony
leopard,leopard
zukommt,comes
hälst,hold
benedict,Benedict
shaolin,Shaolin
reingegangen,went in
signatur,signature
unbedeutend,insignificant
hinterzimmer,back room
einführung,introduction
henrys,Henry's
skala,scale
leidtun,to hurt
poppy,poppy
hohem,high
röhre,tube
pilz,mushroom
mutanten,mutants
beklaut,robbed
totschlag,homicide
existiere,exist
vorzüge,advantages
erwerben,acquire
auftritte,appearances
control,control
ausrasten,freak out
gewendet,turned
abwaschen,wash
rodeo,rodeo
billiges,cheap
abwärts,down
gefallenen,fallen
aufschub,postponement
clem,clem
anhalter,hitchhiker
jammert,laments
geschwollen,swollen
zuhörer,listeners
andrej,andrej
alarmiert,alerted
wendell,Wendell
gerichtshof,court
vorhabe,plan
rituale,rituals
faszinierende,fascinating
versuchs,Try it
lyndsey,Lyndsey
schlafanzug,pajamas
vernünftigen,reasonable
hinterlasst,leave
todesangst,deathly fear
klassischen,classic
ehrengast,guest of honor
magic,magic
zahltag,payday
hübscheste,prettiest
cello,cello
bestürzt,dismayed
widerspricht,contradicts
überzogen,excessive
zehnten,tenth
sea,sea
launen,moods
snack,snack
aj,aj
casa,casa
kreide,chalk
lyon,Lyon
hack,hack
fisk,fish
rennbahn,racetrack
trunkenheit,drunkenness
allemal,in any case
hergebeten,summoned
geschäftsreise,business trip
pine,pine
krankenschwestern,nurses
teilten,shared
vertuscht,covered up
mitmenschen,fellow human beings
vorzüglich,excellent
lokalisiert,localized
beieinander,together
reingesteckt,inserted
brüderchen,little brother
wiederkomme,I will return
anmut,grace
traute,trusted
geordi,Geordi
abstürzen,crash
unschlagbar,unbeatable
nan,nan
anmerken,note
angels,angels
alvin,alvin
connors,Connors
zivilist,civilian
lebwohl,goodbye
altersheim,nursing home
riff,reef
oberschenkel,thigh
missbrauchen,abuse
unvernünftig,unreasonable
pastete,pâté
schwächling,weakling
ermutigen,encourage
rausgegangen,went out
happen,happen
geflirtet,flirted
reale,real
hergezogen,moved here
enormen,enormous
achterbahn,roller coaster
niedergebrannt,burned down
spalt,gap
parkhaus,parking garage
wesentlichen,essential
hamster,hamster
unternehmer,entrepreneur
retteten,rescued
gezerrt,pulled
casanova,Casanova
aufgeladen,charged
aufwuchs,upbringing
panisch,panic
machine,machine
glänzen,shine
ordentliche,proper
mördern,murderers
atlantik,Atlantic
verkorkst,botched
ladyschaft,ladyship
pinsel,paint brush
por,per
wählst,choose
koffein,caffeine
kol,kol
verteidigst,defend
perversling,pervert
lücken,gaps
einigermaßen,reasonably
gesunder,healthy
che,che
schwörst,swear
türsteher,bouncer
guillaume,Guillaume
boah,wow
stiche,stitches
schneesturm,snowstorm
rausziehen,pull out
luka,Lukas
gesteuert,controlled
pubertät,puberty
aufkommen,arise
sykes,sykes
theke,counter
meerjungfrau,mermaid
ausgibt,spends
propaganda,propaganda
tüten,bags
ausländischen,foreign
ingenieure,engineers
unterhielten,entertained
zod,zod
schwierigste,most difficult
maja,Maja
lehrling,apprentice
bam,bam
aufwache,wake up
krater,crater
vorbeigehen,pass by
bahamas,Bahamas
marschall,marshal
funktionen,functions
nero,nero
comic,comic
grande,grand
dümmer,dumber
aufregender,exciting
schwimmbad,swimming pool
alledem,all this
pfahl,stake
wellington,Wellington
ringo,ringo
pracht,splendor
etagen,floors
lsd,lsd
j.r.,j.r.
urkunde,certificate
rummel,funfair
fackeln,torches
urgroßvater,great-grandfather
darbietung,performance
tierisch,animal
kathleen,Kathleen
ain,ain
kartons,cardboard boxes
neige,tend to
kirschen,cherries
maschinengewehr,machine gun
poe,poe
rodriguez,Rodriguez
blackout,blackout
crawley,crawley
gepasst,fit
feigen,figs
mitgliedern,members
wertvollen,valuable
späher,spies
meisters,masters
beecher,beecher
hypothetisch,hypothetical
god,god
rice,rice
brother,brother
ansager,announcer
going,going
kaputtmachen,break something
hampton,Hampton
versperrt,blocked
offenheit,openness
pferdchen,little horse
janine,Janine
rannten,ran
emerson,Emerson
niedriger,lower
rausnehmen,remove
linkshänder,left-handed
wickeln,wrap
wütende,furious
lieblingsessen,favorite food
t.j.,t.j.
exemplare,copies
handyklingeln,mobile phone ringing
ehrenwerte,honorable
centauri,centauri
miez,cat
micah,micah
zerbrach,broke
verzeihst,forgive
schwacher,weak
watts,watts
skulptur,sculpture
jedermanns,everyone's
völlige,complete
unterdrückung,oppression
gebüsch,bushes
fucking,fucking
magd,maid
schultag,school day
dion,dion
bbc,BBC
reha,rehabilitation
taucher,diver
biologischen,biological
dummerweise,stupidly
mikes,Mike's
guido,Guido
lexie,Lexie
rabe,raven
entwürfe,designs
landwirtschaft,agriculture
unbequem,uncomfortable
flippt,flips
malerei,painting
gewässer,bodies of water
bubba,bubba
krumm,crooked
überlastet,overloaded
scheißkerle,bastards
haute,haute
selbstzerstörung,self-destruction
eisernen,iron
smiley,smiley
amüsierst,amuse
casper,Casper
plätzen,places
tropft,dripping
mc,mc
katholische,Catholic
andi,and I
manuell,manually
vorarbeiter,foreman
schubs,push
benton,benton
verhelfen,help
beschäftige,employ
zelte,tents
neigung,inclination
giulia,Giulia
raoul,Raoul
schweigepflicht,confidentiality
pokern,poker
miau,meow
spionage,espionage
begeistern,inspire
fertiggemacht,finished
markierung,mark
ying,ying
krähe,crow
carmine,carmine
marquez,Marquez
knüppel,stick
eintragen,register
alfie,alfie
spritzt,squirts
kaff,coffee
rausgelassen,released
strohhalm,straw
recherchen,research
gleichmäßig,evenly
j.t.,j.t.
aura,aura
automatische,automatic
bumst,fucks
gig,gig
arterie,artery
lecter,lecter
blondie,blondie
verfolgten,pursued
durchlaufen,go through
grobe,rough
zauberhaften,magical
gelächelt,smiled
cockpit,cockpit
vollmacht,power of attorney
dixie,dixie
gekratzt,scratched
beta,beta
respektvoll,respectful
hard,hard
professioneller,professional
prostituierten,prostitutes
gefährten,companions
entbehren,lack
jungfräulichkeit,virginity
täglichen,daily
unterhalte,entertain
korsak,Korsak
rockstar,rockstar
verdrängt,suppressed
zement,cement
verschone,spare
ewiges,eternal
untersagt,prohibited
staatlichen,state
tubbs,tubbs
visage,visage
schlüpfen,slip
jag,hunt
umgibt,surrounds
konrad,Konrad
beschäftigung,occupation
eingeborenen,natives
heikle,delicate
standhalten,withstand
reilly,reilly
aufschrei,outcry
vermag,able to
schnürsenkel,shoelaces
rettungswagen,ambulance
gala,gala
schwuchteln,faggots
memorial,memorial
auffällt,notices
gewöhne,get used to it
übersteigt,exceeds
mutigen,courageous
scheiterhaufen,pyre
permanent,permanent
machtest,did
kã,kã
kulissen,scenery
psychiatrische,psychiatric
armand,Armand
zusammensetzen,assemble
offizieller,official
eingehalten,adhered
oakland,Oakland
glücks,luck
crichton,Crichton
wink,wink
jacky,jacky
überlebst,survive
radius,radius
nachwuchs,offspring
winselt,whines
natürlicher,natural
kristen,Kristen
risse,cracks
stewardess,stewardess
babies,babies
geschenken,gifts
labs,labs
gefreiter,private
dirty,dirty
full,full
garfield,Garfield
endlosen,endless
erfolglos,unsuccessful
destiny,Destiny
pharao,pharaoh
knutschen,kissing
rechtmäßigen,lawful
sutter,sutter
liebesgeschichte,love story
notfälle,emergencies
stiften,donate
buchladen,bookstore
abbie,turn
superkräfte,superpowers
erhobenen,raised
gefälschten,fake
bewaffneter,armed
architekten,architects
geformt,shaped
tourist,tourist
delia,Delia
predigen,preaching
tonic,tonic
eingefädelt,threaded
geronimo,Geronimo
titan,titanium
faktor,factor
untersuchte,examined
hieße,would mean
ig,ig
stiel,stalk
galaxis,galaxy
erzwingen,force
channel,channel
unternehmens,company
puerto,Puerto
herausholen,extract
tatwaffe,murder weapon
mall,mall
offensive,offensive
behauptung,claim
sehnt,longs
mã,mã
tippe,type
solang,as long as
schmeicheln,flatter
unterstellen,assume
überzeugte,convinced
mitarbeiterin,employee
wegziehen,move away
zärtlichkeit,tenderness
hacke,hoe
bescheuerte,stupid
geisteskrank,mentally ill
wahrnehmen,perceive
aufnimmt,records
nothing,nothing
präsidium,presidium
bewerber,applicant
spirituelle,spiritual
fröhlichen,cheerful
spannen,tension
behauptest,claim
klettert,climbs
unterschriften,signatures
ferner,further
sowjets,Soviets
arztes,doctor
eduard,Edward
durchmachst,you are going through
yi,yi
blank,blank
tanten,aunts
lohnen,worthwhile
verhauen,beat up
macy,macy
enterprises,enterprises
anstellt,does
erwachte,awoke
erkundigen,inquire
programmieren,program
fanatiker,fanatic
gillian,Gillian
bohrer,drill
festes,fixed
pralinen,chocolates
haste,have
sully,sully
beistand,assistance
suzy,suzy
hackfleisch,minced meat
olle,old
verlobungsring,engagement ring
spielregeln,rules of the game
compton,Compton
widerling,disgusting
wäscherei,laundry
psychologe,psychologist
samstags,Saturdays
anhält,continues
anprobieren,try it on
maskottchen,mascot
auschwitz,Auschwitz
alarmieren,alert
insekt,insect
verräterin,traitor
farce,farce
martine,Martine
micky,Mickey
mixer,mixer
berücksichtigt,taken into account
mer,more
bibi,Bibi
krankenhauses,hospital
söhnen,sons
nasen,noses
parasit,parasite
absoluten,absolute
niklaus,Niklaus
recherchieren,research
katholiken,Catholics
annehme,assume
eingestehen,admit
dasein,to be there
unterkriegen,defeat
entnehmen,remove
lorelei,lorelei
misty,misty
leela,leela
blitze,lightning
notwendige,necessary
westküste,west coast
grossartig,great
loge,lodge
verwechslung,confusion
bashir,bashir
aufgetreten,occurred
tragischen,tragic
bonbon,sweet
ghetto,ghetto
arlene,arlene
piano,piano
stattfand,took
lebendige,lively
lonnie,lonnie
sanfter,gentler
rascheln,rustle
zugänglich,accessible
bloody,bloody
bankier,banker
tyrannei,tyranny
udo,udo
stinker,stinker
lächelte,smiled
versäumen,miss
romantischer,romantic
verzieht,distorts
viv,viv
ohrfeige,slap
gewaltsam,violent
quatscht,chatters
gretel,Gretel
kobold,leprechaun
befehlshaber,commander
wilkes,wilkes
eiserne,iron
dachtet,thought
kerls,guys
beisammen,together
würgen,strangle
unteroffizier,non-commissioned officer
reagierst,react
pusten,blow
befolge,follow
these,thesis
überschätzt,overrated
überführen,transfer
hineingehen,go inside
hinführen,lead
fledermäuse,bats
reizt,irritates
bankräuber,bank robbers
body,body
beleidigungen,insults
vorspeise,appetizer
toronto,Toronto
umbringe,kill
sofortiger,immediate
müllcontainer,garbage container
tomate,tomato
exekution,execution
sirup,syrup
unabhängige,independent
hallelujah,Hallelujah
glänzt,shines
besagen,say
konfrontation,confrontation
aussterben,extinction
ausstattung,equipment
fotografie,photography
nationalgarde,national guard
aufhöre,stop
morddezernat,homicide division
schweinefleisch,pork
six,six
yoko,yoko
reizen,irritate
brutaler,brutal
urteile,judgments
empfehlungen,recommendations
cheyenne,Cheyenne
pippi,Pippi
irische,Irish
bäh,yuck
gouverneurs,governors
eifer,zeal
mutation,mutation
mittlere,medium
vornehm,elegant
spekulation,speculation
weiblicher,female
defiant,defiant
ch,ch
antlitz,face
gunn,gunn
offensichtliche,obvious
bekamst,got
wilbur,Wilbur
außergewöhnlichen,extraordinary
wallander,Wallander
cds,CDs
erwägen,consider
zerquetschen,crush
antat,antat
u.,u.
aufzutreiben,to procure
lenke,steer
flott,fast
vortreten,step forward
helles,bright
sake,sake
trauung,wedding
leitende,leading
beiße,bite
erspar,save
unbekanntes,unknown
technologien,technologies
columbus,Columbus
landsleute,compatriots
englischer,English
lieh,loan
wucht,force
abblasen,cancel
abi,A-levels
corinne,Corinne
tobi,tobi
vergießen,shed
ale,ale
aktiviere,activate
lebendigem,living
tin,tin
leidtut,Sorry
zulässt,allows
bescheidenen,modest
mühen,efforts
verkäuferin,saleswoman
wiedergesehen,met again
eistee,iced tea
entführten,kidnapped
klippen,cliffs
riemen,belt
ungesund,unhealthy
herausgefordert,challenged
peace,peace
abgehoben,picked up
beklagt,complains
bietest,offer
erläutern,explain
beerdigungen,funerals
hung,hung
jaime,Jaime
cotton,cotton
wegging,went away
himmlische,heavenly
stabilität,stability
ungehorsam,disobedience
wuchsen,grew
kamt,came
dumpfbacke,dimwit
samaritan,Samaritan
dorfes,village
jepp,Yep
unmoralisch,immoral
schlafenszeit,bedtime
durchgezogen,carried through
schlaumeier,smarty-pants
klassisch,classic
dash,dash
wißt,do you know
margarita,margarita
herausfinde,find out
umstimmen,to change your mind
schlossen,closed
wegschaffen,remove
abteil,compartment
unverzeihlich,unforgivable
augenblicklich,instantaneously
fesselt,captivates
sforza,Sforza
trümmern,ruins
bürgersteig,sidewalk
dunn,thin
infanterie,infantry
süßeste,sweetest
kakerlake,cockroach
beeindruckende,impressive
zertrümmert,shattered
liebeskummer,heartbreak
endgültige,final
übertreffen,surpass
valium,Valium
schnellstmöglich,as soon as possible
bedecken,cover
gnadenlos,merciless
titelmusik,theme music
begierde,desire
syrien,Syria
hmmm,hmmm
zurückschlagen,fight back
negativen,negative
believe,believe
zirkel,circle
werben,advertise
gemüt,mind
taxis,taxis
sunshine,sunshine
basteln,craft
beinbruch,broken leg
rückschlag,setback
feigheit,cowardice
verspäten,be late
aires,airs
genetischen,genetic
leinen,linen
abspielen,play
fahrerflucht,hit and run
enthielt,contained
wohnheim,dormitory
sylvie,Sylvie
papieren,paper
überlebten,survived
steroide,steroids
formulieren,formulate
labil,unstable
geheimhaltung,confidentiality
zusammenzuarbeiten,to cooperate
chemischen,chemical
wählten,chose
herausbekommen,find out
vorderen,front
bestenfalls,at best
bluffen,bluff
fingerabdrücken,fingerprints
erinner,remember
schraubenzieher,screwdriver
abbringen,deter
stütze,support
anja,Anja
halunke,scoundrel
gunther,gunther
prellungen,bruises
klettere,climb
schmerzlos,painless
high-school,high school
verwandle,transform
verständnisvoll,understanding
rossi,Rossi
annette,Annette
zahnpasta,toothpaste
stach,stung
80er,80s
gefährlichste,most dangerous
tagesordnung,agenda
kalorien,calories
aufgedreht,turned up
ire,Irishman
verklemmt,jammed
prescott,Prescott
hügeln,hills
durchbrochen,broken through
rechner,computer
schimmel,mold
seaquest,seaquest
hotdogs,hot dogs
komplott,plot
jana,Jana
vögelst,birds
vernichte,destroy
taille,waist
abkaufen,buy
täusche,deceive
totalen,total
geburtstage,birthdays
tonband,tape
grundlagen,basics
monstern,monsters
gerechtfertigt,justified
telefonate,phone calls
weitersuchen,continue searching
hinzugefügt,added
erwidert,replied
säule,column
foul,foul
dänen,Danes
hintereingang,rear entrance
marcia,Marcia
jeanette,Jeanette
hurrikan,hurricane
trump,trump
antiken,ancient
corporation,corporation
zauberstab,magic wand
verschlechtert,worsened
teleskop,telescope
torrente,torrent
verlangsamen,slow
glänzende,shiny
verabscheue,abhor
schachzug,move
zuversicht,confidence
fluchtweg,escape route
ertrag,yield
hui,Wow
taverne,tavern
luftschleuse,airlock
gefühlvolle,emotional
überlasst,leaves
skywalker,Skywalker
moor,moor
elektriker,electrician
genitalien,genitals
ausbreiten,spread
stones,stones
binnen,within
rechtfertigt,justifies
elanna,Elanna
anheben,lift
runterholen,bring down
schweige,silence
preisgeben,reveal
bernardo,Bernardo
dottie,dottie
ahnst,do you suspect
falk,Falk
burnett,burnett
everybody,everybody
bizarr,bizarre
fraser,fraser
aspekte,aspects
ramón,ramón
schummeln,cheat
toren,tors
unsern,our
gemeinen,common
vernommen,heard
satans,satan's
pudel,poodle
wandel,change
fötus,fetus
umbringst,kill
seoul,Seoul
halluzination,hallucination
rekrutieren,recruit
stamme,origin
fokus,focus
kreative,creative
neujahr,New Year
dünnen,thin
patrioten,patriots
bowlen,bowling
replikatoren,replicators
roberta,Roberta
krepieren,die
schnupfen,sniffles
toms,toms
verdauen,digest
muschis,pussies
magisches,magical
bares,cash
zeitreisen,time travel
stande,stood
schlafmittel,sleeping pills
tölpel,clumsy
vierter,fourth
zeitlinie,timeline
had,had
stolpern,stumble
enkelkinder,grandchildren
verdeckte,hidden
richtete,directed
urne,urn
hollis,hollis
verheimlichst,you conceal
nerd,nerd
generals,generals
ekg,ECG
durchzuziehen,to carry it out
geregnet,rained
ausschlafen,sleep in
alpen,Alps
pence,pence
kinderwagen,stroller
ladet,loads
ungezogen,naughty
revanche,revenge
mika,mika
tiny,tiny
weismachen,make people believe
zukünftiger,future
mamie,mamie
cause,cause
verhältnisse,conditions
rubel,ruble
baumwolle,cotton
erniedrigt,humiliated
warpantrieb,warp drive
moderner,modern
ramona,Ramona
manu,manu
zählst,are you counting
vogelgezwitscher,birdsong
studierst,are studying
spalten,split
mcgill,McGill
asgard,Asgard
außenminister,foreign minister
angedeutet,indicated
gurke,cucumber
zelda,Zelda
dominique,Dominique
lucius,Lucius
were,were
verpfeifen,to rat out
auslachen,laugh at
lebenswerk,life's work
demokraten,Democrats
kaiserlichen,imperial
ncis,ncis
quoten,quotes
geheimnissen,secrets
freitags,Fridays
ganoven,crooks
tanzten,danced
einlässt,engages
taktische,tactical
aufkreuzen,show up
existierte,existed
cardassia,cardassia
zittere,tremble
havanna,Havana
vertreibt,displaces
anspruchsvoll,demanding
beendete,ended
rocken,rock
rubin,ruby
darla,darla
hinwegkommen,get over
mind,mind
erbin,heiress
winkt,wave
internationaler,international
umzulegen,to lay down
brandt,brandt
nageln,nail
denkbar,conceivable
lilith,Lilith
ausweisen,identify
mayo,mayo
türkisch,Turkish
erbarme,have mercy
hinterwäldler,hillbilly
göttlichen,divine
gequatsche,chatter
lowell,lowell
fonds,funds
aufgeschlossen,open-minded
foley,foley
welpe,puppy
töchtern,daughters
abzulehnen,to reject
hastig,hastily
pi,pi
bürgern,citizens
polizeisirene,police siren
anführerin,leader
zählte,counted
beschmutzt,soiled
zubereiten,prepare
vorschein,appearance
pacific,Pacific
tyrannen,tyrants
trockner,dryer
kommandozentrale,command center
verzögern,delay
candace,candace
tollwut,rabies
hilton,Hilton
kes,kes
freigesetzt,released
lehn,lean
erreichten,reached
obelix,Obelix
befriedigung,satisfaction
omas,grandmas
edwin,Edwin
janey,Jane
ufos,UFOs
höhenangst,fear of heights
grinst,grins
nikolai,Nikolai
alexandre,alexandre
wahrscheinlicher,more likely
partnern,partners
joanne,Joanne
sicherheitsvorkehrungen,safety precautions
sammelte,collected
gallier,Gaul
reichsten,richest
ungemütlich,uncomfortable
pinguine,penguins
ledig,single
angestiftet,instigated
demonstranten,demonstrators
sorten,varieties
ever,ever
wiesel,weasel
ambitionen,ambitions
verhaftungen,arrests
obendrein,Moreover
heftiger,more intense
räuspern,clear throat
verbrannten,burned
irritiert,irritated
hotdog,hot dog
marken,brands
gérard,Gérard
stute,mare
neutral,neutral
begnadigung,pardon
taiwan,Taiwan
ni,ni
heiterem,cheerful
krankenversicherung,health insurance
abschuss,shooting
umsatz,sales volume
milz,spleen
pandora,Pandora
verschenkt,given away
kompletter,complete
transfer,transfer
pflegeheim,nursing home
inneres,inner
teste,test
evil,evil
finsteren,dark
loretta,Loretta
unprofessionell,unprofessional
jamaika,Jamaica
pilar,pilar
syphilis,syphilis
georgina,Georgina
letztem,last
simms,simms
hervorragender,excellent
small,small
verzweifelten,desperate
sonnensystem,solar system
widerrufen,revoked
durchmacht,goes through
warschau,Warsaw
jean-luc,Jean-Luc
ping,ping
losgelassen,released
verlängert,extended
bee,bee
feinsten,finest
feldern,fields
vergewissern,make sure
moderator,moderator
romero,Romero
entlastet,relieved
quote,quote
furchtlos,fearless
dahlia,dahlia
pupillen,pupils
kommunismus,communism
wissenschaftlerin,scientist
kristalle,crystals
absender,sender
abgekommen,arose
lasen,read
austragen,carry out
polizeiwache,police station
nizza,Nice
cedric,cedric
mietvertrag,rental agreement
sleepy,sleepy
gonzo,gonzo
anstecken,infect
krampf,cramp
waffenhändler,arms dealer
amerikanisch,American
bushaltestelle,bus stop
erstklassige,first-class
turnhalle,gym
erniedrigend,humiliating
untergraben,undermine
trauerfeier,funeral service
unglaublicher,incredible
schusslinie,firing line
buckingham,buckingham
mondlicht,moonlight
waldes,forest
verkrampft,tense
injiziert,injected
count,count
anzusprechen,to address
eröffne,open
akzeptierst,do you accept
gestand,confessed
theaterstück,play
budapest,Budapest
mitzubringen,to bring
belagerung,siege
statistiken,statistics
zweien,two
anstrengungen,efforts
hochstapler,imposter
praktizieren,practice
abschlussfeier,graduation ceremony
isolation,isolation
schmiere,lube
konkurrenten,competitors
nelle,nelle
verantwortliche,responsible
sonnen,sun
durchgeschnitten,cut
sankt,Saint
nichtsnutz,good-for-nothing
vorbeikommt,comes by
kooperiert,cooperates
lausige,lousy
disney,Disney
nachtigall,nightingale
starre,rigid
unternimmt,undertakes
besitzerin,owner
linkes,left
sortieren,sort
kel,kel
drähte,wires
äffchen,little monkey
ergehen,go
dreieck,triangle
dünger,fertilizer
tätigkeit,task
mitzumachen,to participate
essig,vinegar
lung,lung
bess,better
angehängt,attached
schneidest,cut
unterstellt,assumed
stressig,stressful
weißwein,white wine
ewing,ewing
dorn,mandrel
nachtrag,addendum
kästchen,box
maximum,maximum
ständigen,constant
wörterbuch,dictionary
deborah,Deborah
wolfe,wolfe
sowjetischen,Soviet
ablenkungsmanöver,diversionary tactic
engsten,closest
beigetreten,joined
second,second
tasten,keys
gepostet,posted
ro,ro
tatest,tatest
aufgesucht,visited
brennende,burning
ugh,ugh
chemiker,chemist
gestrigen,yesterday
shepard,shepard
joanie,Joanie
schaukel,swing
twist,twist
brock,brock
minderjährig,minor
anmarsch,approach
melbourne,Melbourne
abartig,abnormal
rücksichtsvoll,considerate
hündin,bitch
unterlegen,inferior
doppelter,double
fabelhafte,fabulous
einzubrechen,to break in
heftigen,violent
langweiler,boring
göre,girl
richtlinien,guidelines
ruin,ruin
blickwinkel,perspective
glücklichsten,happiest
ausgepackt,unpacked
decknamen,code names
maxime,maxim
bescheuerten,stupid
materialien,materials
franken,francs
leoparden,leopards
enttäusche,disappoint
weitermachst,continue
beurteilt,assessed
üblicherweise,usually
beanspruchen,claim
hm-hm,hm-hm
geldbörse,wallet
jor-el,jor-el
maddox,maddox
untreue,infidelity
cutter,cutter
letzt,last
clans,clans
maman,mom
abwasch,washing up
klaute,stole
milliardär,billionaire
taste,button
event,event
verkraftet,copes
wameru,wameru
emilie,Emilie
rammen,ram
besichtigen,view
kanns,can
70ern,70s
denis,denis
marissa,Marissa
muskel,muscle
bedauert,regrets
aussagt,states
merkten,noticed
baldwin,baldwin
arbeitern,workers
hebräisch,Hebrew
dietrich,Dietrich
wessex,Wessex
auflösung,resolution
angelica,angelica
ambulanz,ambulance
ereignet,happened
ten,ten
niklas,Niklas
zurückgeblieben,left behind
wiedersehe,see you again
erreichst,you reach
erträgt,he wears
dev,dev
sportwagen,sports car
makellos,flawless
engeln,angels
gabby,gabby
rindfleisch,beef
koran,Koran
gebäuden,buildings
tobt,rages
charlies,Charlie's
folgendermaßen,as follows
leukämie,leukemia
cleo,cleo
körpern,bodies
archibald,archibald
geilen,awesome
lau,lukewarm
frieda,Frieda
gekrochen,crawled
oslo,Oslo
jericho,Jericho
dane,Dane
helllichten,bright lights
hochverrat,high treason
hege,care
drängeln,pushing
olympia,Olympics
wund,sore
paßt,fits
verschleppt,abducted
pot,pot
öi,öi
ablehnung,rejection
gekillt,killed
banden,gangs
zuhörst,listen
cosima,Cosima
abwischen,wipe
erwähnst,mention
dobbs,dobbs
towers,towers
hats,hats
ringt,wrestling
curry,curry
tödlicher,deadly
portugal,Portugal
verschollen,missing
sizilien,Sicily
winziges,tiny
verbündet,allied
beschränken,restrict
vash,vash
edison,Edison
ausging,exit
once,once
gläubigen,believers
bemerkenswerte,remarkable
heiter,cheerful
statement,statement
schmücken,decorate
teilst,share
überlegung,consideration
schob,pushed
weber,Weber
festmahl,feast
weggesperrt,locked away
stiehlst,steal
sommers,summer
schachmatt,checkmate
terminkalender,appointment calendar
wagte,dared
kiss,kiss
hexer,witch
knistern,crackle
cahill,cahill
mayer,mayer
ausgerüstet,equipped
zurückhaltend,reserved
bowman,bowman
gänse,geese
schutt,rubble
pinky,pinky
strafbar,punishable
hawks,hawks
fröhlicher,cheerful
marathon,marathon
klone,clones
funke,spark
ziemliches,quite a lot
80ern,80s
geheiligt,hallowed
kryptonit,kryptonite
hypothese,hypothesis
polizeibericht,police report
marcos,Marcos
lebenslang,life
istja,is
sprachst,you spoke
porzellan,china
saat,seed
signorina,signorina
grandios,magnificent
entladen,unload
verliebe,fall in love
weibt,women
auftragskiller,hitman
nachdenkst,thinking
anfordern,request
heisse,hot
handhaben,handle
slater,slater
oi,oi
curly,curly
appell,appeal
geheimnisvollen,mysterious
erwarteten,expected
fe,fe
aberglaube,superstition
wechselte,changed
mdr,MDR
mao,Mao
erfreulich,pleasing
essex,Essex
bestandteil,ingredient
vi,vi
demütigend,humiliating
isis,Isis
überholen,overtake
abgeordnete,delegate
verliebten,in love
thing,thing
beschwören,summon
diverse,various
zuteil,allocated
vorschreiben,prescribe
künstlichen,artificial
graysons,graysons
hütten,huts
kante,edge
gesetzeshüter,law enforcement
kenji,Kenji
vorsichtsmaßnahme,precautionary measure
beneiden,envy
pitt,pitt
schlagzeug,drums
zwangen,forced
laufbahn,career
rippchen,ribs
physischen,physical
kleiderschrank,wardrobe
beglichen,settled
zusagen,commit
saigon,Saigon
gebrüll,roar
statuen,statues
taugen,are suitable
uwe,Uwe
hinführt,leads
carlotta,Carlotta
tschau,bye
magdalena,Magdalena
herüber,over
diesbezüglich,in this regard
isobel,isobel
jamal,jamal
erfindungen,inventions
alaric,alaric
statistik,statistics
always,always
teils,part
lorna,Lorna
didi,didi
rauscht,noise
susi,susi
personalabteilung,human resources department
mitkomme,come with me
taliban,Taliban
vorgekommen,occurred
kreuzt,crosses
trauert,mourns
beschließt,decides
beschuldigte,accused
zurückzuziehen,to withdraw
nachgeforscht,investigated
brech,break
kriminalpolizei,criminal police
britischer,British
lees,le
ernest,Ernest
marv,marv
klopapier,toilet paper
tauchten,emerged
gültig,valid
eduardo,Eduardo
versohlen,atone
überfälle,robberies
wiedergutzumachen,to make amends
missachten,disregard
charmante,charming
zugewiesen,assigned
befanden,were
gisburne,Gisburne
huang,huang
geschehe,may it happen
traten,occurred
doreen,Doreen
checkt,checks
zaum,bridle
immunsystem,immune system
nägeln,nails
veteranen,veterans
telefonnummern,phone numbers
elton,elton
authentisch,authentic
lüften,ventilate
betrog,cheated
weiterführen,continue
vorrücken,advance
moody,moody
weiterreden,continue the conversation
sarkastisch,sarcastic
hangar,hangar
raste,rest
einmischung,interference
schuljahr,school year
löchern,perforate
kraut,herb
lebhaft,lively
verlaub,Excuse me
erwartung,expectation
diesel,diesel
françoise,Françoise
nachlass,estate
garrison,garrison
sanatorium,sanatorium
uncool,uncool
romantiker,romantics
einweihen,inaugurate
feiere,celebrate
allerersten,very first
fayed,fayed
mails,emails
verheiraten,marry
abbott,abbott
shorty,shorty
überlegte,considered
gezögert,hesitated
konfrontieren,confront
aussehender,looking
donnelly,donnelly
angetreten,started
roscoe,roscoe
überführt,convicted
bankett,banquet
beachte,note
bereinigen,clean
kritischen,critical
cloud,cloud
aktiven,active
jojo,jojo
friedlichen,peaceful
grantham,grantham
carpenter,carpenter
himmlischen,heavenly
wegbleiben,stay away
lump,lump
öffentliches,public
geburtstagskind,birthday child
verbotene,forbidden
wirklicher,real
rider,rider
drehung,rotation
einzelner,individual
olivier,Olivier
lafayette,Lafayette
serienkiller,serial killer
wiederherzustellen,to restore
schwersten,heaviest
gefährlichsten,most dangerous
spektakel,spectacle
beherrsche,master
regenschirm,umbrella
flossen,fins
beabsichtige,intends
durchsehen,review
begründung,justification
dieter,dieter
grenzt,borders
telefonisch,by phone
waschbär,racoon
christliche,Christian
gesäubert,cleaned
algerien,Algeria
dolmetscher,interpreter
sichtweise,perspective
kurzschluss,short circuit
bedeutende,significant
amüsiere,amuse
europäische,European
verspottet,mocked
gleiten,slide
assistieren,assist
ehebruch,adultery
berkeley,Berkeley
fauler,lazier
güter,goods
haiti,Haiti
aufschlagen,open
zwangsläufig,inevitably
teilnahme,participation
something,something
gläubiger,believer
empört,outraged
unberührt,untouched
vorhersagen,predict
lutz,Lutz
hiesigen,local
hailey,Hailey
singh,Singh
verblüfft,astonished
flugzeugen,aircraft
golfplatz,golf course
birgt,harbors
führende,leading
härteste,toughest
building,building
eitel,vain
mücke,mosquito
stärkeres,stronger
ungläubigen,unbelievers
geklettert,climbed
injektion,injection
partikel,particles
jun,June
moreno,moreno
quantico,quantico
pyramiden,pyramids
hackbraten,meatloaf
kopfkissen,pillow
quadranten,quadrant
verschicken,send
schimpfen,scold
water,water
moin,good morning
streiken,strike
staatsbürger,citizen
östlichen,eastern
maximale,maximum
währung,currency
samir,Samir
dreckschwein,filthy pig
abschleppen,towing
lorne,Lorne
tauscht,exchanges
jubiläum,anniversary
tanaka,tanaka
verschweigst,you conceal
hofe,courtyard
q.,q.
philosoph,philosopher
durchqueren,traverse
insider,insider
freizulassen,to release
marlowe,Marlowe
brillanten,brilliant
yates,yates
eroberung,conquest
eingeredet,convinced
verseucht,contaminated
unlogisch,illogical
vorherigen,previous
uralte,ancient
selbstbewusstsein,self-consciousness
müsli,muesli
musstet,had to
buckel,humpback
vogelscheuche,scarecrow
normandie,Normandy
feuchte,damp
bundesagenten,federal agents
begleitest,accompany
rächt,avenge
gassi,dog walking
tito,Tito
florrick,florrick
fohlen,foal
ehm,umm
hitlers,Hitler's
dekoration,decoration
französisches,French
whitey,whitey
geheimwaffe,secret weapon
patsy,patsy
schikaniert,harassed
peabody,peabody
niest,snee
flehte,pleaded
manch,some
wahn,delusion
bügeln,iron
entsichert,unlocked
jeglichen,any
nicht.,not.
überprüfte,checked
kassetten,cassettes
futsch,gone
ähnlicher,similar
roxy,roxy
unvorsichtig,careless
them,them
sprengt,blows up
hour,hour
erledigst,you do it
klugen,clever
aggression,aggression
früherer,former
pietro,pietro
marius,Marius
viva,viva
auskennt,knows
weibern,women
hegen,nurture
designer,designer
goliath,Goliath
flüssig,fluid
aufgerufen,called
herausstellt,highlights
no.,no.
leckeren,delicious
formalität,formality
breiten,wide
abwerfen,drop
nervensystem,nervous system
versöhnung,reconciliation
instruktionen,instructions
kalle,Kalle
ya,yes
großstadt,big city
füge,add
schleppt,drags
formalitäten,formalities
droiden,droids
klassischer,classic
louisa,Louisa
cosmo,cosmo
hingefahren,drove there
aufschlitzen,slash
lutsch,suck
ultimatum,ultimatum
nachhause,home
vorzeitig,premature
natasha,Natasha
physiker,physicist
ochse,ox
genannte,mentioned
francesco,Francesco
erfindet,he finds
freigeben,release
stimmst,Do you agree?
inne,inside
absolutes,absolute
erschöpfung,exhaustion
zerschmettert,shattered
schweinen,pigs
eindrucksvoll,impressive
behüte,protect
ersticke,suffocate
nino,nino
abdecken,cover
besorgungen,errands
gebärmutter,uterus
fußspuren,footprints
nasse,wet
poliert,polished
ch4040ff,ch4040ff
kill,kill
verwandtschaft,relationship
einzusperren,to imprison
dokumentation,documentation
distanziert,distant
intimität,intimacy
dringender,urgent
selbstsicher,self-confident
dickköpfig,stubborn
verbündeter,allied
kanadier,Canadian
mineralwasser,mineral water
minderjährigen,minors
neusten,newest
father,father
vertrieb,distribution
christlichen,Christian
vizepräsidenten,vice presidents
castillo,castillo
russel,Russell
dumpfer,duller
bestellungen,orders
ahhh,ahhh
selbstbewusst,confident
autotür,car door
diplomatie,diplomacy
blufft,bluffs
schräge,slant
zuständigkeit,responsibility
geschüttelt,shaken
hoyt,hoyt
fiktion,fiction
erforscht,explored
steifen,stiff
gay,gay
duffy,Duffy
britney,Britney
simpsons,Simpsons
yvette,Yvette
besteck,cutlery
gründete,founded
überflutet,flooded
phelps,phelps
parat,ready
erfolgen,take place
abbild,image
wiedergeben,reproduce
klumpen,lumps
fußabdrücke,footprints
traditionell,traditional
anzuhalten,to stop
stiller,silent
glöckchen,bell
gandhi,Gandhi
manfred,Manfred
bisherigen,previous
ratlos,puzzled
maniküre,manicure
kohlen,coal
rasend,furious
rhodes,Rhodes
weihnacht,Christmas
kehr,return
christie,Christie
sechzehn,sixteen
zerren,pull
webb,webb
gläubig,religious
abbruch,cancellation
motorräder,motorcycles
schliesst,closes
geschworene,sworn
herzfrequenz,heart rate
mads,mads
ewiger,eternal
beschrieb,described
cain,Cain
iii,iii
agatha,Agatha
loomis,Loomis
beauty,beauty
landebahn,runway
kimberly,Kimberly
herrliches,wonderful
machete,machete
längsten,longest
alphabet,alphabet
peinliche,embarrassing
einschätzen,assess
abgesprochen,agreed
geländer,railing
courage,courage
vieren,four
bahnsteig,platform
jault,howls
falles,cases
raul,Raul
wah,true
gallo,gallo
mussen,must
barriere,barrier
dotty,dotty
kräftigen,strong
abzulegen,to put down
konstruiert,constructed
schwimm,swim
dimensionen,dimensions
psychologin,psychologist
kontrollen,checks
lhm,lhm
geprägt,embossed
geschäftlichen,business
rückfall,relapse
killen,kill
einlösen,redeem
asteroiden,asteroids
schluckauf,hiccup
derartige,such
schwedisch,Swedish
monsignore,monsignor
doggett,doggett
erstechen,stab
torpedo,torpedo
widerlichen,disgusting
abfluss,drain
waisenkind,orphan
durant,during
jucken,itching
beschafft,procured
veröffentlichung,publication
impulse,impulse
geschämt,ashamed
stillstand,standstill
rooster,rooster
entlarven,expose
verschwundenen,disappeared
einweisen,instruct
bands,bands
dienstags,Tuesdays
klaust,Klaus
schwieriges,difficult
spektakulär,spectacular
hilary,Hilary
kurven,curves
shop,shop
beigetragen,contributed
suv,SUV
russo,russo
kitzeln,tickle
abgeschleppt,towed away
schicker,stylish
techniken,techniques
abladen,unload
sicherheitsleute,security guards
glückssträhne,lucky streak
chefkoch,chefkoch
garvey,Garvey
gemetzel,slaughter
unmengen,tons
plädieren,plead
lebensmüde,suicidal
merkmale,features
gräbt,digs
einzigartigen,unique
nähte,seams
erwin,Erwin
ocean,ocean
digital,digital
speichern,save
hoffnungsloser,hopeless
vergingen,passed
omaha,Omaha
schub,thrust
abschreiben,copy
törtchen,cake
vorsitz,chair
reflexe,reflexes
freilich,of course
blenden,blinds
feindselig,hostile
einsammeln,collect
singer,singer
leni,Leni
übertrifft,surpasses
trübsal,sorrow
verbannen,banish
postbote,postman
harmlose,harmless
milligramm,milligram
krabben,crabs
schamlos,shameless
carlisle,Carlisle
sims,Sims
wau,woof
townsend,townsend
gerieten,got
reklame,advertisement
verstümmelt,mutilated
hippie,hippie
marshmallows,marshmallows
orry,orry
paprika,paprika
krasse,crazy
crixus,crixus
gertrude,Gertrude
westliche,western
stuntman,stuntman
meute,pack
vererbt,inherited
70er,70s
knackt,cracks
inspirierend,inspiring
schildern,describe
steiner,steiner
kreieren,create
genaues,precise
wohlfühlen,feel good
ripley,Ripley
achse,axis
idol,idol
stiefeln,boots
auserwählten,chosen
sergej,Sergej
skyler,skyler
engelchen,little angel
komet,comet
schlaues,clever
sicherheitsmaßnahmen,security measures
thai,Thai
überlisten,outsmart
helmut,Helmut
schiebst,push
verfickter,fucking
briefträger,postman
benedikt,Benedict
professoren,professors
mondschein,moonlight
flohen,fled
westens,west
kredite,loans
haftstrafe,prison sentence
ii.,ii.
cabrio,convertible
darby,darby
press,press
garibaidi,garibaidi
selina,Selina
weckte,woke
gesprächig,talkative
viren,viruses
zehner,tens
polizeifunk,police radio
sporen,spores
dahintersteckt,behind it
getriebe,gearbox
wiesen,meadows
pausen,breaks
hero,hero
gottverdammter,goddamn
müßt,must
eingegeben,entered
voodoo,voodoo
angeblichen,alleged
exmann,ex-husband
alistair,Alistair
trainierst,train
ausgleich,compensation
fiesen,nasty
ernesto,Ernesto
holiday,holiday
verdrehen,twist
flachlegen,lay down
dienstmarke,service badge
eilen,hurry
ehevertrag,prenuptial agreement
pflegt,maintains
schüttelt,shakes
hereinspaziert,Come on in!
lhres,your
ilona,Ilona
geplündert,looted
stig,stig
fusco,fusco
nicken,nod
elmer,Elmer
antust,anus
erbärmliche,pathetic
sek,sec
mundwerk,mouth
stephan,Stephan
lieferte,delivered
feuerlöscher,fire extinguisher
kran,crane
verwiesen,referred
schwitze,sweat
trailer,trailer
konfisziert,confiscated
bristow,Bristol
kreativität,creativity
kombiniert,combined
kooperativ,cooperative
clifford,Clifford
pie,pie
niederbrennen,burn down
soprano,soprano
enthusiasmus,enthusiasm
rizzoli,Rizzoli
pernell,pernell
genoss,enjoyed
jugendlicher,youth
kolonne,column
leonardo,Leonardo
herstellung,production
gewehren,rifles
klopfte,knocked
lama,lama
earp,earp
stammbaum,family tree
schachteln,nesting
eigentlichen,actual
brutus,Brutus
korrupten,corrupt
mast,mast
lehmann,Lehmann
spesen,expenses
eingewiesen,instructed
schränke,cabinets
sensationell,sensational
malst,paint
ausgelegt,designed
terminplan,schedule
shrimps,shrimps
belehren,instruct
nobody,nobody
ertrinkt,he drinks
ernennen,appoint
adalind,adalind
umsetzen,implement
hackt,hacks
goodman,goodman
heimzahlen,payback
unzertrennlich,inseparable
biester,beasts
dynamische,dynamic
unanständig,indecent
dudley,dudley
generell,generally
touren,tours
baltar,baltar
reingebracht,brought in
artefakte,artifacts
bedeute,means
fürchterliche,terrible
apfelkuchen,apple pie
befund,findings
straßensperren,road closures
fehlgeburt,miscarriage
diagnostiziert,diagnosed
anarchie,anarchy
wisse,know
kahl,bald
sangen,sang
schöpfen,draw
journal,journal
berta,Berta
mitnimmt,takes with
aufrichtigkeit,sincerity
cullen,Cullen
martins,Martin's
ohrfeigen,slaps
ergebe,result
auszusuchen,to choose
aufmacht,opens
tierheim,animal shelter
dalli,dalli
abgeschickt,sent
postamt,post office
anfragen,request
nachtwächter,night watchman
beirut,Beirut
anlagen,facilities
spielzeuge,toys
greifst,grab
mitkommt,comes with
mcmanus,mcmanus
schauspielerei,acting
verdenken,blame
schiefgelaufen,went wrong
schlechtesten,worst
stoße,bump
mummy,mummy
drecksloch,shithole
überlaufen,overrun
stürmisch,stormy
betäubung,anesthesia
ritz,ritz
lolita,Lolita
sandte,sent
infizierten,infected
downton,downton
zumal,especially since
bloßstellen,expose
hingehören,belong
mercer,mercer
befasst,deals
kühn,bold
vorgezogen,brought forward
verschwitzt,sweaty
konstantin,Konstantin
pager,pager
petersburg,Petersburg
öffentlicher,public
morales,morales
pfand,deposit
geschäftsleute,business people
jocelyn,Jocelyn
trüben,cloud
misst,measures
vortragen,present
ausstrahlung,broadcast
geehrte,esteemed
lew,lew
garnison,garrison
ausgeglichen,balanced
annabelle,Annabelle
malmö,Malmö
hendrix,Hendrix
till,till
diebstahls,theft
untröstlich,inconsolable
checke,check
stammte,originated
owens,Owens
angelus,angelus
touch,touch
streuner,stray
toro,toro
beautiful,beautiful
kostprobe,taste test
aufholen,catch up
etliche,several
angetrieben,driven
dina,dina
festzunehmen,to arrest
einschließen,include
undichte,leaking
meld,report
mangelt,lacks
entspanne,relax
irdischen,earthly
bahnen,tracks
gewöhnliches,ordinary
simons,Simons
praktische,practical
sutton,Sutton
aufrechterhalten,maintain
ertrank,drowned
trompeten,trumpets
verlassene,abandoned
suzie,suzie
flöhe,fleas
nicks,nicks
verunsichert,unsettled
getätigt,made
kostbaren,precious
kniet,kneels
ber,ber
rübe,turnip
senatoren,senators
vickie,Vickie
verachte,despise
abzuziehen,to deduct
hilfssheriff,deputy sheriff
spielraum,scope
herbestellt,ordered
unterschrieb,signed
peck,peck
teri,teri
jimbo,Jimbo
langgeht,goes long
memoiren,memoirs
verfluche,curse
sportlich,sporty
verklage,sue
augustus,Augustus
wiedergefunden,found again
sa,sa
cuina,cuina
lem,lem
hersteller,manufacturer
mio,million
heul,cry
versiegeln,seal
gro,large
abstammung,ancestry
rechtes,right
anschläge,attacks
silberne,silver
abführen,remove
koreaner,Korean
anwendung,application
erspare,save
tree,tree
spekulationen,speculations
zurückgehalten,held back
vorbeifahren,drive past
cara,cara
vorstellbar,conceivable
vorstellt,presents
mürrisch,grumpy
usb-stick,USB stick
nachlassen,decrease
topper,topper
kreuzworträtsel,crossword puzzle
fritten,fries
cold,cold
absperrung,barrier
masters,masters
adrien,Adrien
betrüge,cheat
redensart,idiom
abhält,deters
schwellung,swelling
isak,isak
erneuert,renewed
salbe,ointment
rates,rates
nullen,zeros
schuldete,owed
beschattet,shaded
pferderennen,horse racing
übertreibe,exaggerate
indische,Indian
kämst,came
rauszukriegen,to find out
fine,fine
umgesehen,looked around
abhaut,escapes
hundes,dog
shay-zee,shay-zee
vermittler,mediator
gewandt,skilled
offline,offline
versaust,ruined
auffassung,opinion
hosentasche,trouser pocket
lazarus,Lazarus
brigade,brigade
zuschauern,spectators
ausführung,execution
mob,mob
mystische,mystical
illegaler,illegal
überzeugungen,beliefs
maden,maggots
leuchte,light
beschlagnahmen,confiscate
bewilligt,approved
uh-huh,uh-huh
ashton,ashton
macho,macho
gliedmaßen,limbs
mysterium,mystery
bluttest,blood test
heimfahren,drive home
infizieren,infect
lehrern,teachers
baseballschläger,baseball bat
aufgibst,you give up
füll,fill
bentley,bentley
conny,Conny
fließend,fluent
co,co
dornröschen,Sleeping Beauty
gescannt,scanned
sonya,Sonya
geäußert,expressed
doofe,stupid
optimismus,optimism
regan,regan
ochsen,oxen
marlboro,Marlboro
unterschreibst,sign
ländereien,lands
brustkorb,ribcage
bayern,Bavaria
volt,volt
buchstabe,letter
nichols,nichols
michele,Michele
capone,Capone
ausschnitt,excerpt
ukraine,Ukraine
anfertigen,manufacture
seelenklempner,soul plumber
ausdrucksweise,expression
monkey,monkey
arznei,medicine
omelett,omelet
atlas,Atlas
maxine,maxine
geschlossene,closed
abkühlen,cool
food,food
arne,Arne
mayonnaise,mayonnaise
überträgt,transfers
zeugt,testifies
einwilligung,consent
entlarvt,exposed
gebühren,fees
dinah,dinah
seufzer,sigh
lösche,delete
unzucht,fornication
geschätzte,estimated
manolo,manolo
aufgebraucht,used up
baracken,barracks
celeste,celeste
umgefallen,fell over
rennfahrer,racing driver
gerichtsbeschluss,court order
eingelegt,inserted
verehrten,revered
einwanderungsbehörde,immigration authority
rudolph,Rudolph
fernglas,binoculars
venezuela,Venezuela
verschuldet,indebted
klaue,claw
roth,red
stoffe,materials
pocken,smallpox
mam,mom
investitionen,investments
unendlichen,infinite
shogun,shogun
style,style
belfast,Belfast
abergläubisch,superstitious
hühnern,chickens
umkommen,perish
kommandos,commands
trance,trance
lebensweise,way of life
zwingst,force
ehrfurcht,reverence
timer,timer
velma,velma
freiheiten,freedoms
hinterhältig,sneaky
konzerte,concerts
ungültig,invalid
verklingt,fades away
gestopft,stuffed
riet,advised
verbeugen,bow
hilda,Hilda
erheblich,significant
vergess,forget
verarsche,scam
inge,inge
rosinen,raisins
chirurgin,surgeon
better,better
giftige,toxic
blaine,blaine
ramsey,Ramsey
reagiere,react
rasmus,Rasmus
solis,solis
rassist,racist
erfinde,invent
auszuschließen,to exclude
katrin,Katrin
schlitz,slot
chucky,chucky
comeback,comeback
liess,let
glorreichen,glorious
formuliert,formulated
danvers,Danvers
genesen,recovered
dunbar,Dunbar
derzeitigen,current
losgeschickt,sent
menschenverstand,common sense
ui,ui
klares,clear
toleranz,tolerance
vielerlei,many
fachmann,expert
hap,hap
bettchen,bed
teilgenommen,participated
härte,hardness
zurückgewinnen,Recover
did,did
gepflanzt,planted
bacon,bacon
hintere,rear
sterbliche,mortal
traktorstrahl,tractor beam
schäbig,shabby
ciro,ciro
gruselige,creepy
estelle,estelle
morgigen,tomorrow
turbulenzen,turbulence
hunderter,hundreds
champions,champions
kontaktlinsen,contact lenses
milady,milady
legionen,legions
waltons,Waltons
collier,necklace
aussichtslos,hopeless
register,register
bohne,bean
kjeld,kjeld
ebenbürtig,equal
geehrter,Dear Sir/Madam
verpflegung,catering
rotschopf,redhead
zusieht,watches
herausstellte,turned out
klarzukommen,to cope
venen,veins
zickig,bitchy
whitman,Whitman
bertram,Bertram
booten,boot
flugzeugabsturz,plane crash
spalte,split
erkannten,recognized
überweisung,transfer
flexibel,flexible
kovac,kovac
witwer,widower
haltestelle,stop
bauunternehmer,building contractor
zaren,tsars
diktator,dictator
gutzumachen,to make up
losging,started
fingernägeln,fingernails
rutschte,slipped
veilchen,violet
baze,baze
sparks,sparks
braddock,braddock
steigert,increases
vernehmung,interrogation
porthos,porthos
mäntel,coats
grausamer,gruesome
aufwärts,upwards
gezündet,ignited
hypnotisiert,hypnotized
entscheidenden,decisive
steil,steep
rassen,races
bowl,bowl
lightning,Lightning
landesweit,nationwide
plakate,posters
karo,checkered
närrin,fool
umfang,scope
slogan,slogan
sportsfreund,sports enthusiast
feldmarschall,field marshal
moose,moss
vollgas,full throttle
vertrauliche,confidential
zahnfee,tooth fairy
goldenes,golden
badehose,swimming trunks
gao,gao
jumper,jumper
scheitert,fails
storys,stories
servietten,napkins
warnt,warns
geysir,geyser
großzuziehen,to raise
vorgelegt,submitted
darlene,Darlene
plantage,plantation
diplomatische,diplomatic
0k,0k
arms,arms
besaufen,get drunk
aufkleber,sticker
plagen,plagues
unfalls,accident
angeguckt,looked at
verurteilten,convicted
auszuhalten,to endure
austrinken,Drink up
kontext,context
versuchskaninchen,guinea pigs
days,days
vinci,Vinci
stürme,storms
zweifelt,doubts
flugticket,flight ticket
herausgeber,editor
vorträge,lectures
einzelkind,only child
liebevolle,loving
klär,clarify
gehetzt,chased
raubtier,predator
flohmarkt,flea market
nam,name
bauchgefühl,gut feeling
kompromittiert,compromised
kokosnuss,coconut
todesfall,death
wilkins,wilkins
paradise,paradise
bürste,brush
b.a.,b.a.
zerlegen,disassemble
rasten,rest
sexleben,sex life
taco,taco
dieben,thieves
unnötige,unnecessary
ärgere,annoy
verzug,delay
afrikanische,African
punsch,punch
lebenszeit,lifetime
junggesellen,bachelors
indischen,Indian
dröhnen,droning
philippinen,Philippines
lutscher,lollipop
flugbahn,flight path
rica,rica
vorbeibringen,bring it by
binford,Binford
freizeichen,dial tone
livia,Livia
wartezimmer,Waiting room
brote,bread
zurückgegangen,declined
tolerieren,tolerate
professionellen,professional
momo,momo
fälschungen,forgeries
schriftliche,written
rippe,rib
hinschicken,send
schwimmer,swimmer
holger,holger
things,things
kritisiert,criticized
festsitzen,stuck
dynastie,dynasty
geliebtes,beloved
leibe,love
kylie,Kylie
taufen,baptism
anstieg,increase
abgeworfen,dropped
wanderte,wandered
bereitete,prepared
grauer,grey
enrique,Enrique
neuseeland,New Zealand
platze,burst
cami,cami
narkose,anesthesia
zielobjekt,target object
trieben,drove
zurückhaltung,restraint
kollabiert,collapses
organisationen,organizations
führenden,leading
untätig,inactive
hagen,hagen
tägliche,daily
shan,shan
ronny,Ronny
geschnallt,strapped
lava,lava
amigos,amigos
passendes,suitable
verging,passed
hej,hej
getue,fuss
möglicher,possible
rutsche,slide
wilderer,wilder
sergio,Sergio
mappe,folder
bekämen,would receive
redner,speaker
betreffend,concerning
fieser,nasty
scooby,Scooby
pisst,pisses
problematisch,problematic
entwendet,stolen
wortwahl,word choice
athos,Athos
verstaucht,sprained
reginald,Reginald
thank,thank
hardman,hardman
vertan,wasted
miaut,meows
videospiel,video game
anschaffen,acquire
pointe,point
firewall,firewall
geschwommen,swam
wassers,water
vernehmen,hear
beschließen,decide
branch,industry
schiller,Schiller
abriegeln,seal off
vernünftiges,reasonable
kowalski,Kowalski
knappe,scarce
austricksen,trick
zugetraut,trusted
artus,Arthur
durchtrennt,severed
moslem,Muslim
abgebogen,turned
lieblingsfarbe,favorite color
visuelle,visual
harding,harding
gewährleisten,ensure
überraschte,surprised
beschwere,complain
orientierung,orientation
erträumt,dreamt
günther,Günther
arrangement,arrangement
brownies,brownies
ceo,CEO
ergebt,results
betest,pray
lümmel,lout
biologisch,biological
ducken,duck
hebst,autumn
rassismus,racism
verleumdung,slander
vergaßen,forgot
mini,mini
stacheldraht,barbed wire
dubai,Dubai
widerlicher,disgusting
jethro,jethro
milly,milly
luftraum,airspace
aufheitern,cheer
hochstetter,Hochstetter
schlechtem,bad
verwanzt,bugged
lockwood,lockwood
eingerostet,rusted
thad,thad
besuchten,visited
eingecheckt,checked in
syndikat,syndicate
asse,asse
california,California
bieg,bend
erhängen,hang
spider-man,spider-man
trinity,trinity
plötzlichen,sudden
weiden,willows
asiaten,Asians
feuerkraft,firepower
francois,francois
rivera,rivera
crown,crown
livie,livie
schreiten,step
beachtung,attention
aufzuheben,to lift
schlückchen,sip
munde,mouth
athena,Athena
abgeliefert,delivered
individuen,individuals
steinbruch,quarry
ausgehe,going out
planten,planned
aufregt,excites
meisterin,mistress
kult,cult
brächte,would bring
rentner,pensioner
familienmitglieder,family members
erstklassig,first-class
dabeihaben,have with you
speisesaal,dining room
jacken,jackets
bloße,nakedness
schinden,toil
bedrängt,pressured
ahm,ahm
schmuckstück,piece of jewelry
meineid,perjury
übergab,handed over
verdammnis,damnation
berichtete,reported
bogenschützen,archers
eingekauft,purchased
brosche,brooch
vertagt,postponed
kwan,kwan
verdienten,earned
zurückzugehen,to return
jawoll,Yes!
stinkende,stinking
grübeln,brooding
genialen,ingenious
vergrößert,enlarged
gesetzlich,statutory
katy,Katy
umleiten,redirect
anziehend,attractive
abstatten,pay tribute
gewächshaus,greenhouse
unwürdig,unworthy
mechanismus,mechanism
unzuverlässig,unreliable
monde,moons
tip,tip
pausenlos,nonstop
tan,tan
whiteywhiteman,whiteywhiteman
kehrten,returned
abgetrennt,separated
schlimmster,worst
normalität,normality
großzügige,generous
transplantation,transplantation
auszudenken,to think up
etc.,etc.
genialer,ingenious
orgie,orgy
bruchteil,fraction
entzückende,delightful
cinderella,Cinderella
schwingungen,vibrations
komfort,comfort
fantastischer,fantastic
gone,gone
tj,tj
caprica,caprica
verbrechern,criminals
tagebücher,diaries
healy,healy
bambi,Bambi
gigi,Gigi
mager,lean
stopf,stuffing
malaria,malaria
allerletzte,very last
ader,vein
verwischt,blurred
schleudern,sling
tahiti,Tahiti
verschleiern,conceal
hop,hop
skrupellos,unscrupulous
rausschaffen,get out
angebissen,bitten
domino,domino
arsenal,arsenal
unerreichbar,unattainable
hocker,stool
zeitbombe,time bomb
raumschiffe,spaceships
niedrigen,low
damentoilette,women's restroom
purer,pure
anhaltspunkt,clue
gun,gun
witwen,widows
gesoffen,drank
derweil,meanwhile
zeitvertreib,pastime
meditation,meditation
blassen,pale
kur,cure
prophezeiungen,prophecies
gemeinsamer,common
thelma,thelma
heuhaufen,haystack
broschüre,brochure
eingewickelt,wrapped
verlies,dungeon
kühen,cows
gerhard,Gerhard
seltenes,rare
geiles,awesome
ungewöhnlicher,unusual
exakte,exact
cracker,cracker
bürokratie,bureaucracy
windsor,Windsor
registrieren,register
knüller,blockbuster
pj,pj
kartenspiel,card game
joaquin,joaquin
lil,lil
halunken,scoundrels
gesehene,seen
zeugenaussage,witness statement
erregung,excitation
schubladen,drawers
abgesichert,secured
holländer,Dutch
substanzen,substances
tori,tori
monarchie,monarchy
zweifelst,Do you doubt
angefertigt,made
wills,wills
brautjungfer,bridesmaid
verpflichten,commit
ku,ku
auszeichnungen,awards
portugiesisch,Portuguese
leerer,empty
ankämpfen,fight
anstellung,employment
plasma,plasma
davenport,Davenport
geendet,ended
newark,Newark
anfällig,subsceptible
subtil,subtle
marley,Marley
abitur,high school diploma
crash,crash
turnschuhe,sneakers
bedrohungen,threats
kinos,cinemas
auslöst,triggers
octavia,Octavia
hierherkommen,come here
annas,Anna's
schminke,makeup
schreckt,scares
gymnasium,high school
smitty,smitty
pos,pos
schildkröten,turtles
einstimmig,unanimously
gegrillt,grilled
halbzeit,halftime
kathedrale,cathedral
stürmt,storms
niedrige,low
schwedische,Swedish
delfine,dolphins
ballast,ballast
anziehungskraft,attraction
schwede,Swede
ursachen,causes
würfeln,roll the dice
klingelte,rang
rudolf,Rudolf
landkarte,map
chantal,Chantal
ernenne,appoint
schriftstellerin,writer
gianni,Gianni
unvorbereitet,unprepared
schwimme,swim
widme,dedicate
steuermann,helmsman
blade,blade
ignorierst,ignore
ip,IP
alligator,alligator
english,English
wenns,if
dialekt,dialect
weggeht,goes away
mysteriös,mysterious
heulst,you howl
lip,lip
weglassen,omit
erbärmlichen,pathetic
sofie,Sophie
bertie,Bertie
zappeln,fidget
postkarten,postcards
frack,tailcoat
aufpasser,supervisor
hinterfragen,question
tätowiert,tattooed
abteilungen,departments
spekulieren,speculate
interpretation,interpretation
geprobt,rehearsed
zerfallen,disintegrated
angelangt,arrived
flattern,flutter
umfasst,includes
office,office
hermes,Hermes
schlips,tie
glühbirne,lightbulb
übles,nasty
meteoriten,meteorites
bernstein,amber
hektor,Hector
kristina,Kristina
unsicherheit,uncertainty
müdigkeit,fatigue
berges,mountains
herumsitzen,sitting around
nicht-,not-
verstrickt,entangled
daleks,daleks
allmächtige,almighty
lotus,lotus
iii.,iii.
cornflakes,cornflakes
lounge,lounge
düsseldorf,Düsseldorf
betont,emphasizes
bewertung,evaluation
melody,melody
faschisten,fascists
grips,grips
abbey,abbey
hirte,shepherd
monaco,Monaco
falschgeld,counterfeit money
verzweifeln,despair
uss,uss
erkrankung,disease
bediene,operate
auftauchst,you appear
applaudieren,applaud
geiger,violinist
mme.,mme.
belauscht,overheard
nik,nik
geneigt,inclined
drogenfahndung,drug investigation
exorzismus,exorcism
umgeleitet,redirected
paulo,Paulo
schleichst,sneak
lagebericht,situation report
überfüllt,crowded
dent,dent
dacht,thought
gewähre,grant
unnatürlich,unnatural
türme,towers
rost,rust
murph,Murphy
suchtrupp,search party
geschnitzt,carved
lt,lt
troi,troi
spioniert,spied
brutalität,brutality
airlines,airlines
fänden,found
warteliste,waiting list
sichergestellt,ensured
fördert,promotes
sagenhaft,fabulous
begnadigt,pardoned
sparky,sparky
heimgesucht,haunted
bescheißen,cheat
ausdrücke,expressions
pensioniert,retired
aufzuziehen,to raise
feuerte,fired
asterix,asterix
bells,bells
elektronik,electronics
norfolk,Norfolk
paloma,paloma
fehlten,missing
aufhörte,stopped
herzubringen,to bring
lebensgeschichte,life story
ow,ow
funkstille,radio silence
popo,buttocks
revolutionär,revolutionary
lebender,living
verwehrt,denied
journalismus,journalism
melken,milking
haarfarbe,hair color
kidnapper,kidnapper
siebzehn,seventeen
zusammenbricht,collapses
ziegel,brick
put,put
zimt,cinnamon
anmeldung,registration
statuieren,establish
konnt,could
fantastisches,fantastic
moslems,Muslims
kritiken,reviews
pryce,pryce
lektionen,lessons
handumdrehen,in no time at all
begegneten,encountered
einfallsreich,resourceful
laufende,ongoing
fay,fay
kapitalismus,capitalism
verschlingt,devours
sacramento,sacramento
ju,ju
präzision,precision
geborgt,borrowed
reizendes,charming
einheimische,local
toilettenpapier,toilet paper
klotz,block
obi-wan,Obi-Wan
sardinen,sardines
meadow,meadow
siobhan,Siobhan
academy,academy
zerstreut,scattered
wegkommst,get away
weggeben,give away
kranz,wreath
jewel,jewel
doo,doo
abzuhängen,to hang out
spider,spider
poetisch,poetic
hemmungen,inhibitions
paulette,paulette
allergien,allergies
tränengas,tear gas
winn,winn
hattie,hattie
koordinieren,coordinate
eingemischt,interfered
religionen,religions
umfragen,surveys
spiegeln,reflect
oberhand,upper hand
crow,crow
strengt,strict
dunkelsten,darkest
matilda,Matilda
vermöbelt,beaten up
überstürzt,rushed
gestrandet,stranded
reinigt,cleans
herbie,Herbie
zhao,zhao
beklemmende,oppressive
davongelaufen,ran away
kupplung,coupling
ketzer,heretic
schnäppchen,bargain
sherwood,Sherwood
mix,mix
odessa,Odessa
intensiver,more intense
distrikt,district
strandhaus,beach house
verschreiben,prescribe
trixie,Trixie
verse,verse
vorgibt,specifies
heißeste,hottest
judd,judd
priya,Priya
balboa,balboa
benno,Benno
mutterschiff,mothership
pöbel,mob
oberarzt,senior physician
ebay,eBay
brummen,humming
geschlichen,crept
rau,rough
strang,strand
windschutzscheibe,windshield
extremen,extreme
niemandes,nobody
trocknet,dries
pelle,pelle
mariana,Mariana
scarecrow,scarecrow
vinny,vinny
primitive,primitive
verbünden,ally
harrys,Harry's
rasiermesser,razor
hasch,hash
kiera,kiera
dreckskerle,scumbags
faxen,fax
klonen,clone
volljährig,of legal age
wohltäter,benefactor
verpackung,packaging
harmony,harmony
globalen,global
ange,an
templeton,templeton
bimbam,bimbam
voraussetzungen,requirements
verfluchen,curse
natürliches,natural
selbstlos,selfless
puder,powder
pierrot,Pierrot
totales,total
kündigt,announces
bosheit,malice
herpes,herpes
bretter,boards
sprech,speak
brüche,fractures
aas,carrion
olympischen,Olympic
vergibst,forgive
gutschein,coupon
sommerferien,summer holidays
jameson,Jameson
verehrung,veneration
marlo,marlo
erwünscht,desired
aktive,active
ryans,Ryan's
etienne,etienne
shay,shay
wan,wan
engagierte,committed
uff,ugh
jasmin,jasmine
alexandria,Alexandria
psychologischen,psychological
taft,Taft
vorahnung,premonition
kometen,comets
angekettet,chained
scottie,scottie
schikanieren,harass
cecilia,Cecilia
auffüllen,refill
bike,bike
behandlungen,treatments
bean,bean
blinddarm,appendix
spießer,philistine
verschiedener,various
whistler,whistler
seekrank,seasick
prozesses,process
vern,vern
kasper,Punch
phasen,phases
ungemein,immense
berauben,deprive
jolly,jolly
vorsätzlich,intentionally
zak,zak
verzögert,delayed
geschäfts,business
ordner,folder
unmenschlich,inhuman
söhnchen,little son
inquisition,inquisition
erlegen,killing
rübergehen,go over
hermine,Hermione
erschafft,creates
dealen,deal
eiffelturm,Eiffel Tower
trophäen,trophies
baptiste,Baptist
society,society
kriegsführung,warfare
than,than
entführungen,kidnappings
tunte,drag queen
fbi-agent,FBI agent
forest,forest
durchschnittlich,average
schauten,looked
vergleiche,compare
geschmiedet,forged
superintendent,superintendent
mace,mace
mean,mean
verteidigungsminister,defense minister
anzutreten,to compete
belästige,harass
beunruhigende,disturbing
fight,fight
label,label
änderten,changed
cher,dear
fünfter,fifth
berührst,touch
knacker,cracker
derwisch,dervish
gedulden,be patient
favor,favor
zusammenbringen,bring together
eiswürfel,ice cubes
umstellen,change
arbeitsplätze,jobs
entnommen,taken
charlottesville,Charlottesville
sands,sands
anomalien,anomalies
hundegebell,dog barking
kusine,cousin
stackhouse,stackhouse
blähungen,flatulence
hinters,behind
aushandeln,negotiate
prise,prize
säße,sat
partners,partners
erbrechen,vomit
ventilator,fan
eingestuft,classified
mikael,Mikael
fr,fr
sinnlose,pointless
aufzuregen,to upset
gigantische,gigantic
historiker,historian
verspotten,mock
verriegeln,lock
tonnenweise,tons
durchkommt,comes through
angezapft,tapped
lausiger,lousy
filmemacher,filmmaker
erleuchtet,illuminated
kombi,station wagon
gelagert,stored
gescheit,clever
yancy,yancy
marshals,marshals
cobra,cobra
zäune,fences
judah,Judah
feiger,cowardly
geblutet,bled
verrottet,rotten
wünschten,wish
linc,linc
bitteren,bitter
wicht,important
hereingelegt,tricked
eingeschüchtert,intimidated
kampfkunst,martial arts
nicki,nicki
kappen,cut
zusammentun,join together
krokodile,crocodiles
ta,ta
traumatisiert,traumatized
mythologie,mythology
pauls,Paul's
schützling,protégé
bel,bel
luise,Luise
umstand,fact
hades,Hades
carmela,Carmela
palästina,Palestine
zäher,tougher
uralt,ancient
geschmolzen,melted
pride,pride
erlegt,killed
hundertmal,a hundred times
spinat,spinach
tucson,Tucson
kost,cost
müßte,would have to
pinocchio,Pinocchio
wyoming,Wyoming
kanu,canoe
vätern,fathers
vorderseite,front
rumänien,Romania
horse,horse
kirchenglocken,church bells
left,left
kunstwerke,artworks
ritchie,Ritchie
strudel,swirl
fünfer,five
irrte,was wrong
vorsehung,providence
beil,ax
versessen,obsessed
antonia,Antonia
festnageln,nail down
botschafterin,ambassador
branson,Branson
realisieren,realize
originale,original
zusammenstellen,assemble
experimenten,experiments
kleinlich,petty
erlebnisse,experiences
gaines,gains
erbitten,request
abteilungsleiter,department head
folglich,consequently
ergeht,he goes
hegt,nurtures
tiefpunkt,low point
verdecken,conceal
klargemacht,made clear
wohlhabend,wealthy
nachttisch,bedside table
maultier,mule
schimpft,scolds
minderjährige,minors
bescheidene,modest
ängsten,fears
adriana,Adriana
geburtstagsfeier,birthday party
obgleich,although
giraffe,giraffe
atmest,you breathe
einzulassen,to let
fegen,sweep
schmutziger,dirty
kollektiv,collective
ordentlichen,proper
entschlüsselt,decoded
fauchen,hiss
sank,sank
erfroren,frozen
bunt,colorful
russisches,Russian
kräht,crows
lodge,lodge
nachtragend,resentful
rekonstruieren,reconstruct
zuschlägt,strikes
uralten,ancient
nada,nada
geplaudert,chatted
vollzogen,completed
aufzustellen,to set up
futtern,feed
milwaukee,Milwaukee
sichersten,safest
schmiss,threw
abgeladen,unloaded
antarktis,Antarctic
strenger,stricter
blutbild,blood test
beschimpfen,insult
zungen,tongues
wetterbericht,weather report
antoinette,Antoinette
schwangeren,pregnant women
dreieinhalb,three and a half
klagt,complains
larson,Larson
berry,berry
verzehrt,consumed
unfähigkeit,inability
vertrage,tolerate
boo,boo
fachgebiet,field of expertise
bertha,Bertha
verurteilte,convicted
lorbeeren,laurels
nasenbluten,nosebleed
ansatzweise,in a preliminary way
chinesischer,Chinese
herablassend,condescending
henning,Henning
wütenden,furious
moos,moss
blickte,looked
uninteressant,uninteresting
reizender,charming
fawlty,fawlty
gesellen,journeymen
hierzu,this
göring,Göring
carole,Carole
verblasst,faded
gesünder,healthier
annabeth,Annabeth
sinatra,Sinatra
hyde,hyde
annalise,annalise
teilchen,particles
fallon,fallon
exotische,exotic
hulk,hulk
kieran,Kieran
chile,Chile
paarmal,a few times
funkkontakt,radio contact
automobil,automobile
hipp,hipp
langweilst,boring
marek,Marek
maude,Maude
hauptfach,main subject
eu,eu
orgel,organ
hiergeblieben,stayed here
korrekte,correct
björn,Björn
ersatzteile,spare parts
fasern,fibers
vitamin,vitamin
quittungen,receipts
ives,ives
einhundert,one hundred
brühe,broth
kreiert,created
schutzhaft,protective custody
kauz,owl
stinktier,skunk
sark,sark
geschlachtet,slaughtered
sunset,sunset
erfahrener,experienced
diskette,diskette
hingeschickt,sent
auszusteigen,to get off
dus,dus
hadar,hadar
concierge,concierge
weglegen,put away
gäb,would
gepflückt,picked
donnerstags,Thursdays
neutralisiert,neutralized
vikaay,vikaay
tatenlos,inactive
hochheben,lift
lancelot,Lancelot
hetzt,incites
königinnen,queens
überbewertet,overrated
unterfangen,undertaking
60ern,60s
außergewöhnlicher,extraordinary
erteile,grant
kiffen,smoking marijuana
gießt,pours
gefolge,entourage
standhaft,steadfast
aufgeschnitten,cut open
ddr,GDR
flaschengeist,genie in a bottle
familientreffen,family reunion
motorhaube,bonnet
bolton,Bolton
waters,waters
papstes,pope
anbauen,cultivate
care,care
versau,mess up
abgeschoben,deported
durchgesehen,reviewed
cdc,cdc
dickens,dickens
grollen,growl
linden,linden
käuflich,for sale
schärfer,sharper
heaven,heaven
töpfe,pots
zyklus,cycle
flirtet,flirts
callen,call
kelso,Kelso
witziger,funnier
voreingenommen,biased
zugeht,goes
intrigen,intrigue
muschel,shell
ziellinie,finish line
davy,davy
kränken,offend
reinzulegen,to deceive
hälften,halves
schütten,pour
zwischendurch,in between
shaun,Shaun
triade,triad
knöpfen,button
losgefahren,started
müsstet,would have to
hufe,hooves
jahrbuch,yearbook
gackern,cackle
effizienz,efficiency
blutsauger,bloodsuckers
salvador,Salvador
bundesstaat,federal state
rambo,Rambo
abdul,abdul
willa,willa
befestigen,attach
panda,panda
aufgefressen,eaten
zuallererst,first of all
weicheier,softies
bash,bash
spanner,spanner
forever,forever
bewohnt,inhabited
mitmacht,participates
testet,tests
abneigung,dislike
zisch,hiss
tragödien,tragedies
hüpft,jumps
emilys,Emily's
zufluchtsort,refuge
kriegsschiff,warship
vorlage,template
eingeteilt,divided
versohlt,spanked
farrell,farrell
rational,rational
nervenkitzel,thrill
duzen,informal address
zugehen,approach
oho,oh
wappen,coat of arms
ausgebrannt,burned out
straßenbahn,tram
geschuftet,worked hard
pfirsich,peach
prahlen,brag
nordkorea,North Korea
beschädigen,damage
ladungen,loads
renard,Renard
fechten,fencing
mari,mari
unbrauchbar,unusable
losziehen,set off
wandelt,transforms
bemitleiden,pity
lok,locomotive
endest,finally
bullock,bullock
fortgeschritten,advanced
trauzeugen,best man
vollständigen,complete
fortgesetzt,continued
wahrgenommen,perceived
radikale,radical
afrikanischen,African
busfahrer,bus driver
kubaner,Cuban
lagerhalle,warehouse
verfickt,fucking
devil,devil
kris,Kris
gisela,Gisela
ausführlich,detailed
bertrand,Bertrand
strikt,strict
assistenzarzt,resident physician
möwen,seagulls
cornelius,Cornelius
sparsam,thrifty
lkws,trucks
cesar,Caesar
wasserhahn,tap
totlachen,laughing myself to death
mittwochs,Wednesdays
gedeihen,thrive
nähren,nourish
absätze,paragraphs
nützliche,useful
luftangriff,air attack
türkischen,Turkish
anatomie,anatomy
zugunsten,in favor
carmichael,Carmichael
genaugenommen,strictly speaking
filmmaterial,film footage
fronten,fronts
direktors,director
word,word
schlächter,butcher
petty,petty
huggy,huggy
oberkörper,upper body
wasserdicht,waterproof
erpresser,blackmailer
ambrose,ambrose
hohl,hollow
verlangsamt,slowed down
vorbeizukommen,to come by
zeitfenster,time window
haupteingang,main entrance
holzfäller,lumberjack
anonymer,anonymous
abgedeckt,covered
clevere,clever
uran,uranium
klammer,bracket
hockt,squats
idealen,ideal
chun,chun
pin,pin
vordringt,advances
stunt,stunt
unsterblichen,immortal
butters,butters
schrubben,scrub
identifikation,ID
weiterspielen,continue playing
unwetter,storm
sarahs,Sarah
tänzerinnen,dancers
tibet,Tibet
achtzehn,eighteen
eignet,suitable
stabschef,chief of staff
fabian,Fabian
swimmingpool,swimming pool
fürstin,princess
überzeuge,convince
regnete,it rained
ausgeräumt,cleared out
infusion,infusion
schaufenster,shop window
feindseligkeit,hostility
aufrufen,call
gewalttätige,violent
schimpansen,chimpanzees
email,e-mail
verrichten,perform
weilt,stays
science,science
schritten,steps
bedingt,conditional
veraltet,outdated
brauner,brown
unterziehen,undergo
capitol,Capitol
garak,garage
furchterregend,terrifying
ließt,reads
tk,tk
wolfram,tungsten
eindeutige,unambiguous
einbrüche,burglaries
gorillas,gorillas
fields,fields
entzünden,ignite
braunes,brown
albuquerque,albuquerque
entkommst,escape
kläger,plaintiff
rühre,stir
ethik,ethics
vorsatz,intention
kultiviert,cultivated
penn,penn
schafen,sheep
psychiatrischen,psychiatric
fly,fly
genüge,sufficient
wings,wings
walk,walk
marktplatz,marketplace
undenkbar,unthinkable
einstieg,entry
geköpft,beheaded
heldentaten,heroic deeds
feldzug,campaign
tugenden,virtues
fruchtbar,fruitful
kain,Cain
seriennummer,serial number
color,color
klatscht,claps
gesprächen,conversations
buckley,buckley
ausbricht,breaks out
sträfling,convict
kontaktmann,contact person
ludo,ludo
trumpf,trump
streitereien,arguments
barker,barker
schutzschild,protective shield
lebendiger,lively
überarbeitung,revision
lack,paint
halbem,half
march,March
erlernen,learn
leichtfertig,carelessly
gepriesen,praised
polnisch,Polish
rhys,rhys
schleunigst,as soon as possible
scout,scout
strahlend,radiant
patrone,cartridge
informierte,informed
eifrig,eager
inhaftiert,imprisoned
aufgegriffen,picked up
verbotenen,forbidden
zarten,delicate
misses,misses
nukleare,nuclear
silva,Silva
verwarnung,warning
evidence,evidence
dougie,Dougie
dazugehören,this includes
marketing,marketing
dichte,density
into,into
anfreunden,befriend
halbbruder,half-brother
tausender,thousands
dover,dover
isa,isa
rückruf,recall
leiseste,quietest
jj,jj
biopsie,biopsy
henrietta,Henrietta
allerhand,all sorts
protein,protein
zurückkehrte,returned
unecht,fake
verladen,loaded
besonderem,special
unterirdischen,underground
eigenartige,peculiar
act,act
tex,tex
psychiaterin,psychiatrist
gespült,rinsed
übermittelt,transmitted
unterhaltungen,conversations
infrastruktur,infrastructure
heimliche,secret
mental,mental
pseudonym,pseudonym
altem,old
eingetauscht,exchanged
willkürlich,arbitrarily
flüsternd,whispering
gastgeberin,hostess
homie,homie
dringendes,urgent
kongo,Congo
verschlossenen,sealed
rebell,rebel
granny,granny
waldo,Waldo
aufgestiegen,promoted
rausgezogen,pulled out
twin,twin
gedenkfeier,memorial service
princess,princess
frustration,frustration
amme,nurse
lehm,clay
ägypter,Egyptians
friend,friend
trek,trek
hear,hear
spendet,donates
gegenwärtig,currently
arschlöchern,assholes
insulin,insulin
zeugenschutzprogramm,witness protection program
dukaten,ducats
woandershin,elsewhere
komplizin,accomplice
brain,brain
coke,coke
transaktion,transaction
praktikantin,intern
schmach,disgrace
schneemann,snowman
tac,tac
spezialgebiet,specialty
weihnachtsfest,Christmas
verkörpert,embodies
schwesterherz,sister
langsamen,slow
mittelsmann,middleman
umfrage,opinion poll
maquis,maquis
zitronen,lemons
nuklearen,nuclear
zurückkehre,return
variante,variant
michelangelo,Michelangelo
bronze,bronze
kadetten,cadets
ordentliches,proper
gefährtin,companion
ryder,Ryder
opposition,opposition
missverstehen,misunderstand
lieferant,supplier
brünette,brunette
rainer,Rainer
tastatur,keyboard
beansprucht,claimed
nobelpreis,Nobel Prize
hartley,Hartley
zügeln,restrain
muirfield,Muirfield
dorota,Dorota
ep,ep
viagra,viagra
ziemlichen,quite a lot
abgefackelt,burned down
beispielsweise,for example
unklug,unwise
nachtwache,night watch
polnische,Polish
olympiade,Olympics
veräppeln,to make fun of
marmor,marble
versprecht,promises
größerem,larger
sachsen,Saxony
wichsen,masturbation
angelassen,left on
federal,federal
hits,hits
seiest,be
mu,mu
wohn,living
betreut,supervised
turn,turn
jonesy,Jonesy
verwendete,used
eleganz,elegance
hundefutter,dog food
knicks,curtsy
graves,graves
ophelia,Ophelia
alessandro,alessandro
gewannen,won
aufzutreten,to appear
eingeschränkt,restricted
bürschchen,little boy
schwebe,hover
gebirge,mountains
hieb,cut
ernsthaften,serious
konsole,console
puck,puck
einschenken,pour
bernd,Bernd
erlebst,experience
cavanaugh,cavanaugh
augenkontakt,eye contact
makkaroni,macaroni
teig,dough
traditionellen,traditional
rausreißen,tear out
autofahren,drive a car
neuste,newest
blondinen,blondes
gorman,gorman
amok,amok
abdrehen,turn off
ausgerissen,torn out
elektrisches,electrical
unterzogen,subjected
essens,food
verlängerung,extension
kontaktperson,contact person
50ern,50s
einfachsten,simplest
unterlassen,omit
visa,visa
erkrankt,ill
enttarnt,exposed
interpretieren,interpret
scharfsinnig,astute
ungeheuerlich,outrageous
gutgehen,go well
plätschern,lapping
hilfsbereit,helpful
ramos,ramos
fahnen,flags
kojoten,coyotes
farbigen,colored
umzuziehen,to move
abgesessen,served time
jets,jets
thatcher,thatcher
teppiche,carpets
lässig,casual
erfrischung,refreshment
anordnungen,arrangements
lateinisch,Latin
zugelegt,acquired
härtesten,toughest
keule,club
teuflisch,devilish
lichtung,clearing
vergeigt,botched
künste,arts
mithelfen,help
anderweitig,other
blondes,blonde
instinktiv,instinctively
weiches,soft
digitale,digital
inschrift,inscription
freeman,freeman
wissend,knowing
störte,disturbed
zerstückelt,dismembered
lawine,avalanche
einzufangen,to capture
verlässlich,reliable
wogegen,whereas
ausgesperrt,locked out
gefärbt,dyed
niederlassen,settle
sozial,social
korrupte,corrupt
hosenscheißer,pants shitter
konzern,group
verächtlich,contemptible
bev,bev
armseligen,pitiful
ferienlager,holiday camp
hybriden,hybrid
abschiedsgeschenk,farewell gift
magnet,magnet
einzuhalten,to comply
hektisch,hectic
bio,organic
organisiere,organize
antidepressiva,antidepressants
zugedröhnt,drugged up
sohns,son's
unbeschreiblich,indescribable
oberteil,top
separatisten,separatists
kandidatur,candidacy
zehntausend,ten thousand
legendären,legendary
gonzales,Gonzales
torchwood,torchwood
feuchtigkeit,moisture
surrt,buzzes
dustin,dustin
kleinkind,toddler
kadaver,cadaver
milos,milos
kommuniziert,communicated
alden,alden
grosses,large
giorgio,Giorgio
unsensibel,insensitive
widerwärtig,disgusting
unreif,immature
fortzusetzen,to continue
missfällt,dislikes
reichste,richest
schnüffler,snoop
beadle,beadle
potenzielle,potential
gewerkschaften,trade unions
berufe,professions
hoff,hope
schliessen,close
residenz,residence
weitergeleitet,forwarded
match,match
lestrade,Lestrade
preußen,Prussia
glaubhaft,credible
regime,regime
jüngster,youngest
motors,motors
karaoke,karaoke
versailles,Versailles
spirituellen,spiritual
fbi-agenten,FBI agents
filmt,filming
uther,uther
arabischen,Arabic
dai,dai
vista,Vista
vorstadt,suburb
bitt,please
50er,50s
rhythmische,rhythmic
süd,south
gatsby,Gatsby
spionierst,are spying
isaiah,isiah
wärmt,warms
zurückgewiesen,rejected
aufzumachen,to open
hercules,Hercules
solidarität,solidarity
toleriert,tolerated
landhaus,country house
feueralarm,fire alarm
vorrichtung,device
deeks,deeks
biff,biff
verstellen,adjust
keating,keating
kyoto,Kyoto
ungeeignet,unsuitable
kinch,kinch
erwählt,chosen
abschlachten,slaughter
gelber,yellow
ausspioniert,spied on
hawthorne,Hawthorne
falcone,falcone
rüpel,rude
schulmädchen,schoolgirl
raben,ravens
frauenstimme,woman's voice
move,move
stärkt,strengthens
sterblich,mortal
fächer,fan
dolan,dolan
fluten,flood
bosch,Bosch
emotion,emotion
munson,Munson
chanel,Chanel
schusswaffen,firearms
währt,lasts
übereinstimmen,agree
hefte,notebooks
rückflug,return flight
geburtsdatum,birth date
colby,Colby
reingetan,put in
nadja,Nadja
stokes,stokes
ausgezahlt,paid out
verfolger,pursuers
katastrophen,disasters
furzen,fart
fläche,area
lala,lala
diplomaten,diplomats
geschummelt,cheated
gruber,gruber
untergegangen,sunk
floss,raft
bruchbude,dilapidated building
stumpf,blunt
moby,moby
burkhardt,Burkhardt
pip,pip
masturbieren,masturbate
bolzen,bolt
markierungen,markings
amara,amara
unordentlich,messy
verbrenn,burn
dokumentiert,documented
mehmet,Mehmet
anwärter,candidate
benahm,behaved
kopfverletzung,head injury
rausfahren,drive out
today,today
zivile,civilian
weicher,softer
offizieren,officers
aufzeichnen,record
stürze,falls
genesis,genesis
hive,hive
heftiges,violent
nächstenliebe,love of neighbor
stereoanlage,stereo system
mueller,mueller
durchkämmen,comb through
filiale,branch
sampson,Sampson
generalstaatsanwalt,Attorney General
neutralisieren,neutralize
rachen,throat
maid,maid
midnight,midnight
nominiert,nominated
verletze,injure
umgekippt,tipped over
jadzia,jadzia
opfert,sacrifices
jean-louis,Jean-Louis
hernandez,hernandez
färben,dyeing
infektionen,infections
übernatürlichen,supernatural
kündigte,announced
verzeichnet,recorded
abtreiben,abortion
yorks,yorks
cha,cha
lesbische,lesbian
mcleod,McLeod
trask,trask
behinderte,disabled
abscheuliche,abhorrent
vorbeigefahren,drove past
weiterleiten,forward
tracey,tracey
trotzen,defy
erektion,erection
showbusiness,show business
dodo,dodo
anträge,applications
geleckt,licked
wahrheiten,truths
forschen,research
tropf,drip
hach,sigh
osborne,Osborne
regale,shelves
neustart,restart
moped,moped
adjutant,adjutant
tanks,tanks
hinterausgang,rear exit
scratch77,scratch77
bauarbeiter,construction worker
valeria,Valeria
mitkriegen,notice
verstarb,died
schlüpfer,panties
rauszugehen,to go out
betäubungsmittel,narcotics
geleert,emptied
exfreund,ex boyfriend
prognose,forecast
teilhaber,partner
passten,fit
veranstaltungen,events
kannibalen,cannibals
lieg,lying
caffrey,caffrey
stewie,stewie
strumpfhosen,tights
auslieferung,delivery
führers,leader
inhaber,owner
oha,oh
aushilfe,temporary worker
schnitten,cut
aufzudecken,to uncover
detonation,detonation
opfere,sacrifice
lan,lan
enkelkind,grandchild
auflage,edition
fiasko,fiasco
rolling,rolling
gegenden,regions
verkriechen,hide
glockenläuten,bell ringing
vasquez,vasquez
alkoholikerin,alcoholic
kavalier,cavalier
zögert,hesitates
ferris,Ferris
nice,nice
auszuruhen,to rest
hüpf,jump
liverpool,Liverpool
herden,herds
shine,shine
säulen,columns
elegante,elegant
athleten,athletes
greenwich,Greenwich
streckt,stretches
warmer,warm
applaudiert,applause
abgedrückt,pressed
schlussendlich,finally
revolutionäre,revolutionary
ablösen,replace
siegfried,Siegfried
trubel,hustle and bustle
marionetten,marionettes
nutzten,used
auswärts,away
etikett,label
teddybär,teddy bear
haargenau,exactly
ziva,ziva
verstopfung,constipation
katarina,Katarina
kochte,cooked
mitarbeit,cooperation
goldener,golden
neutralen,neutral
freche,cheeky
tommys,tommy's
kepner,kepner
messieurs,messieurs
deanna,deanna
asher,asher
miene,expression
elektronischen,electronic
schmollen,pouting
zofe,maid
stimmten,voted
zunehmend,increasingly
zauberin,sorceress
lastet,burdens
drop,drop
goes,goes
rollo,roller blind
hießen,They were called
muslime,Muslims
ernsthaftes,serious
unglücklicher,unfortunate
sponsoren,sponsors
verschmelzen,merge
dasitzen,sitting there
steel,steel
sin,sin
coming,coming
rasenmäher,mowing machine
kräftige,powerful
moloch,Moloch
bureau,bureau
aktie,share
mi6,mi6
after,anus
marsha,marsha
mietwagen,rental car
aufgelesen,picked up
heimbringen,bring home
liebliche,lovely
frauchen,mistress
entehrt,dishonored
beispiele,examples
constantine,Constantine
funkspruch,radio message
konstant,constant
beizutreten,to join
plutonium,plutonium
rocks,rocks
kobolde,goblins
geläutet,rang
verhöre,interrogations
reize,stimuli
tratsch,gossip
bilanz,balance sheet
entwarf,designed
shrek,Shrek
wühlen,dig
kassierer,cashier
konkret,specifically
60er,60s
zepter,scepter
mühsam,tedious
habgier,greed
zusammenfassung,summary
gabi,Gabi
fluchtversuch,escape attempt
gönn,treat yourself
auszuliefern,to deliver
gebastelt,crafted
other,other
wohnsitz,residence
ilsa,ilsa
beginnst,begin
raufkommen,up
granger,Granger
deutsches,German
gewaltiger,enormous
experimentiert,experiments
auszulösen,to trigger
zdf,ZDF
aufgeschlagen,opened
überraschungsparty,surprise party
privatschule,private school
lebhafte,lively
langweiliger,boring
kühle,cool
verführerisch,seductive
belege,evidence
betroffenen,affected
schlucke,swallow
auszurauben,to rob
geschwader,squadron
krawatten,ties
linsen,lentils
experimentieren,experiment
davidson,Davidson
clique,clique
misserfolg,failure
auszunutzen,to exploit
terrain,terrain
zeugenaussagen,witness statements
bubi,boy
ausschwärmen,swarm out
kleber,glue
anzuhängen,to attach
opas,grandpas
harrington,Harrington
vermerkt,noted
salam,Salam
tischen,tables
drankriegen,get it
sozialarbeiterin,social worker
winden,winds
vorgeführt,demonstrated
rege,active
moi,moi
bösewichte,villains
martinis,martinis
entbunden,delivered
kampfgeist,fighting spirit
fozzie,fozzie
knusprig,crispy
martina,Martina
nervengas,nerve gas
konkretes,specific
magischer,magical
ameise,ant
belinda,Belinda
eileen,Eileen
rotkäppchen,Little Red Riding Hood
schufen,created
clemens,Clemens
schnelligkeit,speed
legendäre,legendary
süss,sweet
entkamen,escaped
bowie,Bowie
zwiebel,onion
barlow,barlow
investor,investor
montags,Mondays
diplomatischen,diplomatic
erregend,exciting
hauser,house
polizeistation,police station
größen,sizes
pr,pr
rhein,Rhine
streicht,cancels
lebendigen,lively
sozialarbeiter,social worker
nachzusehen,to check
brr,brr
entwicklungen,developments
tonys,Tony's
stromschlag,electric shock
portrait,portrait
erstaunen,amazement
gemeinsamkeiten,similarities
reisebüro,travel agency
shaggy,shaggy
lexikon,lexicon
komplettes,complete
durchmesser,diameter
oberhalb,above
absorbiert,absorbed
melrose,melrose
vladimir,Vladimir
gamma,gamma
edmond,Edmond
paso,pass
funkeln,sparkle
entziffern,decipher
sucher,search
schauplatz,scene
hokuspokus,hocus pocus
gesten,gestures
fortführen,continue
vorigen,previous
krankenhäusern,hospitals
schuster,shoemaker
geangelt,fished
mooney,mooney
airport,airport
abgeschrieben,copied
flurs,hallway
90ern,90s
schaffner,conductor
quak,quack
trust,trust
dario,Dario
unvollständig,incomplete
woodhouse,woodhouse
darnell,darnell
hexenmeister,warlock
andauern,last
ortiz,Ortiz
zachary,zachary
kammerjäger,exterminator
flugblätter,leaflets
dei,dei
vergleichbar,comparable
storybrooke,storybrooke
legale,legal
freeway,freeway
carey,Carey
klirrt,clinking
statthalter,governor
kontaktiere,contact
mitgliedschaft,membership
lissabon,Lisbon
blech,sheet metal
busbahnhof,bus station
bade,bath
ersuchen,request
belügst,you are lying
finnland,Finland
trolle,trolls
werter,dear
einerseits,on the one hand
jasons,Jason's
seriös,serious
skrupel,scruples
stilvoll,stylish
mcbride,McBride
myself,myself
äußerlich,externally
sortiert,sorted
rolls,rolls
vorhergesagt,predicted
bürgen,guarantee
lenore,Lenore
kandidatin,candidate
kehrst,return
schminken,makeup
rausgerissen,torn out
heldenhaft,heroic
tücher,cloths
abgeblasen,cancelled
röcke,skirts
patrouillen,patrols
chucks,chucks
anziehung,attraction
stangen,poles
entschärft,defused
imitieren,imitate
ellenbogen,elbow
flink,nimble
trommelwirbel,drumroll
nance,nance
gedächtnisverlust,memory loss
novak,novak
weltuntergang,apocalypse
anforderungen,requirements
christophe,Christophe
stefano,Stefano
signieren,sign
troja,troy
nachladen,reload
wellenlänge,wavelength
hyperraum,hyperspace
mentale,mental
notwendigen,necessary
beeinträchtigen,impair
spott,mockery
erniedrigen,humiliate
ronon,ronon
forensik,forensics
howdy,howdy
feuere,fire
aushändigen,hand over
baumhaus,treehouse
anflehen,beg
bewachung,guarding
einstellungen,settings
raucher,smoker
vergiftete,poisoned
reparier,repair
gurgel,throat
lilys,lily's
einschreiben,enroll
margie,margie
vorhersehbar,predictable
hendricks,Hendricks
mittelmeer,Mediterranean
atticus,atticus
meditieren,meditate
mendoza,Mendoza
hardware,hardware
pfirsiche,peaches
jérôme,Jérôme
psychologisch,psychologically
protestiere,protest
behoben,fixed
dienststelle,office
krusty,Krusty
anwaltskanzlei,law firm
pinkelt,pee
gästehaus,guesthouse
leigh,leigh
stricken,knitting
mathieu,mathieu
glatzkopf,bald head
passage,passage
lotterie,lottery
bereichen,areas
heuchelei,hypocrisy
herausforderer,challenger
geiselnahme,hostage situation
missgeburt,abomination
mitnahm,took
90er,90s
espen,aspen
mischa,Mischa
programms,programs
dummchen,dummy
titelbild,cover image
abzuschalten,to switch off
ständiger,constant
pizzeria,pizzeria
dämliches,stupid
jagten,hunted
rührei,scrambled eggs
durchsuche,search
horatio,horatio
child,child
leitender,leading
hare,hare
erfüllte,fulfilled
wahrhaben,to be true
atomwaffen,nuclear weapons
unsterbliche,immortal
catalina,Catalina
geschütz,gun
emile,Emile
snyder,Snyder
aberglauben,superstition
hergefahren,drove here
betreuung,care
navid,Navid
innersten,innermost
colette,colette
yorkshire,Yorkshire
kugelschreiber,ballpoint pen
wahrsager,fortune teller
winziger,tiny
abschütteln,shake off
lukes,Lukes
unerfahren,inexperienced
übersteht,survives
günstiger,cheaper
homosexuelle,homosexual
reisepass,passport
medaillen,medals
erhältst,receive
juristische,legal
kreuzer,cruiser
lehrbuch,textbook
befreite,freed
tel,tel
weinkeller,wine cellar
reisender,traveler
täuschst,deceive
barmann,barman
blowjob,blowjob
schraubenschlüssel,wrench
brautjungfern,bridesmaids
laberst,You're talking nonsense
trend,trend
gleichermaßen,likewise
sexuelles,sexual
steuerzahler,taxpayer
zähmen,tame
wesens,essence
mächtiges,powerful
münster,Muenster
zustimmt,agrees
raumstation,space station
schmerzlich,painful
eignen,suitable
hinzuzufügen,to add
laurence,Laurence
gewalttätigen,violent
robertson,Robertson
innenminister,interior minister
durchzusetzen,to enforce
taj,taj
winseln,whimper
pflegeeltern,foster parents
kugelsichere,bulletproof
lakaien,lackeys
juristischen,legal
vorort,suburb
eddies,Eddie's
einstürzen,collapse
durchzustehen,to endure
xiang,xiang
verspannt,tense
asiatische,Asian
diplomat,diplomat
koscher,kosher
cristal,cristal
todestag,death anniversary
gag,gag
ausbilden,form
schäfer,shepherd
brighton,brighton
erscheine,appear
durchbrennen,burn out
einzug,move-in
betrügerin,fraudster
freiwilliger,voluntary
massiv,solid
zugucken,watch
skifahren,to ski
hampshire,Hampshire
kompetenz,competence
zerfällt,disintegrates
help,help
geordnet,organized
idiotischen,idiotic
einkauf,shopping
prototypen,prototypes
katholik,Catholic
herrchen,master
door,door
requisiten,props
conner,conner
versinken,sink
arroganter,arrogant
kerry,Kerry
särge,coffins
clouseau,clouseau
aufwächst,grows up
vermischen,mix
untoten,undead
fong,fong
gigantischen,gigantic
seltsamerweise,strangely
schnappst,grab
sanften,gentle
abwehren,defend
manns,man
galen,galen
ts,ts
tonfall,tone of voice
oberster,top
blättern,scroll
behinderten,disabled
crème,cream
verschlimmert,worsened
talentierte,talented
prison,prison
saustall,pigsty
existierst,exist
kera,kera
taggart,taggart
vermacht,bequeathed
freinehmen,take time off
übersetzer,translator
erbärmlicher,pathetic
natascha,Natascha
ehrenwerter,honorable
argh,argh
jock,jock
paulus,Paul
allerbesten,very best
belieben,choose
absteigen,descend
vermieden,avoided
jfk,jfk
strassen,streets
fluges,flight
wegmachen,remove
flughäfen,airports
verfall,decay
aramis,aramis
erniedrigung,humiliation
improvisiert,improvised
ehrenmann,honorable man
klaps,pat
duran,duran
bums,bang
oberbefehlshaber,commander-in-chief
cry,cry
kennenlernt,get to know each other
kirsche,cherry
neunte,ninth
wildschwein,wild boar
waggon,wagon
anmaßend,presumptuous
card,card
susanna,Susanna
nähere,more details
winnie,Winnie
ahab,ahab
konkurrieren,compete
überfluss,abundance
bradshaw,Bradshaw
anastasia,Anastasia
entfachen,ignite
handschlag,handshake
farmen,farms
bekämpfe,fight
freedom,freedom
lahme,lame
everything,everything
nachgefragt,inquired
cabe,cabe
teufelskerl,devilish fellow
auggie,auggie
helium,helium
obduktion,autopsy
jarl,jarl
europäer,Europeans
bucky,bucky
faktoren,factors
amir,Amir
nazir,Nazi
bagel,bagel
wi,wi
rülpst,burps
prinzessinnen,princesses
schema,scheme
falschem,false
rausgeflogen,fired out
tijuana,Tijuana
flaggen,flags
geimpft,vaccinated
pfütze,puddle
anzuwenden,to apply
dokumenten,documents
hervorrufen,cause
exzentrisch,eccentric
eunice,eunice
bedeutender,significant
kettensäge,chainsaw
mortimer,Mortimer
fusel,fusel
chgreen,chgreen
stopft,stuffing
schätzung,estimate
verwetten,bet
annahm,assumed
missgeschick,mishap
grieche,Greek
hippies,hippies
nordens,north
spaziert,walk
knabbern,nibble
alis,alis
reinschauen,Take a look
gegossen,cast
wogen,weighed
irrenanstalt,insane asylum
stehengeblieben,stopped
earth,earth
unbehaglich,uncomfortable
wirkten,had an effect
goldmine,gold mine
berufliche,professional
community,community
là,là
gejammer,whine
arthritis,arthritis
einzutreten,to enter
vorgespielt,played
gewöhnst,get used to
eingrenzen,narrow down
beehren,honor
königreichs,kingdom
tauche,dive
abweisen,reject
prior,prior
angewendet,applied
mandarin,Mandarin
lisbeth,Lisbeth
spontane,spontaneous
watkins,Watkins
seitlich,laterally
raleigh,Raleigh
trinkwasser,drinking water
scheißhaufen,turd
hütet,guards
verkehren,traffic
bewunderer,admirer
absage,cancellation
bedingungslos,unconditionally
lüfte,ventilate
cornell,Cornell
vermutete,suspected
dias,dias
gladiatoren,gladiators
kompetent,competent
stramm,tight
browning,browning
katastrophal,catastrophic
viola,viola
divya,divya
mundgeruch,bad breath
leugne,deny
kratz,scratch
navigator,navigator
fahrgäste,passengers
menschenmenge,crowd
fehlschlag,failure
petersen,Petersen
ausgetrocknet,dried out
vorlieben,preferences
entdecke,discover
goldman,Goldman
heffernan,heffernan
sweeney,Sweeney
rockfish,rockfish
gladiator,gladiator
zwillingsbruder,twin brother
vorläufige,preliminary
lore,lore
ahne,ancestor
gemeinheit,meanness
louvre,Louvre
phlox,phlox
schloß,lock
larkin,larkin
widerfährt,happens
grundstücke,plots of land
weggegeben,given away
ankündigen,announce
loki,loki
müllhalde,landfill
startete,started
höheres,higher
cricket,cricket
killarney,Killarney
küssten,kissed
maßnahme,measure
paranormale,paranormal
franny,franny
einschlag,impact
reichtümer,riches
carters,carters
erdlinge,earthlings
ad,ad
durchfallen,fail
trockne,dry
macbeth,Macbeth
aluminium,aluminum
raina,Raina
mythen,myths
hochnehmen,pick up
ausgangspunkt,starting point
mausetot,stone dead
augenlicht,eyesight
implantat,implant
zweifelsohne,undoubtedly
leier,lyre
dannys,Danny's
durchwühlt,ransacked
taktischen,tactical
keiko,keiko
minbari,minbari
battle,battle
unerwartetes,unexpected
unserm,our
spannender,exciting
säbel,saber
finstere,dark
anreiz,attraction
20er,1920s
enthauptet,beheaded
krächzt,croaks
pops,pops
lockern,loosen
ausweichmanöver,evasive maneuver
kippt,tilts
leichenbeschauer,coroner
primitiven,primitive
nog,nog
algorithmus,algorithm
bändigen,tame
besitztümer,possessions
adligen,noble
telefongesellschaft,telephone company
philosophen,philosophers
proctor,proctor
ertrinke,drown
überbringe,deliver
cinnamon,cinnamon
abgehakt,checked off the list
zutat,ingredient
überheblich,arrogant
japans,Japan's
getippt,typed
freundliches,friendly
fluß,flow
arbeitszeit,working hours
verdirbst,spoil
wuff,woof
überfahrt,crossing
damian,Damian
gigantisch,gigantic
anpacken,tackle
verreckt,died
tarnen,camouflage
dhs,dhs
kabelfernsehen,cable television
kiew,Kyiv
mitgehört,overheard
ausstrecken,stretch
ampulle,ampoule
autopsiebericht,autopsy report
cecile,Cecile
umschalten,switch
myra,myra
korporal,corporal
brandstifter,arsonist
sissi,Sissi
grotesk,grotesque
gill,gill
hochmut,pride
entdeckungen,discoveries
zwillingen,twins
ausnehmen,excluding
aussprache,pronunciation
anlegt,creates
käsekuchen,cheesecake
hochgeht,up
verrats,betrayal
winslow,Winslow
wilcox,wilcox
bestellst,order
verlesen,read out
raunen,whisper
ninjas,ninjas
kopfschuss,headshot
körbe,baskets
ferngespräch,long-distance call
erkälten,catch a cold
lockvogel,decoy
handelst,trade
entzieht,withdraws
jingle,jingle
dachs,badger
düsteren,gloomy
should,should
wirtin,landlady
voreiligen,premature
deutschlands,Germany's
gogh,gogh
mj,mj
ausgehst,you go out
reuben,Reuben
hingehörst,where you belong
harem,harem
quadrat,square
krüger,Kruger
liebespaar,loving couple
rundgang,tour
aufgegabelt,picked up
jahreszeiten,seasons
wilma,Wilma
todsicher,Absolutely certain
überrumpelt,caught off guard
gespalten,split
flippe,flippe
groschen,penny
getragene,worn
türkische,Turkish
smart,smart
verwählt,misdialed
dubenko,dubenko
kenobi,kenobi
übereinkunft,agreement
inside,inside
auszuprobieren,to try
vereinigen,unite
zögere,hesitate
israelis,Israel
junggesellenabschied,bachelor party
dancing,dancing
verhaltens,behavior
offensichtlichen,obvious
schleppst,dragging
gebühr,fee
verzogen,distorted
idaho,Idaho
bezweifeln,doubt
mateo,mateo
makel,flaw
gemeines,common
museen,museums
fahrräder,bicycles
anzustarren,to stare
klopfe,knock
warehouse,warehouse
clementine,clementine
p.s.,p.s.
straßensperre,road closure
absichern,secure
platzpatronen,blank cartridges
aufschließen,unlock
vertrauter,familiar
ballistik,ballistics
moleküle,molecules
kadett,cadet
reim,rhyme
anspielung,innuendo
spendiert,donated
gesundheitsamt,public health department
lieferst,deliver
heimatland,homeland
feuerschutz,fire protection
stachel,thorn
bemerkten,noticed
india,India
adressiert,addressed
bankraub,bank robbery
bedford,bedford
widerlegen,refute
pfarrhaus,rectory
nasser,wet
lebensjahr,year of life
schönere,more beautiful
verbrennung,combustion
köln,Cologne
clennam,clennam
favoriten,favorites
brut,brut
gaststar,guest star
matthias,Matthias
bittere,bitter
kreuzverhör,cross-examination
ortes,place
aw,aw
nächtlichen,nighttime
verschließt,closes
stießen,encountered
mätresse,mistress
lebenskraft,vitality
nagus,nagus
lebrac,lebrac
nachdenklich,pensive
messern,knives
pfeiffer,Pfeiffer
dvds,DVDs
kurzsichtig,short-sighted
horrorfilm,horror film
fürsorglich,caring
schmal,narrow
betragen,be
custer,custer
weiterentwickelt,further developed
vorlesungen,lectures
beobachtest,observe
marnie,Marnie
büsche,bushes
bettwäsche,bed linen
cove,cove
abenteurer,adventurer
area,area
wirds,will
einsen,ones
erstarrt,frozen
schülerinnen,female students
dschinn,djinn
abgespielt,played
boogie,boogie
reportage,report
rosalee,rosalee
car,car
überm,above
glotze,TV
fotografin,photographer
yellow,yellow
segelt,sails
vicomedia,vicomedia
umkleide,changing room
runterlassen,lower
before,before
lone,lone
röchelt,wheezes
denkweise,mindset
cyborg,cyborg
lektüre,reading
jean-paul,Jean-Paul
karat,carat
gordo,gordo
ertrug,endured
türklopfen,door knock
standest,stand
psychischen,psychological
sensei,sensei
unrechtes,unjust
thronfolger,heir to the throne
vorschnell,premature
sinnlosen,senseless
glut,embers
albany,albany
mitbringt,brings
geraden,straight
eröffnete,opened
skizze,sketch
belügt,lies
herstellt,manufactures
forrester,Forrester
sendungen,broadcasts
minneapolis,Minneapolis
dans,dans
dukat,ducat
deserteur,deserter
gleichheit,equality
goldfisch,goldfish
typischen,typical
entgegenkommen,accommodate
beobachtungen,observations
janie,Janie
verschreckt,scared
gregson,gregson
praktikanten,interns
globus,globe
venice,Venice
bruderherz,brother
riviera,Riviera
stammes,tribal
ungnade,disgrace
nemo,nemo
delgado,delgado
comedy,comedy
lorenz,Lorenz
tone,tone
festhält,holds
selbständig,self-employed
flüchtet,flees
konstruktion,construction
beschwöre,swear
nestor,Nestor
gefühllos,callous
kayla,Kayla
offenem,open
quadratmeter,square meters
cardassianischen,Cardassian
ólafur,olafur
starbucks,Starbucks
notsignal,distress signal
patent,patent
sähen,sow
kleinem,small
vielzahl,variety
programmierung,programming
künstlerische,artistic
fulton,Fulton
attraktiven,attractive
parallel,parallel
roulette,roulette
fremdsprache,foreign language
nachzugehen,to pursue
draufgänger,daredevil
herumliegen,lying around
wandschrank,wall cabinet
sinneswandel,change of mind
blutverlust,blood loss
izzie,Izzie
bleich,pale
versunken,sunken
hingestellt,placed
hunderttausende,hundreds of thousands
aufschlussreich,insightful
fehlerhaft,faulty
rainbow,rainbow
vergeude,waste
hah,hah
herrichten,prepare
bryant,Bryant
bronson,bronson
commodus,commodus
innereien,offal
biker,biker
kopfüber,upside down
essenz,essence
erzählung,narrative
gepisst,pissed
lügendetektor,lie detector
zusage,commitment
orchestermusik,orchestral music
spital,hospital
senkt,lowers
rowan,rowan
briefmarke,stamp
tadellos,flawless
japanischer,Japanese
covenant,covenant
jemma,jemma
verkommen,deteriorate
chemotherapie,chemotherapy
pennys,pennys
greendale,Greendale
glänzenden,shiny
cats,cats
auftragen,apply
heimkehr,homecoming
kriterien,criteria
chowllye,chowlly
beschnitten,circumcised
demjenigen,to that person
haas,haas
versagte,failed
toben,raging
laufbursche,errand boy
batiatus,batiatus
afrikaner,African
aufbleiben,stay up
bankkonten,bank accounts
drohst,threaten
kaiserschnitt,cesarean section
taschentücher,tissues
reily,reily
lakai,lackey
friedensangebot,peace offer
überziehen,over
ortega,ortega
helme,helmets
depot,depot
wick,wick
travers,traverse
zurückdrehen,rewind
geklebt,glued
tunnels,tunnels
windig,windy
aufgebe,give up
lieblingsfilm,favorite movie
macdonald,McDonald's
betreuen,look after
karotte,carrot
zigeunerin,gypsy
vergaser,carburetor
rumläuft,walking around
zweige,branches
allahs,Allah
aimee,aimee
ignacio,Ignacio
gewerbe,commercial
bao,bao
zufällige,random
beschämend,shameful
blossom,blossom
wunderkind,child prodigy
verteile,distribute
rupfen,pluck
alba,alba
reingeraten,got caught up in it
präsent,present
vermieterin,landlady
hörtest,you heard
stoned,stoned
labors,laboratories
fallengelassen,dropped
einar,einar
dorian,dorian
nato,NATO
rausschneiden,cut out
erbschaft,heritage
rauschgift,drug
basieren,are
vorsichtsmaßnahmen,precautionary measures
liang,liang
fromm,pious
aneurysma,aneurysm
cnn,cnn
unehrlich,dishonest
friedlicher,peaceful
joss,Joss
aussehenden,looking
mikroskop,microscope
berechnung,calculation
krücken,crutches
redewendung,idiom
verantwortungslos,irresponsible
richtest,correct
dreifache,triple
beauftragen,give an order
unterhält,maintains
rätselhaft,enigmatic
wertschätzung,appreciation
lausigen,lousy
missverständnisse,misunderstandings
weggehst,you go away
geschminkt,made up
bezirksstaatsanwalt,district attorney
geldautomaten,ATMs
verhielt,behaved
infiltriert,infiltrated
kati,Kati
gelaber,babble
pflegerin,nurse
strolch,rascal
ji,ji
gelehrter,scholar
cheung,cheung
beinhalten,include
effekte,effects
eingelebt,settled in
calder,Calder
vandalismus,vandalism
andersherum,the other way around
fete,party
sprühen,spray
kappa,kappa
brandneu,brand new
leichenwagen,hearse
autohupe,car horn
erhöre,hear
vorliegt,is
ducky,ducky
bajoraner,Bajoraner
inspizieren,inspect
camper,camper
himmlischer,heavenly
butterfly,butterfly
tapete,wallpaper
connell,Connell
hasan,Hasan
saddam,saddam
driscoll,driscoll
palmen,palm trees
kip,kip
enthüllung,revelation
fontaine,fountain
zusammengebracht,brought together
stripperinnen,strippers
rührst,touch
strömt,flows
rumpelstilzchen,Rumpelstiltskin
dreifach,triple
durchgehalten,persevered
renata,Renata
goldberg,Goldberg
gaulle,Gaulle
alone,alone
köche,cooks
bessie,bessie
ballerina,ballerina
johnsons,Johnsons
gekrönt,crowned
frisör,hairdresser
landry,landry
geräten,devices
marquise,marquise
groben,rough
massiven,massive
wurscht,Doesn't matter
goodbye,goodbye
darzustellen,to represent
öffneten,opened
künftig,future
anbeten,worship
bodyguards,bodyguards
ebenbild,likeness
nachlässt,decreases
clarkson,Clarkson
stolperte,stumbled
gerichtsgebäude,courthouse
versuchter,attempted
besuchszeit,Visiting hours
ernennung,appointment
rausgenommen,removed
starks,stark
klingonische,Klingon
fasten,fast
behauptungen,claims
zuchthaus,prison
verwalten,administer
strafverfolgung,prosecution
glühen,glow
schüssen,shots
terminator,Terminator
millionäre,millionaires
charaktere,characters
kerngesund,perfectly healthy
hilflosen,helpless
reisten,traveled
kleopatra,Cleopatra
füller,filler
filmstars,film stars
lebenslange,lifelong
ausfällt,cancels
mitschüler,classmate
einfühlsam,sensitive
auszutauschen,exchange
teuflische,diabolical
tube,tube
salsa,salsa
elfenbein,ivory
fury,fury
überzahl,majority
marias,Maria's
beruhigung,calming
anlassen,start
medina,Medina
vernarrt,infatuated
sämtlichen,all
amos,amos
meteor,meteor
pures,pure
weihnachtsfeier,Christmas party
banküberfall,bank robbery
geplanten,planned
äußersten,extreme
versage,fail
entstellt,disfigured
ip-adresse,IP address
pinkel,pee
winterfell,winter coat
pflegefamilie,foster family
rekrut,recruit
chefredakteur,editor-in-chief
fasste,summarized
goldie,Goldie
olson,olson
anwalts,lawyer
wettrennen,race
molesley,molesley
gemach,chamber
klingelton,ringtone
unschädlich,harmless
kontakten,contact
undicht,leaking
zeitlich,time
petze,sneak
sowjetische,Soviet
bunte,colorful
karla,Karla
jaaa,yeee
rasierer,razor
hygiene,hygiene
unterbinden,prevent
elternhaus,parental home
alyssa,alyssa
eingebuchtet,imprisoned
kies,gravel
längeren,longer
durchleben,experience
aufsitzen,sit down
umzudrehen,to turn around
pah,pah
ergriff,seized
bildfläche,screen area
lieblingslied,favorite song
vertrauens,trust
hobbes,hobbes
babysitterin,babysitter
godfrey,godfrey
wohlbefinden,well-being
gekehrt,swept
prächtige,magnificent
ensemble,ensemble
bewerbungsgespräch,job interview
aufbruch,departure
schlafmütze,sleepyhead
abgehen,depart
hetty,hetty
unwissenheit,ignorance
offizielles,official
senil,senile
vernachlässigen,neglect
richters,Richter's
feiertagen,holidays
doktortitel,doctoral title
pd,pd
grünschnabel,greenhorn
erträgst,endure
verschworen,conspiratorial
selbstwertgefühl,self-esteem
übertreten,transgress
cholera,cholera
schulzeit,school days
shana,Shana
rhett,rhett
besiegte,defeated
nahrungsmittel,food
schriftrolle,scroll
intus,intus
bono,bono
violette,violet
geleit,escort
aeryn,aeryn
intervention,intervention
stolzen,proud
inszenierung,staging
automatik,automatic
bewertet,rated
ridley,ridley
bettlaken,bed sheet
johnnie,johnnie
knut,Knut
schauspielerinnen,actresses
schlafsack,sleeping bag
abschleppwagen,tow truck
schläfrig,sleepy
verblassen,fading
wait,wait
selbstgespräche,talking to myself
drogenhändler,drug dealers
mayfield,Mayfield
stockton,stockton
festnahmen,arrests
lock,lock
bey,by
freudig,happy
flegel,lout
schornstein,chimney
inventur,inventory
beaumont,Beaumont
empfiehlt,recommends
reflex,reflex
ist-,is-
schäbigen,shabby
beleidigst,insulting
implantate,implants
vorgarten,front garden
kambodscha,Cambodia
korken,cork
publik,public
rauchte,smoked
wirjetzt,we now
vergiftung,poisoning
halliwell,halliwell
tragischer,tragic
lähmung,paralysis
barclay,Barclay
annabel,Annabel
identifizierte,identified
cem,cem
entfacht,ignited
lauras,Laura's
hinterteil,rear
beugt,bends
gleise,tracks
schwängern,impregnate
attila,Attila
murtaugh,Murtaugh
verspüren,feel
privatjet,private jet
polizeipräsident,police chief
kapitulieren,capitulate
ck,ck
hemingway,Hemingway
guatemala,Guatemala
speichel,saliva
radikal,radical
nachmachen,copy
jährlichen,annual
emir,emir
geschwür,ulcer
gewissenhaft,conscientious
organisierten,organized
lebendes,living
gewichte,weights
späte,late
stühlen,chairs
nicaragua,Nicaragua
tape,tape
kennenlernst,get to know each other
auszumachen,to identify
fleischer,butcher
pose,pose
telepathie,telepathy
schiefgegangen,went wrong
krümmen,bend
unruhestifter,troublemaker
schlagsahne,whipped cream
cincinnati,Cincinnati
schizophrenie,schizophrenia
arabische,Arabic
wäschst,washes
fist,fist
zustände,conditions
mannomann,oh man
jockey,jockey
stärkeren,stronger
solchem,such
deckname,codename
gedämpft,muted
aushält,withstands
populär,popular
montagmorgen,Monday morning
verdankt,thanks to
füllung,filling
bela,bela
muhammad,Muhammad
abweichung,deviation
wegzuwerfen,to throw away
beliebter,popular
hoffmann,Hoffmann
angebunden,connected
sensible,sensitive
wirksam,effective
hinterlass,leave
hochschule,college
bartholomew,Bartholomew
historisch,historical
förster,ranger
low,low
sicherheitsgründen,for security reasons
patmore,patmore
präfekt,prefect
wortspiel,pun
quetschen,squeeze
terra,terra
alva,alva
verlangten,demanded
nachhinein,in retrospect
verfolgungsjagd,chase
durchlassen,pass
auskennen,know
zuckerwatte,cotton candy
wiedergekommen,returned
zugibt,admits
cao,cao
demütig,humble
saw,saw
komponist,composer
berühmteste,most famous
emotionaler,emotional
erschüttern,shake
daedalus,Daedalus
snob,snob
tae,tae
zurückkamen,came back
grover,Grover
rettungsboot,lifeboat
levi,Levi
politikern,politicians
spritzer,splash
bevorstehenden,upcoming
blasphemie,blasphemy
tintenfisch,squid
rocket,rocket
garnicht,not at all
gardinen,curtains
umschauen,look around
web,web
direktion,directorate
intime,intimate
unvergesslich,unforgettable
birnen,pears
buche,beech
bierchen,beer
heiler,healer
sündigen,sin
gönne,treat yourself
untergeschoss,basement
medizinmann,medicine man
friends,friends
auszureden,to excuse
schnalle,buckle
kontrollierte,controlled
frites,fries
skizzen,sketches
jimmys,Jimmy's
geschwänzt,skipped
verflixte,darned
regent,regent
hadley,Hadley
cartman,Cartman
verschlüsselte,encrypted
liebchen,darling
django,django
matsch,mud
häfen,ports
lokomotive,locomotive
frohen,happy
erfahrene,experienced
singles,singles
vorübergehende,temporary
strukturen,structures
zen,Zen
hybrid,hybrid
sprangen,jumped
voss,voss
format,format
emmet,emmet
pickup,pick up
dumpfes,dull
böden,floors
beliebteste,most popular
zentralen,central
petition,petition
silvio,Silvio
reinem,pure
besagte,said
beauftragte,commissioned
überwache,monitor
wähl,choose
leipzig,Leipzig
lebzeiten,lifetime
donau,Danube
interviewt,interviewed
brustwarzen,nipples
sicherheitskameras,security cameras
trenne,separate
chevalier,chevalier
frust,frustration
ertönen,sound
ableben,die
kletterte,climbed
camillo,Camillo
schlürfen,slurp
wegfliegen,fly away
hänsel,Hansel
radikalen,radical
schatzi,honey
zwo,two
bennie,Bennie
ric,ric
künftigen,future
passender,suitable
shuttles,shuttles
gleiches,same
parsons,parsons
entertainment,entertainment
verbreitete,widespread
nickel,nickel
vorgemacht,demonstrated
delegation,delegation
laufend,ongoing
ignoranz,ignorance
christmas,Christmas
eloise,eloise
müden,tired
rizzo,rizzo
patron,patron
markenzeichen,trademark
wiederholte,repeated
verbitte,I forbid it
while,while
wachposten,sentry post
sondereinheit,special unit
verweilen,linger
dampfer,mute
portionen,portions
renovierung,renovation
motivieren,motivate
verhängt,imposed
kirsten,Kirsten
sodbrennen,heartburn
aufforderung,request
wonne,bliss
derrick,derrick
ausgleichen,balance
totschlagen,kill
schlägen,hit
bobbi,bobbi
pförtner,usher
tiefstem,deepest
erschwert,more difficult
rin,rin
claes,Claes
kroch,crawled
befürchtete,feared
ki,ki
modul,module
crest,crest
lichtgeschwindigkeit,speed of light
district,district
verheirateter,married
chilton,chilton
oak,oak
übermütig,exuberant
tofu,tofu
anzugehen,to address
neutrale,neutral
heulsuse,crybaby
mossad,Mossad
anrecht,entitlement
clifton,Clifton
polnischen,Polish
dickkopf,stubborn
trauzeugin,maid of honor
northern,northern
zweihundert,two hundred
stickstoff,nitrogen
blitzen,flash
roxanne,Roxanne
stube,room
infizierte,infected
chevron,chevron
katya,Katya
dre,three
dwayne,Dwayne
schlumpf,Smurf
bundespolizei,federal police
erwies,proved
gezüchtet,bred
aufdrängen,impose
anhaltspunkte,clues
hierüber,about this
ablehnt,rejects
passierschein,pass
cécile,Cécile
eulen,owls
gewürze,spices
versionen,versions
startbereit,ready
kaffeemaschine,coffee machine
rastet,rests
georgetown,georgetown
hobson,hobson
landstraße,country road
lazarett,hospital
eisenkraut,vervain
thunder,thunder
elin,elin
süsse,sweetness
gegenwärtigen,present
monatlich,monthly
cordy,cordy
arabien,Arabia
unbestimmte,indefinite
fitch,fitch
mathematiker,mathematician
machenschaften,machinations
zuständigen,responsible
armselige,pathetic
bekifft,stoned
obdachloser,homeless
antonius,Antonius
alibis,alibi
teuflischen,diabolical
try,try
bestrafe,punish
leugnet,denies
michaela,Michaela
chiefs,chiefs
weingut,winery
geistlichen,clergy
schubert,Schubert
reibt,rubs
ungeschützt,unprotected
adaption,adaptation
anspannung,tension
ha-ha,Ha-Ha
hehler,fence
wirs,we s
shen,shen
armbrust,crossbow
widerliches,disgusting
aggressive,aggressive
tomorrow,tomorrow
bugs,bugs
gruseligen,creepy
beleg,document
autodiebstahl,car theft
skitter,skitter
ruhst,rest
glieder,limbs
meldeten,reported
aii,aii
gespuckt,spat
narn,narn
herumläuft,running around
kostenlosen,free
käfige,cages
maud,maud
eingangstür,entrance door
verweisen,refer
kandidiert,is running for office
infarkt,heart attack
tussis,chicks
kaputtes,broken
nicola,Nicola
abbauen,tear down
hausfrauen,housewives
dichten,dense
exekutiert,executed
lösch,delete
detektei,detective agency
merle,merle
plagt,plagues
avon,avon
egoismus,egoism
ausgebreitet,spread out
stéphane,Stéphane
weigerst,refuse
schockieren,shock
intensität,intensity
stapeln,stack
überwiegend,mostly
leave,leave
dickerchen,chubby one
ehrliches,honest
serviere,serve
kulturelle,cultural
kenia,Kenya
carlson,Carlson
einzusteigen,to get started
mahoney,Mahoney
bezweifele,I doubt it
geheimagent,secret agent
aida,Aida
gebiss,denture
diktatur,dictatorship
zimperlich,squeamish
städtischen,urban
videokamera,video camera
steche,sting
symbolisiert,symbolizes
holloway,holloway
raptor,raptor
schei,shit
arkansas,Arkansas
polizeibeamter,police officer
genützt,used
transmitter,transmitter
taugenichts,good-for-nothing
thorn,thorn
speedy,speedy
jürgen,Jürgen
wiederbeleben,revive
ness,ness
vorgesetzte,superiors
zugute,benefit
befriedigend,satisfactory
trade,trade
unterliegen,are subject
abfackeln,burn it down
verschwundene,disappeared
éch,éch
versöhnt,reconciled
gequatscht,chatted
fänd,found
anmacht,turns on
blutspuren,Bloodstains
nachteile,disadvantages
rey,rey
henne,hen
instinkten,instincts
gegners,opponent
durchsuchungsbeschluss,search warrant
erhaben,sublime
hinfort,henceforth
tad,tad
babs,babs
hatun,has
syndrom,syndrome
schläfchen,nap
gewissensbisse,remorse
hunderttausend,one hundred thousand
idiotische,idiotic
gestillt,breastfed
tansy,tansy
streuen,scatter
zusammenpassen,match
selbstmordversuch,suicide attempt
clarice,Clarice
glee,glee
ahmad,ahmad
rausgerutscht,slipped out
abgelöst,replaced
aa,aa
amore,love
röntgenbilder,x-rays
aufgetrieben,discovered
vancouver,Vancouver
unerwünscht,undesirable
popeye,Popeye
smalltalk,small talk
inhumans,inhumans
hodge,hodge
niederlagen,defeats
latinum,Latinum
burrito,burrito
seelenverwandte,soulmates
hausfriedensbruch,trespassing
putsch,coup
serling,serling
tao,Tao
umarmungen,hugs
states,states
pavillon,pavilion
verirren,get lost
jährliche,annual
willig,willing
börsenaufsicht,stock exchange regulator
gut.,good.
yusuf,Yusuf
italienischer,Italian
beschuldige,accuse
angeschnallt,buckled up
sioux,Sioux
sägewerk,sawmill
bettina,Bettina
begrenzte,limited
zusammensein,be together
leibliche,physical
kommunistischen,communist
sabbat,Sabbath
späße,jokes
unterleib,lower abdomen
pfefferspray,pepper spray
gegenseitigkeit,reciprocity
jungchen,young boy
bestseller,bestseller
bereitest,prepare
parke,park
gaia,Gaia
gestatte,allow
schleich,sneak
unterbrich,interrupt
pfosten,post
gertrud,Gertrud
ekelig,disgusting
roge,roge
kolumbus,Columbus
wörtern,words
abgehackt,choppy
geschleudert,hurled
holocaust,holocaust
gebenedeit,blessed
kriegern,warriors
atwood,atwood
vereinigt,united
klimpern,strum
geeignete,suitable
unbewusst,unconsciously
wusch,wash
losen,solve
fluggesellschaft,airline
clair,clair
genen,genes
hera,Hera
einzuholen,to catch up
lebenserhaltung,life support
blaze,blaze
entsprechende,corresponding
bettelt,begs
amtszeit,term of office
schliesslich,finally
feierten,celebrated
monterey,Monterey
auswirken,impact
waschbären,raccoons
steward,steward
fei,free
jeanie,Jeanie
erhoffen,hope
iv.,iv.
wirtshaus,inn
zollen,pay
erdrosselt,strangled
elisa,Elisa
honolulu,Honolulu
dienten,served
dos,DOS
wohltätigkeit,charity
augenblicken,moments
schillinger,Schillinger
heide,pagan
schämte,was ashamed
geritzt,scratched
eisenhower,Eisenhower
mäusen,mice
sozialamt,social welfare office
krächzen,croak
clave,clave
arrangiere,arrange
weisse,white
verringert,reduced
klapsmühle,mental hospital
tosh,tosh
coffee,coffee
quarter,quarter
nachfahren,descendants
pferdes,horse
geschwiegen,remained silent
qui,qui
safari,safari
todmüde,dead tired
doktors,doctors
inbegriffen,included
vollzeit,full-time
saturn,Saturn
rafe,Rafe
bane,bane
berühr,touch
wegsperren,lock them away
janes,Janes
wachhund,guard dog
vorschule,preschool
horne,horne
angetrauten,married
heule,howl
gebettelt,begged
einwand,objection
woo,woo
argumentieren,argue
telefonierte,phoned
aroma,aroma
geller,Geller
zirpen,chirping
vorausgesagt,predicted
protestanten,Protestant
masern,measles
gardens,gardens
lion,lion
stichwunden,stab wounds
hiroshi,Hiroshi
erdbeere,strawberry
marshalls,Marshalls
beleidige,insult
schnattern,chatter
copperfield,copperfield
treibende,driving
bzw.,or
hämisch,malicious
moritz,Moritz
auszieht,moves out
glückseligkeit,bliss
mischst,mix
historischer,historical
schwedischen,Swedish
disqualifiziert,disqualified
managerin,manager
schlaflosigkeit,insomnia
anbeißen,bite
wöchentlich,weekly
anspricht,addresses
sharona,Sharona
tea,tea
doña,doña
außenteam,outside team
gieß,pour
flowers,flowers
kämpferin,fighter
zimmernummer,room number
castor,castor
chefarzt,chief physician
vakuum,vacuum
bret,bret
übernahmen,took over
abwechselnd,alternately
garnichts,nothing at all
fortan,from now on
säen,sow
bekleidet,clothed
geflüstert,whispered
gespött,mockery
drovers,drivers
metal,metal
geschädigt,damaged
memme,wimp
wrestling,wrestling
organische,organic
bens,Ben's
enid,enid
ozeans,oceans
vermessen,measure
abhängigkeit,dependency
steg,web
zuruck,back
nützlicher,useful
dörfern,villages
kaktus,cactus
abräumen,clear up
krummen,crooked
min.,min.
ruine,ruin
mähen,mowing
soho,soho
bolt,bolt
sprechanlage,intercom
einzuwenden,to object
verdrückt,suppressed
horoskop,horoscope
verspüre,feel
miauen,meow
irma,Irma
skateboard,skateboard
arterien,arteries
auffordern,request
olé,olé
birkhoff,Birkhoff
grollt,grumbles
freundlicherweise,kindly
erotische,erotic
intelligenten,intelligent
alaikum,Alaikum
costello,costello
kaputter,broken
purple,purple
erhob,raised
rar,rare
verbleib,remainder
begriffe,terms
elektromagnetische,electromagnetic
ausrutscher,slip-up
arg,awful
agenda,agenda
trennte,separated
vollkommene,perfect
englisches,English
forum,forum
hierzubleiben,stay here
zuleide,torment
quo,quo
letzen,last
aufkreuzt,shows up
ergründen,explore
zahnseide,dental floss
brände,fires
japanern,Japanese
ziffern,numbers
delfin,dolphin
mußten,had to
zwanziger,twenties
lockere,loose
komponiert,composed
ipad,iPad
linse,lens
eingesehen,viewed
stellvertretenden,deputy
wog,weighed
ferngesehen,watched TV
genaueres,more details
ehrwürdige,venerable
jang,jang
intellekt,intellect
gestrickt,knitted
nackter,naked
schmeichelt,flatters
smokey,Smokey
essenszeit,mealtime
verdeckten,concealed
another,another
schwartz,Schwartz
cannes,Cannes
bauarbeiten,construction work
irrsinnig,insane
gehindert,hindered
cid,cid
wexler,wexler
crassus,crassus
antikörper,antibody
stellungen,positions
living,living
unterliegt,is subject
entfallen,omitted
camden,Camden
nil,Nile
durchgestanden,survived
erlebten,experienced
langt,is enough
metallisches,metallic
gesandten,envoy
verwaltet,managed
rumzuhängen,hanging around
verbände,associations
pritchard,Pritchard
florian,Florian
stripclub,strip club
unterschätze,underestimate
bediensteten,servants
schöpft,draws
amour,love
regele,rule
lowry,lowry
zusammensetzung,composition
hintergedanken,ulterior motives
intellektuellen,intellectual
dekorieren,decorate
brandi,brandi
religiöser,religious
minderheit,minority
strong,strong
string,string
voraussetzung,requirement
ruthie,Ruthie
zoff,conflict
shore,shore
scheusal,monster
hinterlegt,stored
zusammengekommen,gathered
draufgegangen,died
mans,man
schnallt,buckles
teen,teen
gesichtserkennung,facial recognition
zeitreise,time travel
begründet,justified
gestreift,striped
rourke,rourke
ungewissheit,uncertainty
zurückzuhalten,to withhold
anwesende,present
harfe,harp
konzentrierst,concentrate
goldstücke,gold pieces
macker,mate
tappen,tap
rechtmäßige,lawful
durchzugehen,to go through
bräuchtest,you would need
doktoren,doctors
effektiver,effective
runtergekommen,run-down
herholen,get
violine,violin
künftige,future
fallt,falls
devereaux,devereaux
weitergemacht,continued
recep,recep
raja,Raja
fortgegangen,departed
hide,hide
gutheißen,approve
kriegsheld,war hero
ministerin,minister
vorwahl,phone prefix
eroberer,conqueror
verführung,seduction
wegschmeißen,throw away
s.t.a.r.,star.
oberkommando,high command
vereinbarten,agreed
verkackt,screwed up
hauptkommissar,chief inspector
zellenblock,cell block
füllte,filled
schlachter,butcher
nabelschnur,umbilical cord
kritische,critical
jing,jing
unschön,ugly
dauerhafte,permanent
nieten,rivets
ermessen,discretion
jesses,Jesus
titte,tit
auslaufen,expire
erbt,inherits
ohhh,ohhh
eingeschleust,infiltrated
wegnimmt,takes away
visite,visit
provokation,provocation
gören,children
spezieller,special
lieblinge,favorites
erwärmung,heating
waller,catfish
justizminister,Minister of Justice
sandalen,sandals
zurückgelegt,covered
hineinziehen,pull in
yves,yves
doppeltes,double
schmarotzer,parasitic
frida,Frida
massenhaft,masses
vorzutäuschen,to pretend
bohannon,bohannon
cochran,cochran
showgeschäft,show business
amandas,Amanda
fredrik,Fredrik
hochgeladen,uploaded
festessen,celebratory meal
gekürzt,shortened
vergnügungspark,amusement park
gestaltet,designed
hardison,Harrison
anstoß,kick-off
generatoren,generators
mobiltelefon,mobile phone
gustavo,Gustavo
eingewilligt,agreed
seeleute,sailors
sättigung,saturation
rütteln,shake
hinausgehen,go out
hiesige,local
ergib,yield
bösartige,malignant
bäng,bang
orpheus,Orpheus
aufzulösen,to resolve
verstärker,amplifier
umkleideraum,changing room
puzzles,puzzles
spießig,stuffy
sparrow,sparrow
großzügiger,generous
buchstabiert,spelled
infiltrieren,infiltrate
gaga,gaga
miterleben,witness
aufsichtsrat,supervisory board
salzwasser,saltwater
matheson,matheson
colleges,colleges
sana,sana
ralf,Ralf
schwärmen,rave
geleiten,escort
tach,tach
stehend,standing
schrotthaufen,scrap heap
schneien,snow
trikot,jersey
siehste,You see
gnädigste,most gracious
autogramme,autographs
herauszufordern,to challenge
feeling,feeling
suspendierung,suspension
lasten,loads
triebwerk,engine
sold,sold
bowen,Bowen
kidnapping,kidnapping
wartung,maintenance
endgültigen,final
maskierte,masked
faulpelz,lazybones
spaßen,jokes
gewässern,waters
katia,Katia
marisa,Marisa
bellheim,Bellheim
zusammengesetzt,composed
surfer,surfer
abzuwarten,to wait
geeigneten,suitable
vorhersehen,foresee
schwindet,diminishes
anschaue,look
kittchen,kitchen
einsturz,collapse
blöcke,blocks
verehre,revere
flo,flo
verbreitung,spread
eidechse,lizard
rays,rays
vertuschung,cover-up
wegkommt,comes away
vollziehen,perform
übergelaufen,defected
durchsickern,seep through
schädlich,harmful
benehme,behave
jeher,ever
vorwarnen,give advance warning
cheerleaderin,cheerleader
durchschnittliche,average
trager,carrier
flores,flowers
straftäter,offender
wußten,knew
amazonas,Amazon
gerichtsdiener,court officer
konkrete,specific
breiter,wider
mata,mata
zaubertrick,magic trick
arbeitslosigkeit,unemployment
weihwasser,holy water
krepiert,died
willenskraft,willpower
anrichtet,prepares
zahm,tame
bartlett,Bartlett
klebrig,sticky
rumfahren,driving around
abrechnen,bill
ausbluten,bleed out
records,records
vo,vo
wörtchen,little word
faber,Faber
nutzlose,useless
abnimmt,decreases
allererste,very first
langfristig,long-term
kessler,kessler
pipeline,pipeline
predigten,preached
prügelt,beats
taler,taler
thermometer,thermometer
gehaltsliste,payroll
feuerholz,firewood
vulkanische,volcanic
verrückteste,craziest
j.p.,j.p.
fruchtblase,amniotic sac
wehrlos,defenseless
nationalhymne,national anthem
mccabe,mccabe
durftest,were allowed
bindungen,bonds
quartal,quarter
kitchen,kitchen
leckerbissen,delicacy
beliebte,popular
guru,guru
rommel,Rommel
unabhängigen,independent
wirkliches,real
hassten,hated
wegräumen,put away
klinische,clinical
sees,sees
isles,Isles
merrick,Merrick
wimper,eyelash
moreau,moreau
minimal,minimal
heimatschutz,homeland protection
weiterlaufen,continue
partisanen,partisans
İbrahim,Ibrahim
bourne,bourne
mistvieh,cattle
lundy,Lundy
kalinda,Kalinda
zylon,Zylon
intellektuelle,intellectual
großzügiges,generous
riesenfehler,huge mistake
ulrich,Ulrich
pfote,paw
vornehme,distinguished
symbolisch,symbolic
berüchtigte,notorious
lutscht,sucks
reib,rub
divine,divine
rome,Rome
schlafend,asleep
mitnehme,I'll take with me
absaugen,suction
grundlegende,basic
untersuchungshaft,pre-trial detention
gesimst,texted
jacksons,Jacksons
scharfer,sharp
gemischte,mixed
nachgegeben,gave in
klassisches,classic
klapse,psychiatric ward
totenwache,wake
dreams,dreams
schliche,sneak
ausgespielt,played out
ungewiss,uncertain
feger,sweeper
äußeres,external
giuseppe,Giuseppe
hauptdarsteller,main actor
ungeduld,impatience
glatter,smooth
lieblich,lovely
redding,redding
chekov,Chekov
ausbreitet,spreads
eilmeldung,breaking news
menschenrechte,human rights
ausgerottet,eradicated
häppchen,appetizers
verrücktheit,madness
hinterhältige,treacherous
schwerhörig,hard of hearing
chemikalie,chemical
spieluhr,music box
übereinander,one above the other
empfehlungsschreiben,letter of recommendation
verzweifelter,desperate
malia,Malia
zeitig,early
gilligan,Gilligan
hingeben,surrender
abhaust,flees
rechtliche,legal
spaziergänge,walks
färbt,dyes
statistisch,statistical
schleimer,slime
aufzubrechen,to depart
lederjacke,leather jacket
mittagszeit,midday
zerotollerance,zero tolerance
lautstärke,volume
ermüdend,tiring
gratuliert,congratulations
windpocken,chickenpox
sternschnuppe,shooting star
bigfoot,bigfoot
chateau,chateau
postfach,mailbox
verfällt,expires
schaltete,switched
schleuse,sluice
glatte,smoothness
kommende,upcoming
lavinia,lavinia
ehrenwerten,honorable
joffrey,Joffrey
feds,feds
hildy,Hildy
millers,millers
id,id
prozesse,processes
abc,ABC
geschüttet,poured
köstliche,delicious
benötigte,required
staten,states
späteren,later
plattenspieler,record player
wiederzufinden,to find again
tripper,gonorrhea
bedeutenden,significant
staatssekretär,state secretary
übrige,rest
demenz,dementia
wartezeit,waiting time
namensschild,name tag
psychose,psychosis
lallt,slur
flemming,Flemming
verschlimmern,worsen
kruste,crust
blutproben,blood samples
guerrero,Guerrero
blinker,blinker
alk,alcohol
diesjährigen,this year
verliebst,in love
jemen,Yemen
propeller,propeller
abzusagen,to cancel
spendiere,spend
flachen,flat
begutachten,assess
empor,up
santino,santino
garza,garza
bescheidener,modest
stützt,supports
lebensmittelvergiftung,food poisoning
kanadischen,Canadian
orient,Orient
vizepräsidentin,vice president
netze,networks
hierbehalten,Keep here
unterbesetzt,understaffed
fleisches,meat
riskierte,risked
ehemals,formerly
anzuschreien,to shout
schiene,rail
vogue,vogue
auseinandernehmen,take apart
cruise,cruise
merry,merry
selena,Selena
einzuziehen,to move in
trompetet,trumpet
schießereien,shootings
una,una
victory,victory
balg,bellows
zeigefinger,index finger
unterstehen,are subject
waffel,waffle
panikattacke,panic attack
eingeäschert,cremated
kampflos,without a fight
genfer,Geneva
kato,kato
forensische,forensic
unzerstörbar,indestructible
miterlebt,witnessed
kinderheim,orphanage
tyrell,tyrell
bethlehem,Bethlehem
schutzlos,defenseless
technisches,technical
tendenz,trend
siehts,looks
fürchteten,feared
uhura,uhura
entschloss,decided
beruflichen,professional
muttertag,Mother's Day
orgelmusik,organ music
aktionäre,shareholders
arthurs,Arthur
ausgewichen,avoided
adebisi,adebisi
gotta,gotta
minenfeld,minefield
gewählte,selected
kilogramm,kilogram
paragraph,paragraph
irrational,irrational
schulabschluss,school leaving certificate
eureka,eureka
ergaben,resulted
ziggy,ziggy
sylar,sylar
festgebunden,tied up
gul,gul
zügig,quickly
hochverrats,high treason
schwebte,hovered
seilen,ropes
strip,strip
brokkoli,broccoli
ozzie,ozzie
salzig,salty
foyer,foyer
feierst,celebrate
italienisches,Italian
veränderten,changed
sippe,clan
unauffindbar,untraceable
knappen,scarce
abblitzen,rebuff
ähh,uhh
brautpaar,bride and groom
veteran,veteran
eskaliert,escalated
unterredung,conversation
zurückzugewinnen,to recover
nagellack,nail polish
burn,burn
zehnte,tenth
colton,Colton
straftaten,crimes
sies,she
majid,Majid
caputo,caputo
krempel,junk
inga,Inga
solls,should
lelouch,lelouch
intensive,intensive
wischt,wipes
frischfleisch,fresh meat
digger,digger
proteine,proteins
storch,stork
sternzeichen,zodiac sign
terrorisiert,terrorized
marthe,marthe
bridges,bridges
elsie,Elsie
ruiz,ruiz
klarem,clear
kugelsicher,bulletproof
klassenkameraden,classmates
manson,manson
c4,c4
vorschau,preview
verbrennst,burn
zusammentreffen,meet
türmen,pile up
dampfen,vaping
beschmutzen,soil
risa,risa
signiert,signed
umzusetzen,to implement
podium,podium
clovis,clovis
margaux,margaux
äußerste,outermost
zurückzulassen,to leave behind
verändere,change
ergebnissen,results
langweiliges,boring
goethe,Goethe
weii,white
unternimm,undertake
überrannt,overrun
hysterie,hysteria
abspielt,plays
without,without
klau,steal
menschenseele,human soul
bewegend,moving
konsequenz,consequence
aufgeregtes,excited
sicherungen,fuses
nichtsdestotrotz,nevertheless
tig,tig
inventar,inventory
wegweiser,signpost
zutrauen,confidence
sinnvolles,meaningful
verborgene,hidden
wissenschaftlern,scientists
einzuschlafen,to fall asleep
kareem,kareem
kommentieren,comment
inkompetent,incompetent
tätowieren,tattoo
tigers,tigers
mets,mets
träge,sluggish
leiblichen,physical
anmache,pickup
bedürfnissen,needs
tätowierungen,tattoos
reifer,mature
königlich,royal
zwinkern,wink
fußballspiel,football match
hamid,hamid
laub,leaves
dix,ten
reeves,reeves
flipp,flipp
auguste,August
zivilisierte,civilized
robe,robe
betrugs,fraud
erhöhung,increase
verbundenen,associated
far,far
clément,Clément
boutique,boutique
verlogene,deceitful
eintrittskarte,admission ticket
braxton,Braxton
verfüge,have
mordopfer,murder victims
lombard,Lombard
asa,asa
verspeist,eaten
grösste,largest
quecksilber,mercury
anzustellen,to hire
hocherfreut,delighted
pancakes,pancakes
duett,duet
jüngerer,younger
aufzusuchen,to visit
digitalen,digital
flöten,flutes
marla,Marla
besetzten,occupied
hungrige,hungry
rach,rach
prominente,prominent
aldo,aldo
eingelöst,redeemed
hitchcock,Hitchcock
namaste,Namaste
rousseau,Rousseau
organismen,organisms
j.b.,j.b.
sonnenbrand,sunburn
ermittle,investigate
kingsley,Kingsley
brite,brite
sozialversicherungsnummer,social security number
gasthof,inn
brenzlig,precarious
batista,Batista
ruiniere,ruin
spritz,spray
nunmehr,now
gerichtsverfahren,court proceedings
empfing,received
absurde,absurd
liebesbrief,love letter
mycroft,mycroft
schäfchen,sheep
gelobe,vow
unterdrückten,suppressed
maßen,measures
geschlechts,gender
tribüne,grandstand
verzerrte,distorted
kiosk,kiosk
root,root
energisch,energetic
geplagt,plagued
row,row
korrigiere,correct
magneten,magnets
kriegten,got
abrupt,abrupt
gewaltiges,enormous
brewer,brewer
radioaktivität,radioactivity
verordnung,regulation
waldemar,Waldemar
chick,chic
südwesten,southwest
beraterin,consultant
vermögens,assets
münztelefon,payphone
guthrie,Guthrie
maklerin,real estate agent
verwandelst,transform
weller,weller
sato,sato
gekettet,chained
lam,lam
inkompetenz,incompetence
entflohen,escaped
angewandt,applied
bern,Bern
ausgewiesen,designated
aviv,aviv
glüht,glows
flüchtete,fled
wachdienst,security service
schießstand,shooting range
gedärme,intestines
kreativen,creative
leia,Leia
schüttel,shake
hecke,hedge
maxim,maxim
londo,London
weinberg,vineyard
fitness,fitness
aschenputtel,Cinderella
nichtig,void
sprengkopf,warhead
sensibler,sensitive
referat,presentation
abhacken,chop it up
blutkörperchen,blood cells
fortpflanzung,reproduction
casinos,casinos
nnen,nnen
verhörraum,interrogation room
beziehungsweise,or
bobbys,Bobby's
sonnig,sunny
bali,Bali
rückfahrt,return journey
schlosses,lock
durchlebt,experienced
harker,rake
schlafengehen,going to sleep
whitehall,whitehall
gebrochenem,broken
pond,pond
muh,moo
aktivierung,activation
wettstreit,competition
ausgearbeitet,elaborated
weather,weather
vorankommen,progress
deadline,deadline
vorfinden,find
cornelia,Cornelia
reinhauen,Go for it!
verlegung,laying
wahrsagerin,fortune teller
gwendolyn,Gwendolyn
unartig,naughty
geburtsort,place of birth
sofortigen,immediate
schwätzer,chatterbox
leader,leader
königen,queens
wüßte,I would know
alleingang,solo
phänomenal,phenomenal
keeler,keeler
ti,ti
krankenakte,medical record
dobey,dobey
swift,swift
45er,45
rätseln,puzzle
gewinnerin,winner
schmiede,wrought
seal,seal
gerutscht,slipped
systematisch,systematic
absteige,descend
nachzuholen,to catch up
xiao,xiao
lexington,Lexington
witzfigur,comic figure
einschläfern,euthanize
erörtern,discuss
bloßgestellt,exposed
schweinestall,pigsty
versteigert,auctioned
tampa,Tampa
maßstab,scale
verstorbener,deceased
belegschaft,workforce
finley,finley
argo,argo
sunnydale,Sunnydale
grässliche,gruesome
scharade,charade
carr,carr
abzuschneiden,to cut
runtergeholt,brought down
körpertemperatur,body temperature
konzentrierte,concentrated
leif,leif
drenton,Drenton
privatbesitz,private property
totem,totem
untertreibung,understatement
dazugehört,belongs
abzüge,deductions
schusswunden,gunshot wounds
durchgeknallte,crazy
lungenkrebs,lung cancer
apartments,apartments
leim,glue
beiträge,contributions
gefälligkeit,A favor
bärchen,bear
versetzte,staggered
rohe,raw
aufsteht,gets up
mesa,mesa
regenmantel,raincoat
vorkommnisse,incidents
jazzmusik,jazz music
arrangierte,arranged
vader,Vader
anzügen,suits
charmanten,charming
apostel,apostle
unendlichkeit,infinity
geldgeber,lender
biologischer,biological
kelvin,Kelvin
synagoge,synagogue
shadowhunter,shadowhunter
stringer,stringer
blendet,dazzling
entzündung,inflammation
erforschung,exploration
berüchtigten,infamous
cousinen,cousins
konzerne,corporations
untertasse,saucer
schnitzel,schnitzel
fehlgeschlagen,failed
erkaufen,buy
gangstern,gangsters
briareos,briareos
hundesohn,son of a bitch
dableiben,stay
ml,ml
hierauf,here
reichs,Reich
kinderleicht,child's play
atom,atom
bewunderte,admired
bedrängen,pressure
unerwarteten,unexpected
dickschädel,thick-headed
gesuchte,sought
ventura,ventura
hahaha,hahaha
baumarkt,hardware store
blindheit,blindness
melonen,melons
herald,herald
aggressiver,aggressive
gebohrt,drilled
heiligtum,sanctuary
samariter,Samaritan
yay,yay
eingeht,enters
unantastbar,inviolable
wiederkommst,come back
hallt,echoes
bra,bra
schwungvolle,dynamic
candice,Candice
almeida,almeida
pantoffeln,slippers
frazier,Frazier
handgelenke,wrists
verschweigt,conceals
short,short
gerate,devices
dramatischer,dramatic
frodo,Frodo
jüngling,youth
snart,snart
vorstrafenregister,criminal record
geschäftsfrau,businesswoman
schufte,toil
stalingrad,Stalingrad
rissen,tore
metatron,Metatron
bekanntes,well-known
überredete,persuaded
freimachen,free
verona,Verona
durchzukommen,to get through
zahnstocher,toothpick
under,under
doppel,double
madge,madge
swing,swing
abgebissen,bitten off
stadtteil,district
gifte,poisons
ichabod,ichabod
betonung,emphasis
dringenden,urgent
volkoff,Volkoff
sporthalle,sports hall
sos,SOS
übernehmt,take over
kopierer,copier
meinungsverschiedenheit,disagreement
baumeln,dangle
aufgeschnappt,overheard
unterzeichne,sign
betätigen,activate
erklärten,explained
übernachte,overnight
wendepunkt,turning point
kenner,connoisseur
eskortieren,escort
angefreundet,befriended
medizinstudium,medical studies
halbschwester,half-sister
praktiziert,practiced
phantombild,phantom image
funktionsfähig,functional
katakomben,catacombs
klügsten,smartest
tänze,dances
nutzung,use
arbeitszeiten,working hours
kanbei,kanbei
nationaler,national
klan,clan
anordnen,order
rechtfertigung,justification
frühestens,at earliest
gelangte,reached
wertvollste,most valuable
sachs,Sachs
gerüche,smells
takes,takes
großmeister,grandmaster
arsen,arsenic
mordversuch,Attempted murder
unfruchtbar,barren
donnert,thunders
symptomen,symptoms
effizienter,more efficient
humbert,humbert
vonda,from there
aufmachst,open
versinkt,sinks
morgige,tomorrow
energien,energies
tönen,tones
impotent,impotent
polizeisirenen,police sirens
quill,quill
mordfälle,murders
houdini,Houdini
kulisse,backdrop
mundharmonika,harmonica
maschinengewehre,machine guns
zauberkraft,magic power
anbeginn,beginning
verfangen,entangle
borden,border
symbionten,symbionts
gedämpfte,subdued
blutzucker,blood sugar
mcnulty,mcnulty
bräuche,needs
sonnenfinsternis,solar eclipse
vergessenheit,oblivion
margaritas,margaritas
mordnacht,murder night
patenonkel,godfather
vergeudest,you waste
skynet,skynet
dienstlich,official
gerd,Gerd
strippen,strip
ägyptische,Egyptian
motte,moth
fragezeichen,question mark
rennstrecke,race track
ellison,Ellison
invisible,invisible
perseus,Perseus
kolonisten,colonists
autofahrer,driver
bahre,stretcher
grossmutter,grandmother
möglichstes,possible
vorzugehen,to proceed
gewandert,hiked
luxemburg,Luxembourg
rausgeschnitten,cut out
celine,Celine
zugetragen,reported
klemmen,clamp
schrien,screamed
waffensysteme,weapon systems
schar,char
emails,emails
jean-pierre,Jean-Pierre
leidenschaften,passions
sketch,sketch
hoshi,hoshi
samuels,Samuel's
rolex,Rolex
windelweich,diaper-soft
zuwenden,turn
herankommen,approach
sgc,sgc
bestatter,undertaker
relais,relay
cardiff,Cardiff
schlingel,rascal
meckert,complains
schlauen,clever
flüche,curses
annäherung,approach
ausverkauf,sale
morrow,morrow
rings,rings
anatomy,anatomy
christoph,Christoph
respektierst,do you respect
ruinierte,ruined
wohlfahrt,welfare
frenchy,frenchy
mädchenname,girl's name
umtauschen,exchange 
dichtmachen,seal
jegliches,any
ramses,Ramses
abscheulichen,abhorrent
raubtiere,predators
newport,newport
ladenbesitzer,shop owner
umzukehren,to reverse
tieres,animals
tumult,tumult
eintausend,one thousand
sterbende,dying
verloben,get engaged
belagert,besieged
entfalten,unfold
zehntel,tenth
druiden,druids
begehre,desire
gelauscht,eavesdropped
bu,bu
arc,arc
sensor,sensor
romain,Romain
emilia,Emilia
wide,wide
inszenieren,stage
akzeptierte,accepted
clancy,clancy
geldwäsche,money laundering
wertsachen,valuables
japsen,gasp
ausreißer,outlier
vorgeladen,summoned
emmas,Emma's
anarchy,anarchy
staatsgefängnis,state prison
casablanca,Casablanca
ca,approx
bestimmst,you decide
fäusten,fists
erloschen,extinguished
einchecken,check in
jaye,Jaye
übeltäter,perpetrators
verteilung,distribution
waverly,waverly
aufrichtiges,sincere
komponenten,components
lesung,reading
diggle,diggle
raines,raines
dempsey,dempsey
swann,Swann
aufzuwachsen,growing up
jr.,jr.
feuerball,fireball
autopilot,autopilot
barnum,barnum
überlistet,outsmarted
verdienste,merits
verstörend,disturbing
schaltkreise,circuits
rhode,rhode
straight,straight
heißesten,hottest
pünktlichkeit,punctuality
dynamik,dynamics
schlafsaal,dormitory
verweht,blown away
knochenmark,bone marrow
dokumentieren,document
enttäuschst,disappointed
hub,hub
häusliche,domestic
ködern,bait
flugzeugs,aircraft
sub,sub
unterirdisch,underground
elvira,Elvira
genagelt,nailed
universal,universal
egoist,egoist
preisgeld,prize money
gelehrten,scholars
definiere,define
unerlaubt,unauthorized
ausgetrunken,drunk up
dresden,Dresden
a.j.,a.j.
absperren,lock up
gia,gia
fliegender,flying
valencia,Valencia
lahmen,paralyze
absicherung,security
oftmals,often
pfiffe,whistles
gekniffen,pinched
ballard,ballard
orchideen,orchids
chino,chino
rausgeben,release
early,early
engländerin,Englishwoman
rausgebracht,released
triaden,triads
dingsbums,thingamajig
lebendiges,living
begreif,understand
gründliche,thorough
schrumpfen,shrink
juliana,Juliana
königlicher,royal
dooley,dooley
ausreißen,tear out
sterblicher,mortal
reifenspuren,tire tracks
grille,grill
frierst,You're freezing
barksdale,Barksdale
potts,potts
edelsteine,gemstones
opie,opia
sturer,stubborn
nordamerika,North America
gründung,foundation
fake,fake
bombenleger,bomber
nordosten,northeast
riverside,riverside
sonnencreme,sunscreen
besichtigung,sightseeing
stillgelegt,decommissioned
bora,Bora
zahlreichen,numerous
cleopatra,Cleopatra
opferte,sacrificed
erlass,decree
watt,watt
verlernt,forgotten
schubst,pushes
lampenfieber,stage fright
atf,atf
untersteht,is subject
deutliche,clear
kleidet,clothes
beträchtliche,considerable
reibungslos,Smoothly
fliesen,tiles
pelzmantel,fur coat
shot,shot
codewort,codeword
brenn,burn
mats,mats
eintraf,arrived
vale,vale
gulden,gulden
tollsten,greatest
grundsatz,principle
prärie,prairie
passagieren,passengers
dehydriert,dehydrated
giftigen,toxic
dna-test,DNA test
allerlei,all sorts
blonder,blond
heizen,heat
panische,panic
flipper,pinball
mumbai,Mumbai
verhandle,negotiate
liebesbriefe,love letters
abscheu,disgust
crewe,crewe
transaktionen,transactions
sorgfalt,care
einzurichten,to set up
verkünde,announce
ausübung,exercise
hungrigen,hungry
else,else
kanadische,Canadian
betrachtete,considered
ausbringen,apply
dornen,thorns
mcnally,mcnally
zahnspange,braces
trainierte,trained
khalid,Khalid
sieges,victory
mathis,mathis
einfiel,I thought
stünden,would be
ignorant,ignorant
bewache,guard
col.,col.
wiley,Wiley
sancho,sancho
paten,godparents
furzt,farts
doofen,stupid
rupien,rupees
heimkommt,comes home
getaucht,submerged
probierst,try
ehesten,most likely
beeindruckender,impressive
sozialhilfe,social assistance
phönix,Phoenix
injizieren,inject
crunch,crunch
absprache,agreement
unzähligen,countless
verschlüsselung,encryption
camping,camping
tratschen,gossip
hereingekommen,come in
asiatischen,Asian
spann,tension
stoßstange,bumper
gesellschaftliche,social
freiheitsstatue,Statue of Liberty
lehnst,lean
dolls,dolls
trinkspruch,drinking toast
lamb,lamb
schläuche,hoses
bemerke,note
importiert,imported
tauschte,exchanged
totenschein,death certificate
gähnt,yawns
analysen,analyses
gelenkt,guided
sperrgebiet,restricted area
chrissy,Chrissy
dancer,dancer
christin,Christine
codename,codename
shapiro,shapiro
kürzeren,shorter
expandieren,expand
hingekommen,arrived
leichtigkeit,ease
täters,perpetrators
delaware,Delaware
wil,will
juri,juri
berechtigte,justified
atombomben,atomic bombs
geschoss,shot
gebrochener,broken
detailliert,detailed
zuwider,contrary
duval,duval
erdenkliche,conceivable
ausspucken,spit
banal,banal
38er,38
gehege,enclosure
angewidert,disgusted
besänftigen,appease
schlafende,sleeping
zivil,civil
odile,Odile
unheilbar,incurable
liberalen,liberal
mass,mass
kombinieren,combine
projektor,projector
prominenten,prominent
magistrat,magistrate
hinfliegen,fly there
hauptverdächtige,main suspect
süleyman,Suleiman
drumherum,all around
conde,conde
bagels,bagels
globe,globe
ripped,ripped
umgesetzt,implemented
found,found
stunts,stunts
quälst,torment
zivilen,civilian
überschwemmt,flooded
verhafteten,arrested
kompensieren,compensate
stifler,Stifler
spatzen,sparrows
reinwaschen,Wash clean
fairness,fairness
wiederbelebt,revived
olivenöl,olive oil
stasi,Stasi
kamp,camp
verbannung,exile
sommerhaus,summer house
motten,moths
sonnabend,Saturday
sacha,Sacha
äste,branches
vergöttert,idolized
nachgelassen,decreased
einsames,lonely
flüssigkeiten,liquids
mako,mako
howell,howell
achilles,Achilles
leitest,lead
begnügen,be content
weltfrieden,world peace
gebügelt,ironed
betraf,concerned
schlüsselbein,collarbone
entsetzen,horror
gareth,gareth
radiosender,radio station
falte,fold
schleppe,train
lilien,lilies
sonar,sonar
mitsamt,including
albernes,silly
klingone,Klingon
verscheuchen,scare away
beef,beef
chinas,China's
runternehmen,down
überdrüssig,tired
zurückbringt,returns
heimlichen,secret
entlasse,dismiss
befleckt,stained
hochachtung,Respect
themse,thems
sonderangebot,special offer
runterziehen,pull down
gestürmt,stormed
rosenberg,Rosenberg
stephens,Stephens
prachtstück,magnificent piece
voraussagen,predict
celsius,Celsius
kerstin,Kerstin
lebensretter,lifesaver
assad,Assad
vertieft,deepened
wahnsinns,insane
lämmer,lambs
plausibel,plausible
eishockey,ice hockey
prüde,prudish
shredder,shredder
frauenheld,womanizer
londons,London's
leistest,do
anwohner,residents
wett,bet
wichita,wichita
nutzlosen,useless
verzehren,consume
briefing,briefing
rückenschmerzen,back pain
pluto,Pluto
verkrochen,hidden
stammelt,stammers
ravi,ravi
auspeitschen,whipping
creed,creed
augenbinde,blindfold
one-night-stand,one-night stand
schmeckte,tasted
osaka,Osaka
bong,bong
tags,tags
osama,Osama
nachos,nachos
yourself,yourself
anstrengenden,strenuous
verbarg,hidden
harmloser,harmless
lacy,lacy
russin,Russian
hochgenommen,picked up
kribbeln,tingle
krippe,crib
glorreiche,glorious
pia,pia
sparta,Sparta
herumführen,guide around
beuge,bend
geistreich,witty
räche,revenge
arlington,arlington
m-hm,m-hm
übst,practice
nordwesten,northwest
schüttet,pours
entsprechenden,corresponding
weiterkommen,to continue
schwertern,swords
fa,fa
boxt,boxing
ausgetragen,held
ipod,iPod
laguerta,laguerta
unbeliebt,unpopular
belgier,Belgian
armbänder,bracelets
rettungsteam,rescue team
hering,herring
schlachthaus,slaughterhouse
königreiche,kingdoms
attraktion,attraction
zugesetzt,added
prüf,check
fotografien,photographs
schreckens,horror
versicherte,insured
oil,oil
reportern,reporters
gleichgültigkeit,indifference
beschuldigst,accuses
mosby,Mosby
fidel,cheerful
neandertaler,Neanderthals
rudert,rows
jumbo,jumbo
roper,roper
reserven,reserves
hingetan,done
strategien,strategies
spaßvogel,joker
übermäßig,excessive
undankbarer,ungrateful
karas,Karas
schusswechsel,exchange of gunfire
circle,circle
vielem,many things
thierry,Thierry
gegoogelt,googled
deutete,indicated
umgegangen,dealt with
ausspielen,play
sägen,saw
emmy,Emmy
zola,Zola
dilaurentis,dilaurentis
markham,Markham
frisiert,hairstyle
kontaminiert,contaminated
abgeschafft,abolished
breeland,Breeland
vamos,vamos
begierig,eager
running,running
ratgeber,counselor
sports,sports
eingestürzt,collapsed
goose,goose
kompliziertes,complicated
märkte,markets
spielern,players
flugtickets,flight tickets
phryne,phryne
qualvoll,agonizing
disko,disco
auflöst,dissolves
exotisch,exotic
soziopath,sociopath
desert,desert
soso,so so
iggy,iggy
fummel,fumble
einwickeln,wrap
waschraum,washroom
birch,birch
ebbe,ebb
stinke,stinks
schälen,peel
wanderung,hiking
schatulle,casket
einlädt,invites
vorhabt,intends
perücken,wigs
magnum,magnum
klicks,clicks
bewaffnen,arm
myron,myron
comet,comet
mille,mille
säugling,infant
flüchtiger,fugitive
pfeifer,piper
leistete,provided
absolution,absolution
tampons,tampons
scheußliche,hideous
stripper,stripper
typhus,typhus
calais,Calais
rigsby,Rigsby
gerollt,rolled
gealtert,aged
vergewaltigte,raped
umgebaut,rebuilt
doktorarbeit,doctoral thesis
verbrauchen,consume
bistro,bistro
ergreifend,moving
jeweiligen,each
demokratischen,democratic
sechzig,sixty
campingplatz,campsite
tierchen,little creatures
meier,meier
aufzureißen,to tear
landon,landon
oger,oger
osiris,osiris
aufgekreuzt,turned up
watch,watch
cupcake,cupcake
gemieden,avoided
crowder,crowd
aufpasse,be careful
passagierliste,passenger list
eingelocht,locked up
irwin,Irwin
grenzenlos,limitless
lourdes,Lourdes
orientalische,oriental
legendär,legendary
konservativ,conservative
trauere,mourn
erstklassiger,first-class
cup,cup
krumme,crooked
ängstigen,frighten
glühbirnen,light bulbs
anlügst,lie
vicodin,vicodin
liebtest,loved
mülltonnen,garbage cans
auszubrechen,to break out
barren,bars
karel,Karel
keil,wedge
andrei,andrei
witzen,jokes
leary,Leary
knirps,tot
rüben,turnips
zahnschmerzen,toothache
männliches,male
orgasmen,orgasms
obszön,obscene
postiert,posted
wiedervereinigung,reunion
keane,keane
herausgekommen,came out
navigation,navigation
ablenkungen,distractions
konserven,canned goods
rausgeht,goes out
heimgekommen,came home
bergman,Bergman
chronicle,chronicle
runterfahren,shut down
verspürt,felt
korrespondenz,correspondence
dunphy,Dunphy
einbuchten,book
schuß,shot
dieu,dieu
keyes,keyes
lasset,let
kommunion,communion
elektrisch,electric
dum,dum
abschiedskuss,farewell kiss
wissenschaftlicher,scientific
marker,marker
fertigen,manufacture
gerechter,fair
lichtern,lights
getankt,refueled
ratsam,advisable
hiv,HIV
beschämen,shame
marcellus,Marcellus
jean-claude,Jean-Claude
raumfahrt,space travel
ferienhaus,holiday home
alexei,Alexei
stevenson,Stevenson
erklingen,sound
bestimmter,certain
eigensinnig,stubborn
durchmache,going through
möwe,gull
durchnässt,soaked
grundregeln,basic rules
empfahl,recommended
carina,Carina
rind,beef
leidenschaftliche,passionate
umzingeln,surround
zugetan,devoted
heimatwelt,home world
bienenstock,beehive
verwechselst,confuses
glühwürmchen,fireflies
teint,complexion
corky,corky
drahtzieher,mastermind
sesshaft,sedentary
jörg,Jörg
berichterstattung,reporting
cady,Cady
überreicht,presented
durchgesetzt,enforced
gebeichtet,confessed
leeds,Leeds
vierteldollar,quarter
fliehe,flee
testosteron,testosterone
mitnimmst,you take with you
klacks,glob
folgender,the following
begegne,encounter
drastisch,drastic
nebenzimmer,adjoining room
sahara,Sahara
gaumen,palate
twain,Twain
fae,fae
hervorragenden,excellent
spray,spray
kannste,can
kellys,Kelly's
damaligen,then
aron,aron
deponiert,deposited
botwin,Botwin
ekstase,ecstasy
raupe,caterpillar
kruger,Kruger
pforte,gate
umschreiben,rewrite
kopfes,head
taylors,Taylor's
grässlichen,gruesome
garnelen,shrimp
tschetschenien,Chechnya
zurücklegen,put back
stopfe,stuffing
angemessenen,appropriate
durchbohrt,pierced
gesichts,facial
strikte,strict
triebe,shoots
signalton,signal tone
hühnerstall,chicken coop
scarlet,scarlet
entgegennehmen,receive
seidenen,silk
hergeführt,led
kevins,Kevin's
schalen,peel
staatsanwalts,prosecutor
rap,rap
cholesterin,cholesterol
verficktes,fucking
stinkreich,filthy rich
rovere,Rovere
anka,Anka
nope,nope
beiwohnen,attend
irdische,earthly
beulen,dents
aufstände,uprisings
delores,delores
fanfaren,fanfares
hochhaus,skyscraper
pfau,peacock
schott,Schott
nashville,Nashville
keaton,Keaton
parkett,parquet
drohten,threatened
entrissen,torn away
zuordnen,assign
mothra,mothra
gemeinden,municipalities
nachhelfen,help
höchstgeschwindigkeit,top speed
kriegsrecht,martial law
polizeischutz,police protection
grizzly,grizzly
vorgeschmack,preview
körperteil,body part
spargel,asparagus
polizeiwagen,police car
smithers,Smithers
schulhof,schoolyard
does,does
geladene,loaded
nervosität,nervousness
biegt,bends
patrice,patrice
mamis,moms
schwillt,swells
zimmers,room
typisches,typical
schöneren,more beautiful
unnötigen,unnecessary
ausgehandelt,negotiated
spuk,haunting
noblen,noble
rattern,rattle
ausgebildete,trained
verdie,earnings
diskriminierung,discrimination
geschehnisse,events
bestimmungen,provisions
sammelst,collect
schmuggel,smuggling
wasserstoff,hydrogen
retro,retro
chefingenieur,chief engineer
schlimmeren,worse
noelle,Noelle
sternenbasis,starbase
waffenkammer,armory
bent,bent
kongressabgeordneter,congressman
apache,Apache
kontaktierte,contacted
u-boote,submarines
abspringen,jump
unausstehlich,unbearable
gekennzeichnet,marked
kaut,chews
unit,unit
ablösung,replacement
verletzend,hurtful
hombre,man
abs,abs
commodore,Commodore
tunneln,tunnels
krabbe,crab
befragungen,surveys
gefangenenlager,prisoner camp
mascha,Mascha
dürfe,may
überfällt,attacks
nerys,nerys
schulz,Schulz
indian,Indian
herzogs,duke
verscheucht,scared away
marsianer,Martians
flush,Flush
market,market
nachgeschaut,checked
bischen,a little
feierliche,festive
endspiel,final
plünderer,marauder
abreibung,abrasion
filmst,film
fairchild,fairchild
gandalf,Gandalf
beschäftigte,employed
prüfte,checked
maskell,maskell
trödeln,dawdle
modernes,modern
manuelle,manual
zerschnitten,cut up
geschmeidig,supple
füsse,feet
säuft,drinks
beständig,resistant
bandagen,bandages
fokussiert,focused
strahlende,radiant
fügte,added
magnolia,magnolia
simba,Simba
dödel,dödel
entsetzliche,horrific
bind,bind
altmodischen,old-fashioned
ritten,rode
gesellschaften,societies
schreitet,steps
tania,tania
cbs,cbs
anteilnahme,condolences
hausbesuche,home visits
kabul,Kabul
human,human
ahnungslos,unsuspecting
train,train
garner,garner
ungeschoren,unshorn
brannten,burned
weißbrot,white bread
keats,keats
wettet,bet
rooney,rooney
drogentest,drug test
urwald,jungle
berühmtesten,most famous
aufzuhängen,to hang
ausgewechselt,replaced
unbegreiflich,incomprehensible
kriminelles,criminal
horton,Horton
lights,lights
hungersnot,famine
anzapfen,tap
schwierigkeit,difficulty
sandrine,Sandrine
indirekt,indirect
dröhnt,roaring
seher,seer
klingonischen,Klingon
alleinerziehende,single parents
holde,lovely
gebrüllt,roared
scheidungspapiere,divorce papers
vorlaut,cheeky
noir,noir
verspeisen,eat
matratzen,mattresses
ausgehend,starting
einzugreifen,to intervene
fürchterlichen,terrible
verduften,evaporate
pilatus,Pilatus
tiefgarage,underground parking garage
radioaktive,radioactive
nanntest,you called
häuten,skinning
dinnerparty,dinner party
maurer,bricklayer
bernhard,Bernhard
danton,Danton
armseliger,pathetic
myka,myka
tricorder,tricorder
schulbus,School bus
unterbreiten,submit
stefanie,Stefanie
unangenehmen,unpleasant
zurücklehnen,lean back
neurotisch,neurotic
shea,shea
chillen,chill
salim,Salim
bewahrte,preserved
bombay,Bombay
corbett,corbett
goodwin,goodwin
moya,moya
plunder,plunder
unfallort,accident scene
ozeane,oceans
komplizierten,complicated
würdevoll,dignified
frisbee,frisbee
füchse,foxes
kletter,climb
gewaltverbrechen,violent crime
gummibärchen,gummy bears
mercury,Mercury
schuhgröße,shoe size
lawton,Lawton
sprechende,talking
verbundenheit,connectedness
saftig,juicy
erotisch,erotic
loyaler,loyal
sudan,Sudan
scotts,Scotts
sandmann,Sandman
dehnen,stretch
gel,gel
finanzminister,finance minister
armbanduhr,wristwatch
kostbares,precious
durchsuch,search
racker,racker
r-gespräch,r-conversation
datenbanken,databases
roses,roses
wohlwollen,goodwill
schnappten,snapped
gewischt,wiped
abzuwenden,to avert
latino,Latino
selbstjustizler,vigilantes
bright,bright
brustkrebs,breast cancer
wynonna,wynonna
präpariert,prepared
goebbels,Goebbels
abstieg,descent
zuverlässige,reliable
blitzschnell,lightning fast
birmingham,Birmingham
eidesstattliche,affidavit
ryland,ryland
leningrad,Leningrad
anschließt,connects
internationales,international
gleichberechtigung,equality
innenseite,inside
anlocken,attract
zurückfallen,fall behind
vermählung,marriage
gebeugt,bent
tough,tough
kammern,chambers
beantwortest,answer
coburn,coburn
erfahrenen,experienced
coast,coast
gehoben,upscale
verlogener,deceitful
klopfst,knock
sehenswürdigkeiten,sightseeing attractions
pettersson,pettersson
kidnappen,kidnap
schwierigsten,most difficult
riesenspaß,great fun
schmeckst,taste
verholfen,helped
projekts,project
dodgers,Dodgers
entferntes,distant
gustave,Gustave
fleckchen,little spot
abgelegenen,remote
gelüftet,ventilated
plädoyer,plea
brauen,brew
weißem,white
ger,ger
hooper,hooper
fändest,would you find
kode,code
empfangsdame,receptionist
gesuch,request
doppelmord,double murder
abgewendet,averted
verkürzen,shorten
abenteuern,adventures
lockte,lured
fragtest,you asked
zwillingsschwester,twin sister
jaa,yes
abgefuckt,fucked up
jonglieren,juggle
waffenlager,weapons depot
mögest,may
überschreitet,exceeds
parameter,parameter
gletscher,glacier
strände,beaches
schweigst,you remain silent
aal,eel
frederic,Frederic
dienstaufsicht,supervisory authority
notausgang,emergency exit
gutaussehender,handsome
fabio,fabio
voila,Voila!
landeplatz,landing site
heranzukommen,to approach
mavis,mavis
wahllos,randomly
blühende,blooming
mackey,Mackey
personenschutz,personal protection
zweikampf,duel
auspuff,exhaust
neigungen,inclinations
huntington,huntington
meryl,meryl
dumbledore,Dumbledore
anmerkungen,notes
vordermann,frontman
rächer,avenger
pflaume,plum
längen,lengths
nähme,take
woll,well
strategisch,strategically
reifenquietschen,tire squeal
einbringt,brings
quint,quint
stoffwechsel,metabolism
reinzugehen,to go in
parole,parole
energy,energy
zerbrich,break
hergerichtet,prepared
auszuüben,to exercise
macleish,macleish
dramatischen,dramatic
unverwundbar,invulnerable
ereignete,happened
tippt,types
gewissens,conscience
gestaltwandler,shapeshifter
verdrücken,suppress
hazard,hazard
mithören,listen in
verhaftete,arrested
aufregenden,exciting
faschist,fascist
überlegenheit,superiority
musketier,musketeer
schatzkammer,treasury
strumpfhose,tights
begegnungen,encounters
schleusen,locks
dyson,Dyson
romans,novels
kronleuchter,chandelier
hashtag,hashtag
brautkleid,wedding dress
bobbie,bobbie
verstellt,adjusted
pein,pain
spannt,tenses
beowulf,Beowulf
senora,senora
vermasselst,you messed up
übersät,littered
werken,works
zerfressen,corroded
billings,Billings
eisberg,iceberg
sprechstunde,consultation
aperitif,aperitif
quieken,squeaking
selbstmörder,suicide
weltweite,worldwide
adèle,adèle
flotten,fleets
priscilla,Priscilla
schwenken,sway
kokon,cocoon
zaubersprüche,magic spells
gedenke,remember
tov,tov
durchquert,traversed
hex,hex
würdiger,worthy
verhaltet,behaves
ausziehe,move out
hochklettern,climb up
robust,robust
ehrenvoll,honorable
simulieren,simulate
bombenanschlag,bomb attack
gräbern,graves
ordne,order
türke,Turk
vordere,front
karnickel,rabbit
belgrad,Belgrade
dona,dona
verbandszeug,bandages
annimmst,accept
beschädigte,damaged
speise,food
winke,wave
rosenkranz,rosary
verkehrsunfall,traffic accident
schwarzem,black
einbeziehen,include
heimzuzahlen,to pay back
schönheiten,beauties
wechselst,switch
sphäre,sphere
vielfalt,diversity
derby,derby
landei,country bumpkin
zerkratzt,scratched
gewünschte,desired
modenschau,fashion show
inkognito,incognito
zusammenstoß,collision
todesopfer,fatalities
mixen,mix
backt,bakes
klischees,clichés
blanchard,Blanchard
bereitwillig,willing
auszugleichen,to compensate
projekten,projects
aquaman,Aquaman
jüdischer,Jewish
interface,interface
ausspionieren,spying
auffrischen,refresh
legalen,legal
königliches,royal
wiederaufbau,reconstruction
vorbeikam,passed by
überresten,remains
mobil,mobile
drecksäcke,scumbags
viertes,fourth
mordanklage,murder charge
cory,cory
schwertkämpfer,swordsman
überließ,left
unterbricht,interrupts
zutrifft,is true
bube,boy
reinfallen,fall for it
verschaffte,provided
erfolgte,took
verwundert,surprised
gebar,gave birth
hingewiesen,pointed out
lauer,lurker
militärischer,military
rashid,rashid
roderick,Roderick
gelobte,praised
ankläger,prosecutor
gemächer,chambers
nachgegangen,investigated
echtem,genuine
musikalische,musical
bildete,formed
pulsadern,pulse points
vermöbeln,beat up
eingänge,entrances
verdauung,digestion
hingehöre,where do they belong?
marlon,Marlon
nola,nola
verstimmt,out of tune
vorzuwerfen,to accuse
sogleich,immediately
jimi,Jimi
schwärmt,raves
säuberung,cleaning
hexenjagd,witch hunt
steuererklärung,tax return
entschädigen,compensate
dirigent,conductor
barbier,barber
nordafrika,North Africa
caro,caro
lügendetektortest,lie detector test
ausgespuckt,spat out
reichst,do
praktischen,practical
herauszukommen,to get out
sure,sure
auferlegt,imposed
soziales,social
aufregendste,most exciting
einflussreiche,influential
drängte,urged
darth,Darth
dantes,Dantes
homosexuellen,homosexual
homosexualität,homosexuality
knirschen,crunch
treffens,meeting
ryo,ryo
exfreundin,ex girlfriend
edelmann,nobleman
damaskus,Damascus
interpretiert,interpreted
gerichtsverhandlung,court hearing
locksley,Locksley
liebevoller,loving
ausflüge,excursions
huber,huber
vorhatten,planned
anschalten,turn on
curzon,curzon
bürokraten,bureaucrats
ministerpräsident,Prime Minister
idris,idris
praktikant,intern
hilferuf,SOS
yolanda,yolanda
zugeschaut,watched
paxton,Paxton
anziehe,put on
großmama,grandma
geknutscht,kissed
frecher,cheeky
esmeralda,Esmeralda
verstummen,fall silent
helsing,Helsing
alleinige,sole
glasgow,Glasgow
geländewagen,SUV
chopin,Chopin
view,view
mutant,mutant
rechtsabteilung,legal department
ressler,ressler
tyrone,Tyrone
schleppte,dragged
oberstleutnant,lieutenant colonel
weggeschmissen,thrown away
hörnern,horns
henriette,Henriette
meeresgrund,seabed
aufgeschmissen,screwed
mild,mild
bestückt,equipped
hausen,house
widmung,dedication
freihalten,keep free
gendarm,gendarme
duften,smell
spiritus,spirit
gefüllte,filled
terrance,Terrance
vorige,previous
class,class
weissen,white
milchshake,milkshake
delhi,Delhi
priesterin,priestess
hatice,hatice
bescheuerter,stupid
dreifachen,triple
latinos,Latinos
vermählt,married
zwangsjacke,straitjacket
besagten,said
rune,rune
johnston,johnston
staatspolizei,state police
shep,shep
gottlosen,godless
bajoranischen,Bajoran
vincenzo,Vincenzo
croissants,croissants
weitermacht,continues
hitomi,hitomi
epoche,epoch
kelzi,kelzi
glücksfall,stroke of luck
babi,baby
anging,approach
spirale,spiral
ausgestoßen,ejected
verstaut,stowed away
wiederbelebung,resuscitation
kauderwelsch,gibberish
blutergüsse,bruises
rückfällig,relapse
andeutungen,hints
motels,motels
verpacken,pack
exzellenter,excellent
cummings,cummings
männerstimme,male voice
wichtigtuer,self-important
rowena,rowena
waterloo,Waterloo
auftauchten,appeared
ansammlung,collection
hinblick,with regard to
keim,germ
warteschleife,waiting loop
wehrte,resisted
zeiger,pointer
welles,wells
guillermo,Guillermo
zeitlupe,slow motion
notiere,note
generaldirektor,director general
abschrecken,deter
witziges,funny
kreist,circles
archäologen,archaeologists
valentin,valentine
gefischt,fished
reizvoll,attractive
pfefferminz,peppermint
enttäuschungen,disappointments
hufeisen,horseshoe
berechne,calculate
unvermeidbar,unavoidable
speisekammer,pantry
bypass,bypass
grober,coarse
peinlichen,embarrassing
schwiegereltern,in-laws
schließung,closure
fotografiere,photograph
kolben,pistons
senioren,seniors
luftröhre,windpipe
unglaubwürdig,unbelievable
drummer,drummer
puppenspieler,puppeteer
erics,Erics
zahlten,paid
entbehrlich,dispensable
gegenüberstellung,comparison
benebelt,dazed
athlet,athlete
gemordet,murdered
kriegs,war
degradiert,demoted
anmutig,graceful
hooky81,hooky81
erstickte,suffocated
anbelangt,as regards
nor,nor
analytiker,analyst
hecht,pike
vereinigte,united
heißem,hot
traumfrau,dream woman
wenigkeit,little
rentier,reindeer
anspielungen,allusions
egoistischer,selfish
worth,worth
grossvater,grandfather
woah,whoa
dmitri,Dmitri
laus,louse
pianist,pianist
hinken,limp
gestein,rock
anschaust,look
geringen,low
graffiti,graffiti
gredenko,grenko
elendes,miserable
wußtest,did you know
lira,lira
bewegten,moved
körpersprache,body language
fertigzumachen,to finish
büschen,bushes
muhen,low
kürzungen,reductions
halsschlagader,carotid artery
meadows,meadows
tris,tris
gebratene,fried
grundsätze,principles
insassin,inmate
bootshaus,boathouse
talenten,talents
knüpfen,tie
zaster,cash
tiberius,Tiberius
bitches,bitches
kriech,crawl
grabt,digs
ausfall,failure
schleiche,sneak
petey,petey
haftbefehle,arrest warrants
mistress,mistress
germain,Germain
pflaumen,plums
blackjack,blackjack
mckenzie,McKenzie
umsteigen,transfer
dumpfe,dull
durchsichtig,transparent
sozialismus,socialism
schlumpfine,Smurfette
shiro,Shiro
uterus,uterus
spiegelt,reflects
jetzige,current
nahrungskette,food chain
vollzählig,all present and accounted for
bah,bah
schulglocke,school bell
rosewood,rosewood
erleidet,suffers
verunglückt,accident
begleiterin,companion
babette,babette
ausflüchte,excuses
auszuweichen,to avoid
stolpert,stumbles
southern,southern
edinburgh,Edinburgh
bergauf,uphill
fogg,fogg
inständig,earnestly
arbeitslose,unemployed
hands,hands
fortgeschrittene,advanced
aufbaut,builds
mündel,ward
kiffer,stoners
chinesin,Chinese woman
untertan,subject
sense,sense
aberjetzt,but now
because,because
schönheitssalon,beauty salon
kollision,collision
unehrenhaft,dishonorable
rauszubringen,to release
blümchen,little flowers
gefördert,funded
rechtlichen,legal
enkeln,grandchildren
sister,sister
caruso,Caruso
erledigte,completed
qiu,qiu
beklauen,to steal
schmecke,taste
bunten,colorful
olymp,Olympus
skulpturen,sculptures
salomon,Solomon
aufgespießt,impaled
sicherheitsstufe,security level
british,British
herausstellen,highlight
technischer,technical
astor,Astor
geduldet,tolerated
raster,grid
verdammen,condemn
lästige,annoying
valentino,Valentino
bewerfen,throw
angenehmes,pleasant
umgestellt,switched
hingesetzt,sat down
kosmische,cosmic
nebenwirkung,side effect
mattie,Mattie
eintrittskarten,tickets
korsett,corset
killian,killian
mächten,powers
dialyse,dialysis
unergründlich,unfathomable
kämmen,comb
flight,flight
farnsworth,Farnsworth
oren,oren
keksen,cookies
reptilien,reptiles
nasir,nasir
lannister,Lannister
albrecht,Albrecht
zutun,to do
pen,pen
zwickmühle,dilemma
weiterkämpfen,keep fighting
variablen,variables
alonzo,alonzo
wimpern,eyelashes
bewährt,proven
herumfahren,drive around
hymne,anthem
überschreiben,overwrite
brittany,Brittany
léon,Léon
bücken,bend over
zumuten,to expect
gebannt,banned
regionen,regions
mette,Mette
bewies,proved
quaken,croak
dächern,roofs
kemp,Kemp
rog,rog
zusammenhängen,related
einzelzimmer,single room
erwähnung,mention
reinplatzen,burst in
amador,amador
christensen,Christensen
ladens,store
pyjamas,pajamas
montage,assembly
untergebenen,subordinates
sentimentale,sentimental
lenkst,steer
punktzahl,score
spöttisch,mocking
todkrank,terminally ill
entzwei,in two
mar,mar
paparazzi,paparazzi
lyman,lyman
kraftvoll,powerful
erdulden,endure
motorengeräusch,engine noise
proteste,protests
wandelnde,walking
unscharf,blurry
beale,beale
festgenagelt,nailed down
raue,rough
gemütlicher,cozy
überzeugender,convincing
claires,Claires
rankin,rankin
haferbrei,porridge
lächelnd,smiling
macke,quirk
stoppte,stopped
entspannter,relaxed
fotzen,cunts
dig,dig
wlan,Wi-Fi
beherbergen,accommodate
mikrofilm,microfilm
verschwörer,conspirators
angesehener,respected
prudence,prudence
jägern,hunters
chaz,chaz
ulf,ulf
tung,tung
gestärkt,strengthened
gesehnt,longed for
meyers,meyers
tagung,meeting
dänische,Danish
wäret,would be
leibes,body
burma,Burma
werbespots,commercials
ausbeutung,exploitation
corp,corp
prix,prix
corax,corax
gottheit,deity
einzigartiges,unique
gomorrha,gomorrha
wachleute,guards
hatschi,achoo!
viktoria,Victoria
step,step
kopftuch,headscarf
magenschmerzen,stomach pain
maui,Maui
animation,animation
präsidentschaft,presidency
sokrates,Socrates
geheimdienstes,intelligence service
breen,breen
erging,he went
aufzumuntern,to cheer up
manifest,manifest
deckard,Deckard
holder,holder
fugen,joints
dränge,urges
gemeinnützige,non-profit
augenzeuge,eyewitness
inferno,inferno
saxon,saxon
darwyn,Darwyn
billys,Billy's
quacksalber,quack
supermann,superman
edo,edo
verschaffe,provide
mitmachst,participate
sekretärinnen,secretaries
charlottes,Charlotte's
schärfste,sharpest
winterschlaf,hibernation
r2-d2,r2-d2
bristol,Bristol
rutschig,slippery
verknüpft,linked
gesellschaftlichen,social
alexa,Alexa
schröder,Schröder
duscht,showers
elektronisches,electronic
annahmen,assumptions
ampeln,traffic lights
violetta,violetta
cardassianische,Cardassian
zed,zed
gestreckt,stretched
gesehn,seen
dildo,dildo
robins,Robins
drehbücher,screenplays
versagst,fail
herrscherin,ruler
layla,Layla
tichy,Tichy
tollpatsch,clumsy
hausschuhe,slippers
stadtrand,outskirts
anstarrt,stares
flop,flop
biografie,biography
lei,lei
rockefeller,Rockefeller
account,account
kluft,gap
herrentoilette,men's toilet
stöcke,sticks
zeichnete,drew
hörbar,audible
gelbes,yellow
angebliche,alleged
beschleunigung,acceleration
geistlicher,clergyman
deniz,deniz
uhrwerk,clockwork
gründet,establishes
nagt,gnaws
aufmunterung,encouragement
joni,joni
spulen,wash
beleuchtet,illuminated
einmaliges,unique
carlyle,Carlyle
anzuklagen,to accuse
verlorener,lost
hubbard,Hubbard
bereichern,enrich
ausgeschieden,eliminated
kanten,edge
bedank,thank you
wahrsten,truest
kriegers,warriors
massenmörder,mass murderer
stäbchen,rod
outfits,outfits
gassen,alleys
arlo,Arlo
lunte,fuse
poole,poole
ausgezeichneten,excellent
unkosten,expenses
nahaufnahme,close-up
schwankt,fluctuates
bände,volumes
teiepathen,Partial pathologists
elinor,elinor
hochfahren,boot up
formieren,form
luden,invited
arrogante,arrogant
konvention,convention
vene,vein
doakes,doakes
ihresgleichen,their kind
hochjagen,high-pressure system
beurlaubt,on leave
aufsagen,recite
telefonanruf,phone call
drogendezernat,drug squad
garry,garry
kubanische,Cuban
cornwall,Cornwall
andie,to the
jh,jh
flache,area
vip,VIP
gattung,genus
dealt,dealt
einzuschlagen,to strike
versammelten,assembled
fleischbällchen,meatballs
ausräumen,clear out
banjo,banjo
zögerst,hesitate
engels,Engels
gegenübertreten,confront
ehelichen,marital
skinny,skinny
petit,petit
leitenden,leading
delle,delle
fleiß,diligence
marin,marine
maple,maple
alberner,silly
belangen,concern
verfault,rotten
est-ce,est-ce
ta-da,ta-da
chloroform,chloroform
othello,othello
herausfindest,find out
eklige,disgusting
vermiss,miss
aufgefangen,captured
ergo,ergo
unerbittlich,relentless
dew,dew
hort,hos
weiterzuleben,to continue living
pfadfindern,scouts
vorstellst,imagine
cicero,Cicero
beschützte,protected
nassau,Nassau
überraschende,surprising
gräben,dig
patriotismus,patriotism
edelstein,gemstone
siegreich,victorious
überwindet,overcomes
labern,chatter
ausfahren,exit
ausziehst,move out
einbruchs,burglary
herzversagen,heart failure
professorin,professor
fletch,fletch
fairfax,fairfax
bath,bath
report,report
ärschen,asses
chrissie,Chrissie
refrain,refrain
oscars,Oscars
gezeiten,tide
nominierung,nomination
badet,baths
unternimmst,undertake
praktischer,practical
buick,Buick
vernaschen,nibble
attrappe,dummy
schwächt,weakens
pick-up,pick up
liebender,loving
tickst,ticking
shack,shack
heimkehren,return home
lavendel,lavender
niederknien,kneel down
musikalisch,musical
vertagen,postpone
natalia,Natalia
wunderst,wonder
beast,beast
flammenwerfer,flamethrower
menschenfleisch,human flesh
larissa,Larissa
kandidiere,I am running for office
verfassen,write
agha,agha
sadist,sadist
bremst,brakes
druckerei,printing company
sorglos,carefree
aufzuheitern,to cheer up
notlage,emergency
vorabend,eve
nervöser,nervous
dalek,dalek
bauchnabel,navel
braven,brave
purcell,Purcell
altman,altman
professors,professors
abzubrechen,to cancel
instagram,Instagram
festnetz,landline
brillen,glasses
zählung,count
alimente,alimony
scheckbuch,checkbook
wren,wren
abrakadabra,abracadabra
präziser,more precisely
upon,upon
erreger,pathogen
posaune,trombone
schlaff,limp
abgetaucht,submerged
karrieren,careers
erstbesten,first one
anhatte,was wearing
hitzkopf,hothead
streits,disputes
arbeiterklasse,working class
geizhals,miser
nordseite,north side
erwischten,caught
rorys,Rory's
gouvernante,governess
malloy,Malloy
handgranate,hand grenade
abzusetzen,to discontinue
manticore,manticore
magnetische,magnetic
nummernschilder,license plates
überfiel,attacked
heilsarmee,Salvation Army
spült,rinses
anschrift,address
fragmente,fragments
angegangen,addressed
fantomas,fantomas
protestiert,protests
hinterließen,left behind
shaft,shaft
großzügigen,generous
hervorgerufen,caused
statur,stature
walkie-talkie,walkie-talkie
lima,lima
crosby,crosby
whit,white
multiple,multiple
runterfallen,fall
radioaktiv,radioactive
zunehmen,gain weight
beate,Beate
gerichtstermin,court date
saure,acid
kristin,Kristin
zurückkehrst,return
defensive,defensive
androiden,androids
voreinander,in front of each other
virginie,virginie
umbau,renovation
widmete,dedicated
metier,metier
lacrosse,lacrosse
dalia,dalia
naher,closer
fortuna,Fortuna
brando,Brando
diktieren,dictate
widerstands,resistance
igel,hedgehog
vorbildlich,exemplary
quincy,quincy
rawls,rawls
kampfgeräusche,sounds of fighting
zertrümmern,smash
verwehren,refuse
unterstützte,supported
adelaide,Adelaide
ponys,ponies
stetig,constantly
belegte,documented
schlussfolgerungen,conclusions
aktiver,active
simuliert,simulated
avi,avi
umgewandelt,converted
everest,Everest
jennys,Jenny's
prophezeit,prophesied
schranken,barriers
liiert,in a relationship
gabeln,forks
spezial,special
haupttor,main gate
cougar,cougar
einnimmt,takes
michail,Mikhail
profite,profits
lassie,Lassie
hausmann,Hausmann
modifiziert,modified
shining,shining
nakamura,Nakamura
terence,Terence
schmerzes,pain
konkurs,bankruptcy
revolte,revolt
verhängnis,disaster
bürgerrechte,civil rights
einmischt,interferes
überbracht,delivered
rassisten,racists
gesaugt,vacuumed
lebensgefährlich,life-threatening
tiefste,deepest
pines,pines
teer,tar
schlüsseln,keys
frühzeitig,early
kapituliert,surrendered
christentum,Christianity
erweise,prove
unausweichlich,inevitable
heavy,heavy
kates,Kate's
ultimativen,ultimate
anbot,offer
manor,manor
zuge,trains
aorta,aorta
abtei,abbey
potenziellen,potential
rollin,rollin
durchsuchten,searched
aufrechtzuerhalten,to maintain
beendest,finish
ankommst,you arrive
dickinson,Dickinson
asia,Asia
lennon,Lennon
billionen,billions
sehnte,longed
geplante,planned
nr,no
kontonummer,account number
tinker,tinker
jer,jer
peel,peel
warnungen,warnings
gönnt,indulge
swat,swat
koje,bunk
lkw-fahrer,truck driver
fieses,nasty
maximilian,Maximilian
demokratische,democratic
gran,gran
ausrotten,eradicate
brice,brice
blutete,bled
derzeitige,current
ureinwohner,native
geschrumpft,shrunken
holm,holm
nachforschen,investigate
wirres,incoherent
hellwach,wide awake
anklagepunkte,charges
möbeln,furniture
any,any
blindgänger,duds
ausrufen,exclaim
reinkomme,come in
kojote,coyote
papierkorb,wastebasket
zusammenkunft,meeting
schlimmstenfalls,worst case
oaks,oaks
schwänzt,skips
bleiche,bleach
kommune,commune
metaphern,metaphors
dienstplan,duty roster
jakes,Jakes
sansa,sansa
lämmchen,lamb
looking,looking
irres,crazy
gefängnissen,prisons
tata,tata
tagt,meets
ausgerufen,proclaimed
geschaltet,switched
erstreckt,extends
wirtschaftliche,economic
umschläge,envelopes
schmiergeld,bribe
anstellst,you
isolde,isolde
gazelle,gazelle
peralta,peralta
ayla,ayla
gebongt,booked
abenden,evenings
schlägereien,fights
adressbuch,directory
geschiedene,divorced
ballsaal,ballroom
forderst,demand
armando,Armando
unterirdische,underground
trostlos,bleak
unwirklich,unreal
abstechen,stab
ganges,Ganges
bergwerk,mine
bewerbungen,applications
gewürgt,choked
bekenne,confess
doppelleben,double life
bridger,bridger
prentiss,prentiss
yuji,yuji
rauszuhalten,to be kept out
pasadena,Pasadena
räumst,clear
vergleicht,compares
volvo,Volvo
geschätzten,estimated
gerätst,get
potentiellen,potential
rennens,race
aloha,aloha
assistenzärzte,resident physicians
gefertigt,manufactured
unwissend,ignorant
abgelegen,remote
pronto,pronto
teheran,Tehran
sox,sox
optimal,optimal
handschuhen,gloves
symphonie,symphony
killt,kills
tuberkulose,tuberculosis
corbin,corbin
institute,institute
erstaunliches,amazing
postkutsche,stagecoach
löhne,wages
trockenes,dry
jukebox,jukebox
duldet,tolerates
überbieten,outbid
auftauche,appear
einsatzkommando,task force
einschränkungen,restrictions
reizbar,irritable
klugheit,wisdom
goldes,gold
bettes,betes
eindrücke,impressions
zeugenschutz,witness protection
perser,Persian
herzklopfen,heart palpitations
hasta,hasta
berauscht,intoxicated
erstaunlichen,amazing
citizen,citizen
prächtigen,magnificent
irischer,Irish
impfen,vaccinate
demonstriert,demonstrated
leerem,empty
dooku,dooku
barabbas,Barabbas
begleitete,accompanied
akute,acute
colbert,Colbert
overall,Overall
sozialer,social
verdopple,double
plastiktüte,plastic bag
betreibe,operate
groves,groves
waffenruhe,ceasefire
guys,guys
krimi,crime
ilja,Ilja
sayonara,sayonara
vermählen,to marry
deckst,cover
wrong,wrong
optische,optical
räubern,robbers
kürzester,shortest
mayfair,Mayfair
rebbekah,rebbekah
nashorn,rhino
unheimliches,eerie
barbarisch,barbaric
bello,bello
gerinnsel,clot
eintauchen,immerse
werfer,thrower
neurologische,neurological
vorzunehmen,to do
fuentes,fuentes
kapazität,capacity
beschwerst,complain
wascht,washes
wickel,wrap
comes,comes
dandy,dandy
zwingend,mandatory
unterzubringen,to accommodate
giacomo,Giacomo
richardson,richardson
duo,duo
angewohnheiten,habits
qué,qué
zusatz,additional
daniela,Daniela
blutiger,bloody
biere,beers
cable,cable
übernehm,take over
unregelmäßig,irregular
grigori,Grigori
zugezogen,moved
beaufsichtigen,supervise
beckman,beckman
weihen,consecrate
chr.,Christian
melodien,melodies
austeilen,distribute
lothar,Lothar
dräng,urge
erblickt,seen
standards,standards
unheimlichen,eerie
vorbeikomme,come by
wickelt,wraps
steves,steves
ev,ev
tätest,would
andres,andres
verschon,spare
donaldson,Donaldson
überwachungsvideos,surveillance videos
tres,tres
schwachsinnig,moronic
enkeltochter,granddaughter
bootsmann,boatswain
vorhut,vanguard
wohlbehalten,safe and sound
fußfessel,ankle cuff
durchschaue,see through it
presley,Presley
hilflose,helpless
kassiererin,cashier
beabsichtigen,intend
pour,pour
lonely,lonely
nutzloser,useless
schnurrt,purrs
militärpolizei,military police
löschte,deleted
galavan,galavan
intelligentes,intelligent
raketenwerfer,rocket launcher
dirne,prostitute
verlorenes,lost
verschmiert,smeared
erhebliche,significant
holprig,bumpy
mysteriöser,mysterious
piste,piste
comtesse,countess
verbirgst,hide
ausnutzt,exploits
interessenten,interested parties
rapper,rapper
reflektiert,reflected
track,track
kot,dung
geldstrafe,fine
uhh,uhh
jims,Jim's
weltweiten,worldwide
daníel,Daniel
isaak,Isaac
ds,ds
endeffekt,end result
cbi,cbi
schläfe,temple
amazing,amazing
hochnäsig,haughty
navi,navigation
armleuchter,chandelier
frettchen,ferret
komitees,committees
minivan,minivan
ställe,stables
hüllen,envelopes
sprengung,blasting
stabile,stable
entern,board
aussahen,looked
ungerade,odd
galileo,galileo
bankiers,bankers
takeshi,takeshi
übern,about
anonymität,anonymity
väterchen,little father
formt,forms
undankbare,ungrateful
entferntesten,most remote
yee,yee
verträgst,can tolerate
obendrauf,on top of that
laternen,lanterns
caracas,Caracas
anzuerkennen,to acknowledge
karsten,Karsten
chf6bd15,chf6bd15
geboxt,boxed
hellsehen,clairvoyance
taser,taser
verhandelbar,negotiable
dios,dios
sprengköpfe,warheads
erntet,harvests
institutionen,institutions
morgans,Morgans
ozzy,Ozzy
überbrücken,bridge
rettungsaktion,rescue operation
barber,barber
weckruf,wake-up call
gestohlenes,stolen
nahkampf,close combat
anleihen,bonds
schimanski,Schimanski
spooner,spooner
dominus,dominus
schlümpfe,Smurfs
ungewohnt,unusual
schwachstellen,weak points
begibt,goes
zpm,zpm
round,round
kensi,Kensi
eingabe,input
chardonnay,Chardonnay
sperrte,blocked
roastbeef,roast beef
konstantinopel,Constantinople
wundersame,miraculous
holla,holla
dia,slide
ergänzen,add to
lebensraum,habitat
niederen,lower
poeten,poets
derartiges,such
spule,sink
audi,Audi
crowe,crowe
erfahrt,learn
elwood,Elwood
mittellos,destitute
clubhaus,clubhouse
bernice,Bernice
ausm,from
vee,vee
verabscheut,despised
lebensmitteln,food
kincaid,kincaid
entreißen,wrest
schütte,pour
erzfeind,archenemy
konfiszieren,confiscate
race,race
gekreuzigt,crucified
völkermord,genocide
fehlverhalten,misconduct
ersetze,replace
verschiebt,postpones
hypotheken,mortgages
ausschlagen,to fail
vorgänge,processes
ulrike,Ulrike
bezichtigt,accused
nilsson,nilsson
abbeißen,bite off
beschreibe,describe
quintus,quintus
angefallen,incurred
flugsteig,concourse
larsen,larsen
delirium,delirium
erklimmen,climb
besinnung,reflection
inaktiv,inactive
arkham,Arkham
vikar,vicar
diskutiere,discuss
verstauen,stow
liegend,lying down
managen,manage
standesamt,registry office
widert,repulses
drosseln,throttle
wehre,defense
gudrun,Gudrun
jefe,boss
feindliches,hostile
augapfel,eyeball
massagen,massages
staubig,dusty
gegebenen,given
nichten,nieces
bannister,bannister
besuchern,visitors
sindbad,Sindbad
elektrischer,electrical
didier,didier
bonsoir,bonsoir
utopia,Utopia
pssst,shhh
zonen,zones
rangegangen,answered
berühmtes,famous
dämmert,dawns
wirr,confused
kubrick,Kubrick
tempus,tempus
bene,bene
unmöglichen,impossible
genossin,comrade
gekippt,tipped
ballade,ballad
aufdrehen,turn it up
gewogen,weighed
bezwungen,defeated
schall,sound
umfassende,comprehensive
hundescheiße,dog shit
überwachungsvideo,surveillance video
verbogen,bent
shatterhand,shatterhand
zugangscode,access code
anzweifeln,doubt
their,their
labert,babbles
notre,notre
höllische,hellish
antritt,start
verde,verde
vorab,in advance
gesetzlosen,lawless
unsinnig,nonsensical
kartoffelbrei,mashed potatoes
familientradition,family tradition
butcher,butcher
fatal,fatal
payne,payne
abendmahl,communion
chamberlain,chamberlain
tigger,tigger
teamwork,teamwork
verdientes,well-deserved
barsch,perch
weltrekord,world record
norweger,Norwegian
getränkt,soaked
ldee,idea
sha,sha
polier,polisher
late,late
grammatik,grammar
eingesammelt,collected
ängstigt,frightened
vergelten,retaliate
wiederholst,repeat
aufschieben,postpone
polizeiauto,police car
heuschrecken,locusts
wolowitz,Wolowitz
ausbrach,broke out
meeresfrüchte,seafood
massiert,massage
blies,blew
veronika,Veronica
schauer,shower
loco,loco
fung,fung
toulouse,Toulouse
jetlag,jetlag
kategorien,categories
unverständlicher,incomprehensible
verwüstung,devastation
besiegten,defeated
schmerzvoll,painful
wachsende,growing
sicherheiten,guarantees
sera,sera
dossier,dossier
hawke,hawke
hepp,hepp
cartoons,cartoons
guardian,guardian
whole,whole
rückenmark,spinal cord
benito,benito
kaltmachen,cold
fahrenden,moving
taro,taro
äther,ether
savitar,savitar
fluchtplan,escape plan
familiengeschichte,family history
universen,universes
berman,Berman
orientieren,orient
formell,formally
ärmsten,poorest
schnapsladen,liquor store
scheißangst,Shitty scared
herumschnüffeln,snooping around
falltür,trapdoor
jammerlappen,Whiner
echse,lizard
suspendieren,suspend
zielort,destination
routen,routes
wai,wai
chill,chill
untertrieben,understated
asphalt,asphalt
delfino,delfino
kriegerin,warrior
libanon,Lebanon
bunch,bunch
exotischen,exotic
lian,lian
neunzehn,nineteen
freispruch,acquittal
kyoko,Kyoko
städtchen,small town
dokumentarfilm,documentary
bosco,bosco
klubs,clubs
dart,dart
gelutscht,sucked
scheuen,shy
halbtot,half dead
sodom,Sodom
agiert,acts
ähnlichkeiten,similarities
salute,salute
vorgegeben,given
atome,atoms
überladen,overloaded
anhieb,right away
jalousien,blinds
einsiedler,hermit
rotem,red
crenshaw,crenshaw
wilsons,Wilsons
piazza,piazza
widerspreche,I disagree
ueo,ueo
scheidungen,divorces
sprengsatz,explosive device
einschränken,restrict
pioniere,pioneers
algen,algae
shu,shu
erhöhten,increased
schmerzhafte,painful
hinschauen,look
aufregst,you're upset
bulldozer,bulldozer
versklavt,enslaved
zerschmettern,shatter
extremer,extreme
eingebung,inspiration
auszurichten,to align
vorzumachen,to pretend
ankomme,arrive
myles,myles
gefunkt,radioed
nerds,nerds
zeugnisse,certificates
spirituell,spiritual
spürten,felt
amys,Amy's
angemessener,appropriate
familiäre,family
außendienst,field service
konsequent,consistently
kälber,calves
fresno,Fresno
miyagi,miyagi
capitan,captain
trace,trace
frischling,newcomer
rumgelaufen,walked around
pochen,pounding
terroristin,terrorist
balthasar,Balthasar
sanderson,Sanderson
sweets,sweets
herausgerissen,torn out
achtern,aft
vermeide,avoid
kronprinz,crown prince
knistert,crackles
auslegen,lay out
freimaurer,Freemasons
asservatenkammer,evidence room
arvin,Arvin
wiederwahl,re-election
cherie,cherie
unterdrückte,suppressed
hörgerät,hearing aid
kaspar,Kaspar
python,python
jämmerlichen,miserable
schmalen,narrow
gegenüberstehen,face each other
oase,oasis
brandneuen,brand new
haften,adhere
hindeuten,indicate
abhandlung,treatise
macarthur,macarthur
arminius,Arminius
ie,ie
stadtzentrum,city ​​center
händedruck,handshake
lefty,lefty
unbehagen,discomfort
johansson,Johansson
indiskret,indiscreet
durchschlagen,break through
sphärische,spherical
nachkomme,descendant
scavo,scavo
seals,seals
intellektuell,intellectually
förderung,financial support
mariah,Mariah
claudio,Claudio
kostenloses,free
laderaum,cargo space
unterzahl,outnumber
kinderarzt,pediatrician
blum,blum
gesprächs,conversation
matter,matter
borland,Borland
unterschlagen,smuggled
soo,so
hilfsmittel,aids
nachwelt,posterity
beneidet,envied
guan,guan
einträge,entries
schluckte,swallowed
lie,lie
flippen,flip
ibrahim,Ibrahim
empfänglich,susceptible
erkenntlich,recognizable
jaz,jazz
saiten,strings
gehaltsscheck,paycheck
schnauben,snort
injektionen,injections
abfallen,fall off
andersen,other
bungalow,bungalow
brauchbares,useful
scrabble,Scrabble
ausgeschlafen,well-rested
schotte,Scotsman
golfschläger,golf clubs
hartford,Hartford
koennen,can
quick,quick
unterlaufen,undermined
strophe,verse
mountains,mountains
montague,Montague
erstklassigen,first-class
untergekommen,accommodated
genauigkeit,accuracy
pizzen,pizzas
ausgehungert,starved
giselle,Giselle
anziehst,wear
lichtschalter,light switch
vita,vita
schwerem,heavy
mitspielt,plays
streikt,strikes
gemailt,emailed
rollins,rollins
mansfield,Mansfield
renner,runner
pflichtverteidiger,court-appointed lawyer
arigold,arigold
edwina,Edwina
buchhandlung,bookstore
angehören,belong
bannon,bannon
mme,mme
eau,eau
besuchs,visit
geschwistern,siblings
zensur,censorship
junggesellenparty,bachelor party
gekappt,cut off
bäuerin,farmer's wife
transportmittel,means of transport
halbe-halbe,half-and-half
klinks,links
chat,chat
mahnung,reminder
heimsuchen,haunt
stritt,dispute
domingo,Sunday
vorherige,previous
hodges,hodges
apfelsaft,apple juice
kommunistische,communist
fußgänger,pedestrian
schräger,weirder
köstlichen,delicious
faser,fiber
platzte,burst
gelassenheit,serenity
pilzen,mushrooms
flirte,flirt
klebte,stuck
nutz,use
hansi,Hansi
pornografie,pornography
stolzes,proud
riesending,huge thing
gruseliger,creepier
allerwichtigste,most important
ironischerweise,ironically
bereicherung,enrichment
allgemeines,general
jam,jam
bauchweh,stomach ache
unentbehrlich,indispensable
simeon,simeon
wechselbalg,changeling
bowlingbahn,bowling alley
forensiker,forensic expert
nährt,nourishes
genevieve,Genevieve
scheißhaus,toilet
zirka,about
r2,r2
bestem,best
ausspannen,relax
range,range
hanni,Hanni
abgefallen,fallen off
drogerie,drugstore
ägyptischen,Egyptian
programmierer,programmer
macher,maker
pieps,beep
scheiterte,failed
moneten,dough
flying,flying
spice,spice
beschäftigter,employed
arrestzelle,Detention cell
phänomene,phenomena
besiegeln,seal
rothstein,Rothstein
hirngespinst,figment of the imagination
gleitet,glides
raumes,space
erzengel,archangel
lamar,lamar
zora,Zora
otter,otter
touché,touché
sung,sung
japanisches,Japanese
regelmäßige,regular
getrübt,clouded
excalibur,excalibur
task,task
magister,master's degree
verhältnissen,conditions
meng,meng
justice,justice
akademiker,academics
verrätern,traitors
juarez,juarez
gläsern,glass
yoshida,yoshida
gehäuse,housing
kettenreaktion,chain reaction
waits,waits
aufnahm,recording
staudamm,dam
conan,Conan
streitigkeiten,disputes
felle,furs
baal,Baal
scanne,scan
sellerie,celery
bescheißt,cheats
peitschen,whips
wickham,Wickham
prostata,prostate
diagramm,diagram
sonnigen,sunny
allez,allez
alligatoren,alligators
arbeitende,working
albaner,Albanian
nötigung,coercion
coles,Coles
frl,frl
infolge,as a result
zuges,train
dupree,dupree
vordringen,advance
gefielen,liked
erhitzt,heated
rochelle,Rochelle
charity,charity
jahrelange,years
ausarbeiten,develop
fifth,fifth
morgendämmerung,dawn
demoliert,demolished
suzaku,suzaku
aasgeier,vulture
stampfen,stamping
widmet,dedicates
überrasche,surprise
project,project
beeilst,hurry
steuerberater,tax advisor
rät,advises
abhaken,check off
abgegangen,departed
charmeur,charmer
irish,Irish
bekehren,convert
player,player
austreiben,drive out
jodie,Jodie
spielhalle,arcade
regenwald,rainforest
belanglos,irrelevant
bills,bills
kollateralschaden,collateral damage
olivers,Olivers
imitation,imitation
einschaltquoten,TV ratings
eiskalte,ice-cold
urkomisch,hilarious
ärgerst,annoys
bemerkst,notice
zurückspulen,rewind
anzuzünden,to light
begrenzten,limited
hanks,hanks
zuende,over
liebstes,dearest
graues,grey
stärkung,strengthening
garantien,guarantees
vorgefunden,found
armaturenbrett,dashboard
schwimmst,swim
studentinnen,female students
gefangennahme,capture
voice,voice
extrablatt,extra edition
wartend,waiting
dip,dip
rückspiegel,rearview mirror
vorherbestimmt,predetermined
karpfen,carp
judge,judge
sperrstunde,closing hour
monitore,monitors
tully,Tully
eddi,eddi
bluttests,blood tests
baton,baton
fraktur,fracture
alben,albums
regenten,rulers
kreuzfeuer,crossfire
wegsehen,look away
vivien,vivien
dreizack,trident
shark,shark
ausreicht,sufficient
wolkenkratzer,skyscraper
radios,radios
fingers,fingers
schiefläuft,goes wrong
ausstieg,exit
zusammenarbeitet,collaborates
subs,subs
schönling,handsome
avalon,Avalon
geldprobleme,money problems
formwandler,shapeshifter
resync,resync
ballkönigin,ball queen
medusa,Medusa
lobet,praises
ivo,ivo
ausgelaugt,exhausted
burbank,Burbank
killers,killers
kali,Kali
stickig,stuffy
mega,mega
someone,someone
arschkriecher,ass-kisser
bestrahlung,radiation
nachrichtendienst,intelligence service
brownie,brownie
abgefunden,settled
bastille,Bastille
pott,pot
yoda,Yoda
zusammenhänge,connections
bockmist,bullshit
unkompliziert,uncomplicated
jeffries,Jeffries
bildeten,formed
puma,puma
gestörte,disturbed
ankunftszeit,arrival time
plymouth,Plymouth
durchkämmt,combs through
verbesserte,improved
plattenfirma,record label
direktive,directive
nütze,use
zusammenhängt,related
eisbären,polar bears
vergesslich,forgetful
harmlosen,harmless
gebrauchte,used
empörung,indignation
sonntagmorgen,Sunday morning
kapitol,Capitol
santo,Santo
kastriert,castrated
verstöße,violations
polizeibeamte,police officers
entsinne,remember
töpfchen,potty
nötigste,essential
gremium,committee
herzliche,cordial
taff,taff
viereinhalb,four and a half
mitfühlend,compassionate
rachels,Rachel's
polizeiliche,police
geschwafel,rambling
abzuwehren,to ward off
bewohnern,residents
einzuschalten,to turn on
softitler,softitler
vie,vie
bleistifte,pencils
close,close
sterbebett,deathbed
problemo,problem
kimble,Kimble
ahmt,mimics
abgezockt,ripped off
erhältlich,available
geoutet,outed
sauerkraut,sauerkraut
anzugeben,to specify
equipment,equipment
abgibt,gives
weichst,soften
augustine,Augustine
rechtshänder,right-handed
wassermelone,watermelon
demokratisch,democratically
monument,monument
alcatraz,Alcatraz
tempels,temples
tschüssi,Bye!
tory,Tory
eingepflanzt,planted
pathologie,pathology
ungutes,bad
pak,pak
tatzeit,time of crime
schwelgen,revel
vulkanischen,volcanic
pitbull,pitbull
du-,you-
erkennbar,recognizable
fernsehserie,TV series
diaries,diaries
töchterchen,little daughter
clarks,Clarks
medici,medici
kotz,vomit
schüttle,shake
lower,lower
primäre,primary
reinpassen,fit in
quartiere,quarters
murdoch,Murdoch
stammst,come from
drago,dragon
catering,catering
niels,niels
mekka,Mecca
virtuelle,virtual
zahnfleisch,gums
beschießen,shell
passanten,passers-by
ehemanns,husband
a-team,a-team
iphone,iPhone
südens,south
ystad,Ystad
türschwelle,door threshold
karawane,caravan
gegenangriff,counterattack
acapulco,Acapulco
charmanter,charming
auszug,abstract
bürsten,brush
patrouillieren,patrol
feststecken,stuck
niemandsland,no man's land
stammgast,regular customer
schutzschilde,shields
amerikanischem,American
auswirkung,impact
dingsda,thingamajig
dorrit,Dorrit
huo,huo
flagg,flagg
hohn,mockery
blutegel,leech
petrov,Petrov
jazzhead,jazzhead
arbeitskollegen,work colleagues
boiler,boiler
verbesserungen,improvements
japse,japs
renée,Renée
kardinäle,cardinals
dekoriert,decorated
begrenzen,limit
omni,omni
missfallen,dislike
next,next
hellseherin,clairvoyant
glock,glock
leuchtfeuer,beacon
schakal,jackal
harp,harp
alkoholproblem,alcohol problem
ignorierte,ignored
geheißen,called
anstrengender,strenuous
galle,bile
orchidee,orchid
tusk,tusk
beworfen,pelted
fahrerin,driver
peaches,peaches
vize,vice
erhabene,sublime
whitmore,Whitmore
familienangelegenheit,family matter
johlen,cheers
schlitzauge,slant eye
hatt,had
gem,according
bäder,bathrooms
schwarz-weiß,black-and-white
kammerdiener,valet
amelie,Amelie
mathison,Mathison
afrikas,Africa
sechsmal,six times
toledo,Toledo
lieblings,favorite
washingtons,Washington's
minibar,mini-bar
neugeborenen,newborn
trübe,murky
fehlanzeige,no result
todernst,deadly serious
stannis,stannis
löwin,lioness
sorgten,caused
blamierst,embarrass yourself
unbewaffneten,unarmed
schlachthof,slaughterhouse
hörgeschädigte,hearing impaired
präzedenzfall,precedent
vibrator,vibrator
himmler,Himmler
rothaarigen,redhead
volllaufen,fill up
fanfare,fanfare
körperlicher,physical
antaten,did
absolviert,completed
geschleift,ground
beacon,beacon
mayans,Mayans
immobilie,property
boots,boots
kapern,hijack
kellogg,Kellogg
unverheiratet,unmarried
abzieht,deducts
barmherzig,merciful
imam,imam
verhöhnt,mocked
betrete,enter
bevorstehende,upcoming
donaghy,donaghy
liegestütze,push-ups
poppins,Poppins
eiskrem,ice cream
aoki,aoki
schwergewicht,heavyweight
pumpt,pumps
dodd,dodd
pagen,page
höherer,higher
rance,rance
drusilla,drusilla
österreicher,Austrian
britisch,British
springende,jumping
weihe,consecration
riesenrad,Ferris wheel
christo,Christo
höflicher,polite
straßenecke,street corner
südseite,south side
neugierige,curious
katheter,catheter
kobayashi,kobayashi
tandy,tandy
modus,mode
perverses,perverse
eingestochen,stabbed
fälscher,counterfeiter
grösser,larger
begabter,gifted
meteorit,meteorite
aufzuführen,to list
auftragsmörder,contract killer
pustet,blows
ariane,ariane
baumann,Baumann
eleganten,elegant
beenthere,been there
ulrik,Ulrik
videorekorder,video recorder
kneipen,pubs
oooh,oooh
capua,capua
komfortabel,comfortable
hierarchie,hierarchy
elixier,elixir
letty,letty
einzieht,moves in
seniorpartner,senior partner
abstecher,detour
book,book
tät,act
zuständige,responsible
trampel,trampel
paradox,paradox
straff,tight
maynard,Maynard
ch33fa33,ch33fa33
peperoni,pepperoni
evangelium,Gospel
tiefgründig,profound
francie,francie
kolumbianer,Colombian
guillotine,guillotine
gebrandmarkt,branded
bearbeite,edit
elenas,Elena's
hausboot,houseboat
renault,Renault
symbiont,symbiont
ter,ter
lebenserwartung,life expectancy
hua,hua
vermehrt,more
spielschulden,gambling debts
piccolo,piccolo
espheni,espheni
untypisch,atypical
pappe,cardboard
klaro,Sure
tret,step
schallplatte,record
ärgernis,annoyance
sturms,storm
mitgegeben,provided
reformen,reforms
co.,co.
gefrorenen,frozen
detaillierte,detailed
zuzulassen,to allow
lenin,Lenin
dschingis,Genghis
grübchen,dimple
baird,Baird
eingeschrieben,enrolled
festgesetzt,established
dächer,roofs
lagers,warehouses
knifflig,tricky
torwart,goalkeeper
künstlern,artists
maguire,maguire
wackelpudding,jelly
zustimme,I agree
stinkender,stinking
winger,winger
zöpfe,braids
ausfragen,interrogate
kingston,Kingston
blutlinie,bloodline
bobs,bobs
barneys,Barney's
ausgestrahlt,broadcast
unentdeckt,undetected
bekennt,confesses
offiziers,officers
norrie,Norrie
kommandiert,commanded
imaginären,imaginary
kuck,look
spülung,flush
zurückzuzahlen,to pay back
unbegründet,unfounded
nilpferd,hippopotamus
zivilisierten,civilized
vergangenes,past
außerordentliche,extraordinary
alleinstehende,single
temperamentvoll,spirited
empfindliche,sensitive
simplen,simple
upgrade,upgrade
morpheus,Morpheus
zahlreich,numerous
küchenchef,head chef
geigen,violins
ausserhalb,outside
intern,internal
blamage,embarrassment
vorbehalten,reserved
inflation,inflation
fehde,feud
stieftochter,stepdaughter
hussein,Hussein
flüsterte,whispered
behütet,protected
pelt,pelt
award,award
rennwagen,racing car
anke,Anke
gefiele,I would like
feinste,finest
genötigt,forced
zusammenhält,holds together
wertpapiere,securities
hirten,shepherds
kliniken,clinics
absorbieren,absorb
rockt,rocks
behandelten,treated
bergsteiger,climber
israels,Israel
karamell,caramel
maverick,maverick
kühlraum,cold storage
kinderkram,childish stuff
chong,chong
woodward,woodward
zerfleischt,torn to pieces
innenministerium,Ministry of the Interior
überbleibsel,remnants
burr,burr
zahllose,countless
aufzüge,elevators
zocken,gamble
zerschneiden,cut
krabbeln,crawl
verprügelte,beaten
loslässt,lets go
legitim,legitimate
tägliches,daily
auszuwählen,select
brandung,surf
brandneue,brand new
zucht,breed
brauerei,brewery
edles,elegant
schalldämpfer,silencer
schmuggelt,smuggles
wachturm,watchtower
fido,fido
unterdessen,meanwhile
guard,guard
israelische,Israeli
zehenspitzen,tiptoes
mobilisieren,mobilize
dichtung,seal
kriegsgebiet,war zone
levy,levy
razor,razor
feuerwehrmänner,firefighters
pokerspiel,poker game
insasse,inmate
zulu,Zulu
bolivien,Bolivia
rentiere,reindeer
vorbehalte,reservations
klausel,clause
anschreiben,write to
gowron,gowron
fade,fade
menschenskind,human child
durchstellen,through
vorbringen,to bring forward
gleisen,tracks
woodsen,woodsen
weia,oh dear
unterstützer,supporters
nerve,nerve
rundherum,all around
ausladen,unload
lovelace,Lovelace
geschwind,quickly
strebt,strives
tulip,tulip
vergrößerung,enlargement
pelze,furs
pingelig,picky
pfeiler,pier
herauszuholen,to extract
brians,Brians
befehlsgewalt,command authority
mambo,mambo
sensenmann,Grim Reaper
gestreichelt,stroked
rechtssystem,legal system
trans,trans
bescherung,gift-giving
erstatte,refund
fairbanks,Fairbanks
überfielen,attacked
renaissance,Renaissance
kurtz,Kurtz
turteltäubchen,turtledoves
geschändet,desecrated
andocken,docking
korrupter,corrupt
toyota,Toyota
kantonesisch,Cantonese
hauptgewinn,main prize
pfeilen,arrows
gram,gram
pong,pong
fabrice,fabrice
beliebige,any
reinige,clean
zubehör,accesories
lowe,lion
rumschnüffeln,snooping around
hitman,hitman
krause,curly
schlitze,slits
deunan,deunan
schwerpunkt,focus
doolittle,Doolittle
rauskriegt,finds out
ausleben,live out
wohltätige,charitable
überlegungen,considerations
traurigste,saddest
snoop,Snoop
flussufer,riverside
überläufer,defector
jaulen,howl
aufgelistet,listed
auffangen,catch
knackig,crisp
anbrennen,burn
detektivin,detective
diszipliniert,disciplined
minimale,minimal
promenade,promenade
zwischenfälle,incidents
zukünftig,future
nächtliche,nighttime
ibm,IBM
bonaparte,Bonaparte
integrieren,integrate
stürzten,crashed
feierlichkeiten,celebrations
tödliches,deadly
promis,celebrities
abzufangen,to intercept
abba,abba
flirt,flirt
mcbeal,mcbeal
koreanischen,Korean
gendarmen,gendarmes
verwickeln,entangle
clooney,Clooney
verwirrte,confused
talentierter,talented
zehntausende,tens of thousands
ermöglichte,enabled
klunker,bling
third,third
ralphie,ralphie
fahrzeugen,vehicles
weihnachtszeit,Christmas time
wehrmacht,Wehrmacht
gründeten,founded
einbahnstraße,one way street
begingen,committed
codenamen,codenames
entschädigt,compensated
asteroid,asteroid
zweifelhaft,doubtful
erweiterung,extension
ahmet,ahmet
olof,olof
rauen,rough
beliebten,popular
koreanisch,Korean
joints,joints
regisseure,directors
stündlich,hourly
chop,chop
rasiere,shave
fahrten,journeys
regenerieren,regenerate
fangfrage,trick question
mitunter,sometimes
verleitet,misled
vilde,vilde
wife,wife
ting,ting
barts,Barts
faires,fair
sicherheits,security
einlade,invite
bekanntlich,as is well known
scherzkeks,joker
schworen,swear
windmühle,windmill
telefonistin,telephone operator
abstoßen,repel
befruchtung,fertilization
vir,vir
prachtvoll,magnificent
hinzukriegen,to manage
näht,sews
henshaw,Henshaw
spanischer,Spanish
blumenladen,flower shop
schwinden,diminish
zurückgetreten,resigned
kunststück,stunt
coney,coney
stottern,stutter
ennis,ennis
tsunami,tsunami
kürzeste,shortest
zurückblicken,looking back
lahmgelegt,paralyzed
rückwärtsgang,reverse gear
splitternackt,stark naked
mones,money
wish,wish
heiser,hoarse
spears,spears
neugeborenes,newborn
meisterschaften,championships
zuwendung,grant
kompatibel,compatible
verdursten,die of thirst
faules,lazy
relax,relax
niedliche,cute
scharlatan,charlatan
eingeflogen,flown in
claudette,Claudette
trucker,trucker
golfen,golfing
streitmacht,armed forces
feuerst,fire
holy,holy
experiments,experiments
lennart,Lennart
bescheren,bestow
schlussstrich,final line
kaufman,kaufman
funky,funky
bildhauer,sculptor
arturo,arturo
kendrick,Kendrick
gepresst,pressed
footballspieler,football player
zuzuschlagen,to strike
stollen,stollen
trüffel,truffle
kochbuch,cookbook
schmeicheleien,flattery
verkatert,hungover
verfrüht,premature
suzette,Suzette
ogden,ogden
barnabas,barnabas
wolff,wolff
niedergestochen,stabbed
implantiert,implanted
gewaltsamen,violent
wunderland,Wonderland
ordens,order
verweis,reference
unerlässlich,indispensable
ghul,ghoul
verstehste,Do you understand?
flieh,flee
potentielle,potential
mckinley,McKinley
bizarre,bizarre
lon,lon
transfusion,transfusion
andersson,andersson
ergreife,seize
erna,Erna
schrägen,slanted
gerissener,cunning
folie,film
versteckspiel,hide and seek
überprüfst,check
projektion,projection
universitäten,universities
palermo,Palermo
enkelsohn,grandson
everyone,everyone
findus,findus
diversen,various
statten,equip
flirtest,flirt
inbegriff,epitome
maría,Maria
cade,cade
angebaggert,hit on
pflanzt,plants
unangemeldet,unannounced
innig,intimate
fog,fog
mccall,McCall
unstimmigkeiten,discrepancies
messungen,measurements
probierte,tried
heimkam,came home
abzweigung,branch
nachprüfen,check
taschenmesser,pocket knife
teuersten,most expensive
schmeling,Schmeling
erpicht,eager
schwäne,swans
zuverlässiger,reliable
chai,chai
hintergeht,deceived
ezekiel,Ezekiel
aufjeden,In any
kalifornischen,Californian
platschen,splash
haferflocken,oatmeal
shilling,shilling
rutherford,Rutherford
geheimdienste,intelligence services
abschlussklasse,graduating class
verteidigte,defended
xu,xu
abgefüllt,bottled
albanien,Albania
bezeugt,attested
lj,lj
kontrollierst,control
sweatshirt,sweatshirt
kanntet,knew
bezweifelt,doubts
masseur,masseur
grausames,gruesome
mystischen,mystical
steril,sterile
insofern,insofar as
beleben,revive
kz,concentration camp
hingerissen,captivated
abtauchen,dive
poseidon,Poseidon
vaterschaft,fatherhood
schimpanse,chimpanzee
lebensart,lifestyle
corner,corner
entbindung,childbirth
meet,meet
runtergeladen,downloaded
tancredi,tancredi
benutzung,use
erscheinst,you appear
verlogen,deceitful
augie,Augie
jørgen,Jørgen
konstante,constant
begrub,buried
muslim,Muslim
dialoge,dialogues
canterbury,Canterbury
pontus,pontus
freebo,freebo
personalakte,personnel file
körbchen,basket
funkgeräte,radios
angeworben,recruited
transferieren,transfer
behandele,treat
durchsuchte,searched
auszuspionieren,to spy
bereinigt,cleaned up
holzkopf,wooden head
letzteres,the latter
herrenhaus,manor house
glenda,Glenda
pediküre,pedicure
koffern,suitcases
überrollt,overrun
patel,Patel
simsen,text
ekligen,disgusting
goldstück,gold piece
anlässen,occasions
rde,rde
reimen,rhyme
oberschwester,head nurse
sundance,Sundance
tiefere,deeper
funker,radio operator
misshandlung,abuse
dänischen,Danish
rennpferd,racehorse
ia,ia
vornherein,from the outset
vergönnt,granted
etappe,stage
kiriu,kiriu
einzureden,to convince
zusammenzubringen,to bring together
jansen,Jansen
erlischt,expires
rachefeldzug,revenge campaign
befürworten,advocate
hilde,Hilde
gefährte,fellow
abschaffen,abolish
abwimmeln,to brush off
verpatzt,botched
vorzeigen,show
militärisch,military
glades,glades
kamele,camels
hierherzukommen,to come here
mitmache,join
stiere,bulls
aristoteles,Aristotle
stumpfen,blunt
schönheitswettbewerb,beauty pageant
ehrenamtlich,voluntarily
mussolini,Mussolini
festbinden,tie up
reiseführer,travel guide
komplexer,more complex
stumpfe,blunt
derjenigen,those
caligula,Caligula
mopp,mop
hackte,hacked
herberge,hostel
schweigend,silent
coyote,coyote
entrinnen,escape
bogart,Bogart
eagles,eagles
schnitzen,carve
begabte,gifted
waschsalon,laundromat
rechnete,calculated
barbar,barbar
zuvorgekommen,preempted
network,network
unbegrenzt,unlimited
carola,Carola
vereinfachen,simplify
tortur,torture
krisen,crises
virtuellen,virtual
hörensagen,hearsay
fernand,fernand
vertragt,tolerates
aufzuholen,to catch up
frischem,fresh
steed,steed
same,same
totengräber,gravedigger
tribunal,tribunal
taktlos,tactless
aufschrift,inscription
entspannend,relaxing
hinauszögern,delay
geschickter,skillful
postboten,postman
javi,javi
pavel,Pavel
suzuki,Suzuki
modifizieren,modify
archäologe,archaeologist
wonderful,wonderful
selbstjustiz,vigilante justice
fürwahr,truly
preiszugeben,to reveal
verschmutzt,dirty
passwörter,passwords
schlitzaugen,slanted eyes
vorläufigen,preliminary
series,series
matteo,matteo
massey,Massey
abwegig,absurd
würdige,worthy
abgesandte,envoy
kling,ring
näherte,approaching
capri,capri
abbezahlt,paid off
schliefst,slept
kastrieren,castrate
wegpusten,Blowing it away
weiterzugeben,to pass on
lausig,lousy
aspen,aspen
pit,pit
ryu,ryu
fügung,addition
fünft,fifth
steinzeit,Stone Age
wich,which
britannien,Britain
sterblichkeit,mortality
hausarzt,general practitioner
diabetiker,diabetic
vala,vala
immigranten,immigrants
wladimir,Vladimir
hinzuziehen,consult
vereinbarungen,agreements
señores,gentlemen
australier,Australian
léa,Léa
staff,staff
broken,broken
radcliffe,Radcliffe
save,save
sicherheitsgurt,seatbelt
schäbige,shabby
al-qaida,al-qaida
besserwisser,know-it-all
barnett,barnett
gottverdammtes,goddamn
entstehung,origin
läufts,is running
ranfahren,pull up
gerüst,scaffolding
initiieren,initiate
vegetarierin,vegetarian
rattert,rattles
überschrieben,overwritten
ausgeheckt,hatched
aston,aston
emitter,emitter
wohnhaus,residential building
besprachen,discussed
aufrichtige,sincere
einzujagen,to instill
todesengel,death angel
feilschen,haggling
morten,Morten
geltend,applicable
verzögerungen,delays
blackouts,blackouts
lisas,Lisa's
vorzugsweise,preferably
bekloppte,crazy
oval,oval
bevorzugte,preferred
lucinda,Lucinda
keime,germs
tauch,dive
selbstmorde,suicides
getröstet,comforted
amtlich,official
intrige,intrigue
umkreisen,orbit
spaniens,Spain's
geheiß,behest
dear,dear
césar,César
tänzchen,little dance
einschreiten,intervene
standing,standing
konsultieren,consult
kapstadt,Cape Town
jurastudium,law studies
rasierklinge,razor blade
hafer,oats
anhang,attachment
providence,Providence
gibbons,gibbons
leviathan,Leviathan
investiere,invest
como,como
kehlen,throats
fernbleiben,stay away
kuschelig,cuddly
kap,cape
abschicken,submit
jule,jule
überfalls,robbery
qi,qi
anzetteln,instigate
niedergeschossen,shot down
wyler,wyler
geometrie,geometry
traummann,dream man
aggressionen,aggression
antik,antique
stoppe,stop
gehweg,sidewalk
ehemannes,husband
opern,operas
regis,regis
nietzsche,Nietzsche
zier,ornamental
verdien,earn
raufgehen,go up
foxy,foxy
alleinsein,to be alone
rehabilitation,rehabilitation
hepatitis,hepatitis
caterer,caterer
industrielle,industrial
boshaft,malicious
ruhestörung,disturbance of the peace
nazareth,Nazareth
transponder,transponder
kimura,kimura
hinrichtungen,executions
ordnungsgemäß,properly
salutieren,salute
sicherheitsteam,security team
unnütz,useless
untersuchten,examined
mcnamara,mcnamara
zuvorkommen,prioritize
poppen,pop
faraday,Faraday
anderenfalls,otherwise
kronjuwelen,crown jewels
günstigen,affordable
eigenartiges,peculiar
ros,ros
dienstboten,servants
beherbergt,accommodate
étienne,étienne
hektik,hectic
ground,ground
schlupfloch,loophole
uh-oh,uh-oh
klarinette,clarinet
angreifbar,vulnerable
anbau,cultivation
supreme,supreme
erbarmungslos,merciless
verheerend,devastating
generalsekretär,Secretary-General
muttersöhnchen,mama's boy
päpstliche,papal
adonis,Adonis
nunmal,simply
aufwischen,wipe up
hyänen,hyenas
mont,mont
sicherheitsfirma,security company
cos,cos
bürgerin,citizen
gerichtsvollzieher,bailiff
kameradschaft,comradeship
eindringt,penetrates
himmelreich,kingdom of heaven
kilgrave,Kilgrave
bedürftigen,needy
drummond,drummond
verwendeten,used
eingeworfen,thrown
verwahrt,kept
anriefen,call
joeys,joeys
schroff,rugged
stichwunde,stab wound
jeppe,jeppe
hexenzirkel,witches' coven
pai,pai
termiten,termites
hewitt,Hewitt
honda,Honda
klebstoff,adhesive
zwirn,thread
abgewischt,wiped
forensischen,forensic
operationssaal,operating room
feuerwache,fire station
adiós,adiós
schuldschein,promissory note
chirurgische,surgical
handarbeit,handmade
pensionierung,retirement
göttlicher,divine
bezog,referred
ernsthafter,serious
tribun,tribune
sie-,she-
pik,spade
shiva,Shiva
nervige,annoying
pancho,pancho
bedenkzeit,time to think it over
römern,Romans
elektronisch,electronic
zusätzliches,additional
austreten,resign
vollgestopft,crammed full
elementen,elements
schweigsam,silent
leidenschaftlicher,passionate
dayton,Dayton
koordiniert,coordinates
gönner,patron
zeitweise,temporarily
schrille,shrill
buchte,booked
beliebtesten,most popular
echtheit,authenticity
fremdgehen,cheat
ministers,ministers
goldig,golden
macken,quirks
babyparty,baby shower
entschuldigte,apologized
stromversorgung,power supply
sommersprossen,freckles
chiang,Chiang
rochester,Rochester
tribune,tribune
feedback,feedback
schnuppe,doesn't matter
boat,boat
dagewesen,been there
psychologisches,psychological
self,self
esposito,esposito
vorfalls,incident
chic,chic
einzuschätzen,to assess
gekackt,pooped
ampullen,ampoules
wische,wipe
hochgegangen,went up
latschen,slippers
unermüdlich,tireless
schulze,Schulze
bös,evil
streichmusik,string music
rambaldi,Rambaldi
hinkommt,It comes
lebenswert,livable
verdrehte,twisted
massig,massive amounts
rüssel,trunk
revolutionären,revolutionary
fringe,fringe
anne-marie,Anne-Marie
antwerpen,Antwerp
belang,important
verschleiert,concealed
prosit,Cheers!
gesuchten,sought
ladendiebstahl,shoplifting
qualifikation,qualification
vormarsch,advance
röntgenbild,x-ray
schärfe,sharpness
vermeidet,avoids
vorladen,summon
vaterfigur,father figure
morley,morley
mittagsschlaf,midday nap
tischler,carpenter
nbc,NBC
unentschlossen,undecided
vorbeigegangen,passed by
milieu,milieu
eeg,eeg
grievous,grievous
zurückzuführen,to be attributed
lumen,lumen
runkle,runkle
konkubine,concubine
muy,very
c-4,c-4
verbliebenen,remaining
zunutze,to take advantage of
zuzuschreiben,to be attributed
abschlussprüfung,final exam
howe,howe
pferdeschwanz,ponytail
unaufhörlich,incessantly
stacheln,thorns
medical,medical
polizeischule,police academy
stilles,silent
tageszeit,time of day
entdecker,explorer
ausrücken,to move out
bedrückende,oppressive
weitersagen,spread the word
formsache,a matter of form
polizeibeamten,police officers
selbsthilfegruppe,self-help group
rückstände,residues
gesenkt,lowered
verfügbare,available
osteuropa,Eastern Europe
rülpsen,burp
fingerspitzen,fingertips
zerbrochene,broken
dehoh,dehoh
heels,heels
nebenher,in addition
abrahams,Abraham
clement,clement
stummen,silent
samba,samba
science-fiction,science fiction
brainiac,brainiac
fillmore,fillmore
losschicken,send
laird,Laird
wutanfall,tantrum
abkratzen,scrape
whitechapel,whitechapel
nacktheit,nudity
turkey,Turkey
häftlingen,prisoners
unterwerfung,submission
kratze,scabies
teilzeit,part-time
klarzumachen,to make clear
börsenmakler,stockbroker
lagert,stores
tobin,tobin
verantwortungsbewusst,responsible
gewölbe,vault
einschläft,falls asleep
erzählungen,stories
erdöl,oil
revue,revue
rattengift,rat poison
ope,ope
tulpen,tulips
handele,trade
gedenkt,commemorates
ih,ih
unrein,unclean
terroranschlag,terror attack
schulgeld,school fees
künstlerisch,artistic
hawking,hawking
genialität,genius
finanzministerium,Ministry of Finance
suits,suits
brie,Brie
grotte,grotto
kulturellen,cultural
vw,VW
gemeinderat,municipal council
flüchtlingen,refugees
inc,Inc
goldstein,goldstein
entmutigen,discourage
sarkophag,sarcophagus
hair,hair
arden,Arden
kommandieren,command
schmiert,lubricates
baupläne,building plans
fortune,fortune
erblicken,see
gegnern,opponents
bakersfield,bakersfield
galopp,gallop
moskitos,mosquitoes
nostalgie,nostalgia
quiekt,squeaks
unverschämter,outrageous
verurteilter,convicted
rugby,rugby
beibrachte,taught
bürgerwehr,vigilante group
erwache,awake
biege,bend
gefängnisstrafe,prison sentence
downey,downey
bemerkbar,noticeable
dementsprechend,accordingly
realisierte,realized
turteltauben,turtledoves
heimlicher,secretive
verleiten,entice
lichtwächter,light monitor
rosita,rosita
meisterstück,masterpiece
auffälliges,conspicuous
marsmenschen,Martians
polster,pad
tesla,Tesla
interferenzen,interferences
militärdienst,military service
schizophren,schizophrenic
nichtraucher,non-smoker
flugplan,flight schedule
skandale,scandals
ließest,you
largo,largo
sterns,star
badger,badger
jekyll,Jekyll
augenbraue,eyebrow
kriegsschiffe,warships
spartakus,Spartacus
mängel,defects
ablenkt,distracts
leichensack,body bag
portwein,port wine
ultra,ultra
zuckt,twitches
keys,keys
isl,isl
gähnen,yawning
slam,slam
dumont,dumont
folg,follow
päpstlichen,papal
gemeinsamkeit,common ground
eldridge,Eldridge
sook,sook
sehkraft,eyesight
gewußt,known
kümmerten,cared
möhren,carrots
saatgut,seed
südstaatler,southern
vergifteten,poisoned
verfüttern,feed
tulsa,tulsa
rhoda,rhoda
booker,booker
helmer,Helmer
gabriella,Gabriela
täuschte,deceived
glühende,glowing
omelette,omelette
einfügen,insert
geklungen,sounded
ausbrüche,outbreaks
gymnastik,gymnastics
erz,ore
liedern,songs
mechanische,mechanical
fälschlicherweise,mistakenly
hungerstreik,hunger strike
dreckstück,piece of dirt
beschuldigungen,accusations
weibliches,female
preiset,praises
serien,series
wc,WC
spongebob,spongebob
ausgefressen,eaten
ordnete,ordered
bürge,guarantor
kwon,kwon
gefährt,vehicle
beatmungsgerät,ventilator
drohe,threat
träumten,dreamed
gängen,passages
vertiefen,deepen
skandalös,scandalous
rohes,raw
browns,browns
gannicus,gannicus
patch,patch
allgemeinheit,general public
ungelösten,unresolved
milord,milord
verleugnet,denied
notrufzentrale,emergency call center
arts,arts
durchdreht,goes crazy
hyperantrieb,hyperdrive
zugestellt,delivered
unmögliches,impossible
abgesegnet,approved
jammerschade,What a shame!
bestiegen,climbed
rekorde,records
zodiac,zodiac
provinzen,provinces
blickfeld,field of vision
künstliches,artificial
archäologie,archeology
texten,text
fink,finch
meidet,avoids
amputieren,amputate
warlock,warlock
untersteh,subject
century,century
säßen,sat
brabbelt,babbles
eko,eko
algebra,algebra
juristisch,legal
kei,no
hotline,hotline
forelle,trout
immobilienmakler,real estate agent
galant,gallant
zugführer,train conductor
annonce,advertisement
verschrecken,frighten
epi,epi
tolerant,tolerant
durchdringt,penetrates
bai,bai
ammoniak,ammonia
fergus,fergus
parkplätze,parking spaces
liars,liars
aufleben,reviv
fuße,feet
packard,Packard
optimist,optimist
hinterhältiger,treacherous
animal,animal
alfons,alfons
rangekommen,got close
bibliothekarin,librarian
tylers,Tylers
entblößt,exposed
talia,talia
einzuführen,to introduce
verschwiegenheit,secrecy
todestrakt,death row
corvette,Corvette
abgewandt,turned away
moskauer,Moscow
conor,conor
glätten,smooth
zusammenfassen,summarize
arya,arya
extras,extras
erzählerin,narrator
amnestie,amnesty
röhren,tubes
feierte,celebrated
loving,loving
tröstlich,comforting
verkrüppelt,crippled
bordstein,curb
skol,skol
volleyball,volleyball
horrorfilme,horror movies
berichteten,reported
deepthought42,deepthought42
stampede,stampede
fertiggestellt,completed
petersilie,parsley
schokoladenkuchen,chocolate cake
mexikanisches,Mexican
lichten,bright
scharen,crowds
hielte,held
mccann,McCann
reinhold,Reinhold
hinhauen,hit
rausgehst,you go out
robben,crawling
kree,Kree
gehorchst,obey
kammerflimmern,ventricular fibrillation
terroristische,terrorist
unternehme,undertake
gekreuzt,crossed
hyäne,hyena
aufgab,gave up
gefälligkeiten,favors
mutiert,mutated
völkern,peoples
pittman,Pittman
stubbs,stubbs
jennie,jennie
seitens,from
besiege,defeat
broker,broker
gezittert,trembled
svetlana,Svetlana
josefine,josefine
collin,collin
errungen,achieved
unrealistisch,unrealistic
zwischenstopp,stopover
festmachen,fasten
malin,malin
selim,Selim
eingezahlt,deposited
mitsuko,mitsuko
getrennten,separate
abendschule,evening school
verfolgungswahn,paranoia
geisteszustand,mental state
konzentrationslager,concentration camp
blaubeeren,blueberries
vorfällen,incidents
lilah,lilac
piss,piss
kruzifix,crucifix
bhs,bras
mitgezählt,counted
kenna,Kenna
pult,desk
beliefert,supplies
anbiete,offer
kolja,Kolja
ganove,crook
tauge,suitable
versah,provided
zertreten,trampled
gefängniszelle,prison cell
ermutigend,encouraging
strafregister,criminal record
birdie,birdie
vincents,Vincent's
mangelnde,lack
stillschweigen,silence
liedchen,ditty
winchesters,Winchesters
frisieren,hairstyling
gaspedal,accelerator
fischchen,little fish
trainings,trainings
penicillin,penicillin
zuweilen,sometimes
bildlich,figuratively
arbeitskräfte,workforce
finderlohn,finder's fee
anni,anni
gendarmerie,gendarmerie
moves,moves
einschnitt,incision
sparst,save
erliegen,succumb
eifersüchtige,jealous
arie,aria
mörderischen,murderous
nische,niche
sucre,sucre
mckenna,McKenna
verordnet,prescribed
mineralien,minerals
einsätzen,deployments
mulligan,mulligan
guantanamo,Guantanamo
ausgeübt,exercised
kombinationen,combinations
performance,performance
takashi,takashi
errätst,guess
müllkippe,landfill
wise,wise
schussfeld,firing range
weggehe,go away
connolly,Connolly
kosmischen,cosmic
inspiziert,inspected
groupies,groupies
bürgerlichen,bourgeois
automat,automatic
crewmitglieder,crew members
parties,parties
30er,30s
château,chateau
arif,Arif
gilda,Gilda
voltron,Voltron
hereinkam,came in
erträglich,bearable
quietschende,squeaking
entspannte,relaxed
saito,Saito
überraschst,surprised
rapide,rapid
berüchtigt,notorious
jp,jp
zuzustimmen,to agree
übereinstimmt,agrees
schikane,chicane
veröffentlichte,published
verlang,demand
tischgebet,table prayer
egoistische,selfish
rundfunk,broadcasting
wildschweine,wild boars
rumhängt,hanging around
sandwichs,sandwiches
verwöhnte,spoiled
peppone,Peppone
komplexen,complex
freudige,joyful
herausgeben,publish
flippte,flipped
monolog,monologue
eingehender,in detail
milchstraße,Milky Way
füssen,feet
herzattacke,heart attack
automatischen,automatic
angezettelt,instigated
rausrücken,hand it over
blinkt,blinking
positiver,positive
aufmachung,presentation
nachschlag,reference
alamo,alamo
klacken,click
susans,Susan's
abschiedsparty,farewell party
kündigst,you cancel
emmanuelle,Emmanuelle
garber,garber
glotz,stare
quatschst,You're talking nonsense
nachruf,obituary
kühles,cool
gefrorene,frozen
verpassten,missed
kerzenlicht,candlelight
ekelhafte,disgusting
elfe,elf
okinawa,Okinawa
schatzsuche,treasure hunt
born,born
gläubige,believers
abtrocknen,dry
banfield,banfield
visionär,visionary
sailor,sailor
axl,axl
einzukaufen,to shop
europe,Europe
rekorder,recorder
drein,three
capital,capital
nunja,well
bukarest,Bucharest
lebensmittelladen,grocery store
nightingale,nightingale
swat-team,SWAT team
negatives,negative
penguin,penguin
rembrandt,Rembrandt
eingenickt,nodded off
betätigt,activated
kosaken,Cossacks
most,most
sträflinge,convicts
fokussieren,focus
mitspieler,teammates
zorns,anger
kom,kom
abweisend,repellent
boca,boca
auflagen,requirements
herfallen,to attack
welcome,welcome
kühlt,cools
4-mal,4 times
morphin,morphine
schnauzer,schnauzer
feuerten,fired
zarin,tsarina
sync,sync
kriegserklärung,declaration of war
absprung,jump
hinziehen,move
sitting,sitting
hunnen,Huns
körner,grains
frühstücke,breakfasts
durchführt,carries out
leuchtenden,bright
menschlichem,human
klavierspiel,piano playing
dauerhaften,permanent
mausoleum,mausoleum
barrys,Barry's
organisiertes,organized
gregg,Gregg
unangenehmes,unpleasant
verschanzt,entrenched
aufzuwecken,to wake up
produzentin,producer
ianto,ianto
buchten,bays
kontrollpunkt,checkpoint
liebevollen,loving
klos,toilets
senats,senate
italienerin,Italian woman
monarch,monarch
naturwissenschaften,natural sciences
vorstellte,presented
walhalla,Walhalla
betrachtest,consider
bozz,bozz
groot,groot
rollte,rolled
schlüsselkarte,key card
verbotenes,forbidden
fernsteuerung,remote control
erneuerung,renewal
geschäftsführerin,managing director
fernsehsender,television channel
anstehen,queue
diva,diva
bismarck,Bismarck
valentina,valentina
vorsehen,provide
fettarsch,fat ass
perspektiven,perspectives
küsten,coastal
hoi,Hi
verlieh,awarded
stümper,bungler
geheimpolizei,secret police
verrechnet,billed
unvorhersehbar,unpredictable
arcadia,arcadia
rasseln,rattle
wehrst,defend
cafés,cafes
zartes,delicate
erschiessen,shoot
geschuldet,owed
steigend,rising
reform,reform
jillian,Jillian
gaskammer,gas chamber
röntgenaufnahmen,x-rays
tak,tak
imperiums,empire
gutachter,expert
physiologie,physiology
tatsächliche,actual
vorgehabt,planned
unwesen,evil
yamato,yamato
draufsteht,It says
wüsstet,knew
saht,saw
anzumachen,to turn on
nudel,noodle
berechenbar,predictable
annullieren,cancel
diebstähle,thefts
sonderbehandlung,special treatment
empfindungen,sensations
verläßt,leaves
nigeria,Nigeria
anhat,anhat
wash,wash
bohrt,drills
umzusehen,to look around
einigkeit,unity
boxershorts,boxershorts
einzuschüchtern,to intimidate
orsini,Orsini
retterin,rescuer
spector,spector
elektroschocks,electric shocks
vogelzwitschern,birdsong
sgt.,sgt.
plum,plum
dienern,servants
erschweren,complicate
überzeugende,convincing
schmackhaft,tasty
flosse,fin
schlitzohr,sly fox
irgendwelcher,any
rosario,rosario
pao,pao
halbinsel,peninsula
referenz,reference
opi,opi
toupet,toupee
absprechen,agree
anal,anal
ordinär,ordinary
teamarbeit,teamwork
verticken,sell
grundriss,floor plan
nektar,nectar
krankenpfleger,nurse
hindeutet,indicates
wegläuft,runs away
gebeamt,beamed
hindi,Hindi
verschossen,shot
verbrecherin,female criminal
zauberwort,magic word
beerdigungsinstitut,funeral home
tampon,tampon
madchen,girl
gehort,heard
komödien,comedies
kurieren,cure
remember,remember
bitterkeit,bitterness
spektrum,spectrum
kipp,tip
chefinspektor,chief inspector
andeutung,hint
buchführung,accounting
geruchssinn,sense of smell
sinnlich,sensual
angepiept,beeped
spekuliert,speculates
vorausgesehen,predicted
spange,brace
etiketten,labels
altenheim,nursing home
rae,rae
höhlenmenschen,cavemen
hip-hop,hip hop
erwirken,achieve
abhole,pick up
linn,linn
hochbeamen,teleport
hausbesuch,home visit
ride,ride
hochhalten,hold up
aufzuschreiben,to write down
watte,cotton wool
erweiterte,extended
spannendes,exciting
ausmalen,coloring
indy,indy
gal,gal
begründen,justify
supermans,Superman
checkst,checkst
vergewaltigungen,rapes
allerletzten,very last
mitgegangen,went with me
fazit,conclusion
enthoben,removed
trikots,jerseys
auflauf,casserole
verscheißern,screw you over
pick,pick
augäpfel,eyeballs
grashüpfer,grasshopper
ausradiert,erased
qualifikationen,qualifications
meilenstein,milestone
gigolo,gigolo
serrano,serrano
aufgeblasen,inflated
noonan,noonan
einfaltspinsel,simpleton
verworfen,rejected
stemmen,lifting
anhängern,followers
wälzen,roll
norbit,norbit
abmachen,Agree
übertrage,transfer
vertraulichen,confidential
janus,Janus
bauteil,component
caterina,Caterina
dove,dove
zerfleischen,tear apart
mitzi,mitzi
schulleiter,headmaster
rationen,rations
losmachen,detach
nic,nic
fraglich,questionable
flennen,crying
bed,bed
stimuliert,stimulates
superhirn,superbrain
weglief,ran away
öden,dreary
mentalen,mental
fraiser,fraiser
bone,bone
gedeiht,thrives
ryker,ryker
riverdale,Riverdale
weggeblasen,blown away
exquisit,exquisite
angebrüllt,yelled at
computers,computers
datiert,dated
künstlers,artist
vibrationen,vibrations
stehenden,standing
meide,avoid
huey,huey
maroni,chestnuts
besaßen,owned
arbeitsamt,employment office
starsk,strong
geschlüpft,hatched
zeitgefühl,sense of time
einstehen,stand up
ketzerei,heresy
kellnern,waitress
schienbein,shin
naschen,snacking
deusex72,deusex72
durchfahren,drive through
küchentisch,kitchen table
cedar,cedar
lösegeldforderung,ransom demand
gestarrt,stared
phineas,Phineas
unfehlbar,infallible
quiz,quiz
ungesehen,unseen
podest,pedestal
vorgewarnt,forewarned
trockener,dry
hauptverdächtiger,main suspect
beruhigst,calm down
replikator,replicator
eindeutigen,unambiguous
beträchtlich,considerably
erarbeitet,developed
maybe,maybe
zugegen,present
mädchennamen,girl names
beschreibungen,descriptions
einöde,desolate wasteland
glühenden,glowing
belauschen,eavesdropping
einwohnern,inhabitants
schlepper,tractor
pudern,powder
beschwer,complain
früchten,fruits
wespe,wasp
etablissement,establishment
spade,spade
gutaussehende,handsome
qualle,jellyfish
shi,shi
mittelmäßig,mediocre
uncle,uncle
murmeltier,marmot
rien,nothing
vorhergesehen,predicted
godmode,godmode
heimreise,journey home
polizeipräsidium,police headquarters
hemisphäre,hemisphere
ent,ent
auseinandersetzen,deal with
abzubringen,to dissuade
miki,miki
zielst,aim
gefügig,compliant
isabell,Isabell
unbegrenzte,unlimited
freisetzen,release
stuttgart,Stuttgart
unheimlicher,eerie
taschendieb,pickpocket
martial,martial
unbedeutende,insignificant
einbezogen,included
quebec,Quebec
gekrümmt,curved
senators,senators
verschlägt,lost
endstadium,final stage
fool,fool
speedster,speedster
schone,beautiful
trenton,Trenton
marvel,marvel
armenier,Armenians
untertitel-werkstatt,subtitle workshop
zypern,Cyprus
initiiert,initiated
filip,Filip
tränke,drinking water
pechsträhne,bad luck streak
dampfbad,steam bath
gemütlichen,cozy
mützen,hats
taktiken,tactics
heli,helicopter
alpha-quadranten,alpha quadrants
privatnummer,private number
beurteile,assess
hester,hester
einleitung,introduction
trauernde,mourning
goldbarren,gold bars
millennium,millennium
außerirdisches,extraterrestrial
verruf,disrepute
elektrik,electrical
kapseln,capsules
zeitliche,temporal
probezeit,probationary period
jelly,jelly
übergangen,ignored
nervöse,nervous
gehälter,salaries
narcisse,narcissus
zweierlei,two kinds
repräsentanten,representatives
komposition,composition
startbahn,runway
privatsache,private matter
palmers,palmers
schienst,seemed
lao,Lao
abhang,slope
bit,bit
patton,Patton
dreckloch,filthy hole
pilates,Pilates
strafmaß,sentence
grub,grub
walther,Walther
rage,rage
schaft,shaft
fehltritt,misstep
nur-,only-
perfect,perfect
erdal,Erdal
schlappschwänze,limp dicks
mrd.,billion
reingeritten,ridden in
mordermittlung,murder investigation
dunst,haze
attackieren,attack
cunningham,Cunningham
age,age
nörgeln,complain
eifersüchtiger,jealous
haines,haines
rama,rama
erzähltest,you told
unzurechnungsfähig,incapacitated
sevilla,Seville
qu,qu
done,done
balls,balls
obliegt,is responsible
fahnden,search
vormittags,morning
geistliche,spiritual
übersinnliche,psychic
fessel,bondage
faß,barrel
neptun,Neptune
stätte,site
romano,Romano
gemüter,minds
gezähmt,tamed
schuhverkäufer,shoe salesman
lehrplan,curriculum
brüllte,roared
chihuahua,chihuahua
basar,bazaar
gescherzt,joking
hintrittst,you step
those,those
feuerwerkskörper,fireworks
theodor,theodor
verlagern,relocate
ausgeschlagen,knocked out
souvenirs,souvenirs
versperren,block
dozent,lecturer
raubte,robbed
anhast,anhate
talentshow,talent show
fummeln,fumble
hängte,hung
angler,angler
andys,andy's
kardinals,cardinals
zufriedenstellend,satisfactory
wiederzubeleben,to revive
ungarisch,Hungarian
mitbekommt,notices
brilliant,brilliant
cheetah,cheetah
unvermeidliche,unavoidable
obergeschoss,upper floor
fragwürdig,questionable
kennenlerne,get to know each other
ähem,ahem
meerjungfrauen,mermaids
dreifacher,triple
losbinden,untie
christiane,Christiane
hinbiegen,bend
geisha,geisha
unbeschadet,undamaged
smaragde,emeralds
imponieren,impress
pitcher,pitcher
yann,yann
aufzubringen,to raise
kokosnüsse,coconuts
raushängen,hang out
kaori,kaori
gore,gore
defibrillator,defibrillator
warpkern,warp core
shelton,shelton
umhin,around
umgehört,I asked around
vorräten,stockpile
etikette,etiquette
harkness,Harkness
entsprach,corresponded
einschlägt,impacts
metropolitan,metropolitan
schlafenden,sleeping
allzeit,always
blu,blue
gelehrte,scholarly
luftunterstützung,air support
stammkunden,regular customers
sicherheitsfreigabe,security release
städtische,municipal
häufchen,little piles
sterilisieren,sterilize
vorhersage,forecast
lenden,lumbar
angeldream,angeldream
gleason,gleason
desinfizieren,disinfect
kanarienvogel,canary
rasur,shave
pearce,pearce
hecken,hedges
wegzubringen,to remove
jai,jai
plastische,plastic
genährt,nourished
näheres,more details
ferrara,Ferrara
heuerte,hired
debs,debs
nachhauseweg,way home
par,par
arn,arn
johnnys,Johnny's
greis,old man
magnetischen,magnetic
aggressiven,aggressive
komponisten,composers
tusse,chick
agenturen,agencies
silbe,syllable
bubber,bubber
herauszubekommen,to find out
obsession,obsession
zurückfliegen,fly back
unaufhaltsam,unstoppable
homerun,home run
ißt,eats
dam,dam
gerüstet,equipped
mucho,mucho
zitterte,trembled
reckless,reckless
giants,giants
spielzug,move
dumbo,dumbo
rezession,recession
lennier,Lennier
positioniert,positioned
schlafplatz,sleeping place
teeger,teeger
traurigerweise,sadly
weggeflogen,flew away
lydecker,lydecker
merkur,Mercury
versetz,displaced
kreml,Kremlin
trautes,intimate
zusammenschlagen,beat up
abgeschlagen,relegated
tarnvorrichtung,camouflage device
selbstgefällig,complacent
steuerbehörde,tax authority
faszinierendes,fascinating
grants,grants
knebel,gag
abhanden,lost
entjungfert,deflowered
diem,diem
hiroshima,Hiroshima
zurückzuverfolgen,trace
manon,manon
feingefühl,sensitivity
herumstehen,standing around
spazierfahrt,leisurely drive
audio,audio
verschütten,spill
gabriela,Gabriela
parkte,parked
doppelagent,double agent
erhabener,sublime
starkem,strong
bezirks,district
vietnamesisch,Vietnamese
forellen,trout
versuchungen,temptations
ares,ares
kürbisse,pumpkins
wissenschaftliches,scientific
telegramme,telegrams
julias,Julia's
integriert,integrated
geistiger,spiritual
vorletzte,penultimate
günstige,affordable
fin,fin
selfie,selfie
vortex,vortex
beschuldigten,accused
hess,Hesse
östliche,eastern
rutledge,rutledge
konditionen,conditions
ueber,above
debüt,debut
faye,faye
klammert,brackets
humbug,humbug
zee,zee
abgetrieben,aborted
mitfliegen,fly with us
gartenarbeit,gardening
kuriere,couriers
schadensbericht,damage report
epilepsie,epilepsy
gutmütig,good-natured
birgit,Birgit
radley,Radley
bronco,bronco
infrarot,infrared
rumgetrieben,wandering around
aufsammeln,collect
aufstehe,get up
faschismus,fascism
win,win
frechdachs,cheeky rascal
antimaterie,antimatter
dämonische,demonic
salaam,Salaam
marci,Marci
untermieter,subtenant
fairview,fairview
rumschlagen,fighting around
kongressabgeordnete,congressman
würste,sausages
osman,Osman
bohnenstange,beanpole
saftige,juicy
presents,presents
esra,esra
klebe,glue
scrooge,Scrooge
landsmann,compatriot
scheide,vagina
farid,Farid
beige,beige
gefängnisses,prison
napa,Napa
own,own
unentwegt,incessantly
wäschekorb,laundry basket
schwirren,swirling
marwan,Marwan
jobangebot,job offer
leuchtende,bright
nfl,NFL
übersetze,translate
smile,smile
mühelos,effortlessly
erahnen,guess
kriegsende,end of the war
einstellt,adjusts
nimmerwiedersehen,never to see each other again
rocker,rocker
enttarnen,unmask
ersucht,he seeks
gebessert,improved
sechster,sixth
geschmackvoll,tastefully
squad,squad
lynne,Lynne
diplomatisch,diplomatic
vorgaben,specifications
shirts,shirts
gicht,gout
laszlo,laszlo
ablesen,read
tafeln,panel
entführern,kidnappers
zerstreuen,scatter
hiess,was called
getrocknet,dried
cersei,Cersei
weißte,you know
abwurf,drop
erwogen,considered
givens,givens
abgebaut,dismantled
elischka,elischka
glamour,glamour
gould,Gould
oldtimer,classic cars
veranlagt,predisposed
rem,rem
besitzes,possession
triumphieren,triumph
groupie,groupie
befugnisse,powers
joachim,Joachim
rube,turnip
gefurzt,farted
nachtclubs,nightclubs
derartig,such
begehe,commit
auszugraben,to dig up
mikaelson,Mikaelson
lehrreich,instructive
varg,varg
abweichungen,deviations
hochachtungsvoll,Respectfully
bergung,rescue
nüssen,nuts
marschmusik,march music
zeichner,draftsman
wimmeln,teeming
spiderman,spiderman
weihrauch,incense
grat,ridge
unterrichtete,taught
fahrplan,timetable
autoradio,car radio
silent,silent
electric,electric
komponieren,compose
blickkontakt,eye contact
liegenlassen,leave it lying
zurückgezahlt,repaid
geschrieen,screamed
silbertablett,silver tray
verschiebe,postpone
brrr,brrr
schuldgefühlen,feelings of guilt
sphinx,sphinx
lächerlicher,ridiculous
ausdehnung,expansion
erleuchten,illuminate
wertlose,worthless
chemisch,chemical
zweifelte,doubted
chiu,chiu
leos,Leos
kaltblütiger,cold-blooded
maître,maître
wertvollsten,most valuable
zusammengehalten,held together
gelinkt,linked
vorknöpfen,tackle
abarbeiten,to process
vorgegangen,proceeded
bueno,bueno
fleht,pleads
riefst,you called
seinerzeit,at that time
dalassen,leave
tuttle,tuttle
einseitig,one-sided
reparierst,repair
känguru,kangaroo
kanna,kanna
vickers,Vickers
schlagzeuger,drummer
observieren,observe
beifahrersitz,passenger seat
litchfield,litchfield
foltert,tortures
segnet,blesses
strumpf,stocking
ulla,Ulla
stehn,stand
vorkam,occurred
melmac,melmac
verbleiben,remain
einlochen,hole
ausgeredet,talked out
guise,guise
bestellten,ordered
ablehne,reject
schulball,school ball
gefrierschrank,freezer
hissen,hoist
angepiepst,beeped
pepsi,Pepsi
gruben,pits
eastwood,Eastwood
philips,Philips
stank,stank
probeaufnahmen,test recordings
umstellung,changeover
kreativer,creative
nachgewiesen,proven
dämons,demon
gemeistert,mastered
rechtschaffenheit,righteousness
schluchzend,sobbing
schnucki,sweetie
ventile,valves
schã,beautiful
pacino,Pacino
bekümmert,worried
brünett,brunette
jetz,now
handbremse,handbrake
tonya,tonya
tieferen,deeper
schottischen,Scottish
mima,mima
superkraft,superpower
handels,trade
kochsalzlösung,saline solution
kutschen,carriages
impulsantrieb,impulse drive
heulte,howled
gerichtliche,judicial
besudelt,soiled
südliche,southern
haarige,hairy
ziellos,aimless
wohltätigkeitsveranstaltung,charity event
patricks,Patrick's
shopping,shopping
traumatisch,traumatic
peanut,peanut
zurückgeht,goes back
verrecke,die
ersuche,request
riecher,nose
vorbeikommst,come by
aga,aga
garroway,Garroway
hängematte,hammock
foss,foss
blindes,blind
zeppelin,Zeppelin
temporale,temporal
broschüren,brochures
schroeder,Schroeder
warenhaus,department store
ungeheure,tremendous
toussaint,toussaint
lidia,lidia
schaltest,switch
graystone,graystone
palette,range
mlle.,mlle.
gemobbt,bullied
krimis,crime novels
kinderschänder,child abusers
fundort,location
ehrenkodex,code of honor
waisenkinder,orphans
liesel,Liesel
eingeplant,planned
klitoris,clitoris
eigentumswohnung,condominium
lancaster,Lancaster
seelenfrieden,peace of mind
persien,Persia
vorübergehen,pass
reinkamen,came in
erringen,achieve
ige,ige
ausdrucken,print
einfordern,demand
dundee,Dundee
mütterchen,mother
bestreite,I deny
fashion,fashion
vorsichtshalber,just to be on the safe side
unabhängiger,independent
cartoon,cartoon
talentierten,talented
johannesburg,Johannesburg
stöckchen,stick
riesengroß,enormous
ilene,ilene
hustensaft,cough syrup
einzelnes,single
hennen,hens
raststätte,rest stop
switek,switek
unweigerlich,inevitably
blairs,Blairs
monsters,monsters
walkers,walkers
korps,corps
cadmus,Cadmus
gnädiges,gracious
sensibilität,sensitivity
gräbst,dig
ricco,Ricco
areal,area
umgeschrieben,rewritten
inzest,incest
schrader,Schrader
rinde,bark
militärisches,military
micha,Micha
wiederholungen,repetitions
sweetheart,sweetheart
faszination,fascination
erstaunlicher,amazing
zuzufügen,to add
zielte,aimed
pflug,plow
angesehenen,respected
absolventen,graduates
fiction,fiction
week,week
auswechseln,replace
reintun,put it in
tanker,tanker
überarbeiten,revise
wunderbarste,most wonderful
extremisten,extremists
gelee,jelly
covington,Covington
robb,robb
kartoffelsalat,potato salad
passiv,passive
freches,cheeky
kommissarin,commissioner
iwanowitsch,Ivanovich
morgenmantel,dressing gown
steadman,steadman
dämpfe,fumes
todsünde,mortal sin
schanghai,Shanghai
schulbehörde,school authority
verbreite,spread
kleineres,smaller
adlige,noble
garland,garland
schüsseln,bowls
verratet,reveals
reinsten,purest
freundschaftlich,friendly
yohko,yohko
hobie,hobie
betraten,entered
mannschaften,teams
ausgebildeter,trained
belebt,revives
franzl,Franzl
versklaven,enslave
militärgericht,military court
kreuzigen,crucify
monet,money
relevanz,relevance
maat,maat
weiãÿ,white
gondel,gondola
ill,ill
aufzählen,enumerate
verschiedenes,various
raums,space
monstrum,monster
lene,Lene
unangenehmer,unpleasant
uschi,Uschi
strahlst,radiant
äußert,expresses
moulin,moulin
rollenspiel,role-playing game
nele,nele
paddeln,paddle
dojo,dojo
claudius,Claudius
swanson,swanson
hallie,hallie
meinungsverschiedenheiten,disagreements
meta-menschen,metahumans
feststellung,finding
erbärmliches,pathetic
wiederauferstehung,resurrection
manschettenknöpfe,cufflinks
rauszuwerfen,to throw out
anregend,stimulating
nelken,carnations
akbar,Akbar
rheuma,rheumatism
heathcliff,Heathcliff
vereitelt,thwarted
auszukommen,to get by
unverschämte,outrageous
interaktion,interaction
mahler,Mahler
sunday,Sunday
befreiend,liberating
aufgefüllt,refilled
blubbern,bubble
innerer,inner
ithaka,Ithaca
bae,bae
vermiesen,spoil
aaaah,aaaah
e.t.,e.t.
spul,spool
pausenraum,break room
lehnten,declined
setup1503,setup1503
paramount,Paramount
demzufolge,consequently
zito,zito
kaffeepause,coffee break
tröste,comfort
anus,anus
passion,passion
anzuvertrauen,to entrust
singende,singing
kristallkugel,crystal ball
dada,dada
peilung,bearing
ausreiten,horseback riding
richtern,judges
russlands,Russia's
sauberkeit,cleanliness
bezeichnete,designated
schlaflose,sleepless
abgestochen,stabbed
unmittelbare,immediate
verantwortungsvoll,responsible
tia,tia
theatre,theatre
verflogen,vanished
fütterst,feed
verteiler,distributor
motelzimmer,motel room
unseretwegen,because of us
us-dollar,US dollars
hingucken,look
wurmlöcher,wormholes
baumstamm,tree trunk
obrigkeit,authority
durchwühlen,rummaging through
erzürnt,angered
geheimnisvoller,mysterious
urban,urban
interstate,interstate
eingesprungen,stepped in
gesetzlose,lawless
abführmittel,laxative
bösartigen,malignant
opossum,possum
wiederherstellung,restoration
gant,gant
eingeweiden,entrails
familienvater,family man
aufging,opened
engländern,English
maßlos,excessive
hubot,hubot
sieb,sieve
bumpy,bumpy
gesät,sown
würmern,worms
pitch,pitch
fünfhundert,five hundred
flip,flip
angetrunken,drunk
emotionales,emotional
mysterien,mysteries
knalle,bang
pollen,pollen
flüssiges,liquid
rapunzel,Rapunzel
celal,celal
voyage,voyage
sinnloses,pointless
plaudert,chats
ok.,OK.
korkenzieher,corkscrew
urteilt,judges
zyklop,Cyclops
jd,jd
erdrückt,crushed
plural,plural
uah,Ugh
annullierung,cancellation
nachweis,proof
einwerfen,throw
festplatten,hard drives
arvid,arvid
domina,domina
shell,shell
zapata,zapata
somebody,somebody
dringlichkeit,urgency
gegenseitige,mutual
zielpersonen,target persons
fiesling,villain
mandat,mandate
abgeschirmt,shielded
dessous,lingerie
ar,ar
schäferhund,German Shepherd
aufzeigen,demonstrate
zurückerobern,recapture
chappie,Chappie
hülsen,pods
kontrollzentrum,control center
verschwindens,disappearing
dürftest,You should
pessimistisch,pessimistic
dschihad,jihad
neugierigen,curious
familienessen,family meal
anthropologie,anthropology
lindert,relieves
us-armee,US Army
blumenstrauß,bouquet
begnadigen,pardon
rausfinde,find out
dissertation,dissertation
violett,violet
delegierten,delegates
xoxo,xoxo
kräutern,herbs
steckdose,power outlet
pickett,pickett
kerosin,kerosene
umliegenden,surrounding
einfliegen,fly in
gottverlassenen,godforsaken
dämpfer,mute
lebensfreude,joy of life
generalprobe,dress rehearsal
bürgerliche,bourgeois
teds,teds
hypnotisieren,hypnotize
dci,dci
rumrennen,running around
schätzte,estimated
melodramatisch,melodramatic
lupin,lupin
mörderisch,murderous
spermien,sperm
brecheisen,crowbar
kjell,kjell
antreibt,drives
vermisstenanzeige,missing persons report
falling,falling
breaking,breaking
einweisung,instruction
annehmlichkeiten,amenities
rückgabe,return
christa,Christa
klinisch,clinical
ficker,fucker
abfuhr,removal
hanne,Hanne
tauschten,exchanged
kuli,pen
mori,mori
nachfolge,successor
abgenutzt,worn
vortanzen,audition
menschenhandel,human trafficking
abläufe,processes
lenz,spring
aufzusteigen,to rise
telefonaufzeichnungen,phone recordings
circus,circus
gegebener,given
ansteht,is pending
lieblingsbuch,favorite book
eingeatmet,inhaled
bagger,excavator
vereinfacht,simplified
nähmaschine,sewing machine
gnädigen,gracious
taktvoll,tactful
chocolate,chocolate
corpus,corpus
stinson,stinson
bundesregierung,federal government
willste,do you want
dominiert,dominates
kampfsport,martial arts
verurteilungen,convictions
durchbohren,pierce
erschreckst,frightens
überschlagen,estimate
cartwright,cartwright
spreizen,spread
sog,so-called
gegenseitigen,mutual
hernehmen,take
mcguire,McGuire
schuldigern,culprits
lamont,lamont
zähler,counter
ticktack,tick tock
massimo,massimo
belüge,lie
bewährungsauflagen,probation conditions
rasier,shave
durchgeht,through
atmete,breathed
entbinden,deliver
kims,Kim's
delikatesse,delicacy
heini,heini
austen,austen
bemerkenswerter,remarkable
beweisstücke,evidence
janis,Janis
frühes,early
besorgter,concerned
fotoapparat,camera
aka,aka
mazel,mazel
hiergelassen,left here
prado,Prado
feuerwehrleute,firefighters
katniss,Katniss
seligen,blessed
expansion,expansion
sternchen,asterisk
armenhaus,poorhouse
senkrecht,perpendicular
wohingegen,whereas
lothbrok,Lothbrok
abruf,retrieval
unterhaltet,entertains
abzuliefern,to deliver
explosiv,explosive
angeklagter,accused
ufern,shores
kneift,pinches
beordert,ordered
pumuckl,Pumuckl
versorge,supply
abgesägt,sawn off
gibraltar,Gibraltar
blinky,blinky
schlichten,simple
bastian,Bastian
segelboot,sailboat
blasmusik,brass band
abzüglich,less
berenson,Berenson
angeschleppt,dragged along
kuwait,Kuwait
banshee,banshee
mutigste,bravest
gehirntumor,brain tumor
bessert,improves
umgeworfen,knocked over
nyu,nyu
unerkannt,unrecognized
respektlosigkeit,disrespect
salve,volley
arzttermin,doctor's appointment
photo,photo
bestreben,strive
tims,Tims
malaysia,Malaysia
roz,roz
burrell,burrell
zahlenmäßig,numerically
deckte,covered
drogenbesitz,drug possession
beunruhigung,concern
hingehalten,Kept waiting
passierten,happened
objekten,objects
didn,didn
linderman,Linderman
urplötzlich,suddenly
stammzellen,stem cells
ausgestreckt,stretched
pres,press
visitenkarten,business cards
aug,aug
unbewohnt,uninhabited
chas,chas
unterkommen,accommodation
kelsey,Kelsey
jeanine,Jeanine
torten,cakes
nachschlagen,look up
flüchtlingslager,refugee camp
spielzeit,playing time
glückstreffer,lucky break
aya,aya
geisteskrankheit,mental illness
muessen,must
zerfetzen,tear to shreds
gewünschten,desired
roswell,Roswell
ausspricht,pronounces
aufzusetzen,to set up
konservatorium,conservatory
dima,dima
alastair,Alastair
lia,lia
kralle,claw
likör,liqueur
pinot,Pinot
ausbaden,to bear the brunt
romulus,Romulus
parallelen,parallels
nicholson,nicholson
ninh,ninh
geraumer,some time
fratze,grimace
broderick,Broderick
cabo,cabo
aufzubewahren,to store
bequeme,comfortable
staunst,are amazed
beifahrer,passenger
verweigerte,refused
mietete,rented
befragte,interviewed
angelt,fishing
pump,pump
tusch,fanfare
haarig,haired
überbringer,messenger
sicherheitsmann,security guard
analysiere,analyze
abendkleid,evening dress
phantasien,fantasies
gegenseite,opposite
einordnen,classify
keene,keene
umdreht,turns around
grönland,Greenland
fifty-fifty,fifty-fifty
zimmergenossen,roommates
wendest,turn
ina,ina
bedauernswert,regrettable
herumzulaufen,to walk around
leanne,Leanne
gottlieb,Gottlieb
zerstritten,divided
warden,warden
gladstone,gladstone
verlassenes,abandoned
anlauf,start
scouts,scouts
mögliches,possible
patientinnen,patients
bezaubernden,enchanting
römischer,Roman
yuko,yuko
beug,bend
rätselhafte,mysterious
priestern,priests
lästigen,annoying
dorothea,Dorothea
quäle,torment
fensterläden,window shutters
checkpoint,checkpoint
vogels,bird
improvisation,improvisation
gräueltaten,atrocities
bettzeug,bedding
peinlicher,embarrassing
smythe,Smythe
hasses,hate
lai,lai
gehäutet,skinned
noora,noora
auftauen,thaw
abgesandter,envoy
weltlichen,secular
anzulocken,to attract
cale,cale
hirnschaden,brain damage
geschätzter,estimated
schlaftablette,sleeping pill
fraglichen,questionable
telemach,telemach
gewandelt,transformed
sonnenstrahl,sunbeam
rausholt,extracts
durchtrennen,cut
jod,iodine
tatiana,Tatiana
britt,Britt
fiedler,fiddler
umsichtig,prudent
momentanen,current
udssr,USSR
sri,Sri
warzen,warts
berühmtheiten,celebrities
erkältest,catch a cold
aufständischen,insurgent
matthäus,Matthew
kongressabgeordneten,congressman
lyndon,lyndon
beschwerte,complained
puffer,buffer
veralbern,to mock
hinweist,indicates
kackt,poops
aufnahmeprüfung,entrance exam
winzling,tiny
frakturen,fractures
aki,aki
handelten,acted
chronische,chronic
reece,reece
valide,valid
familienunternehmen,family business
rosig,rosy
riskier,risk
übertreibung,exaggeration
glaubtest,you believed
benachrichtige,notify
teo,teo
posieren,posing
einzugestehen,to admit
30ern,30s
cheech,cheech
betreuerin,supervisor
knights,knights
mitbringst,you bring
gefallene,fallen
wirtschaftskrise,economic crisis
tankstellen,gas stations
sichtbaren,visible
logen,logs
waffenschein,firearms license
kunstgeschichte,art history
schwachpunkt,weak point
produktiv,productive
fabelhaften,fabulous
jie,jie
heiklen,delicate
rikers,rikers
laufpass,discharge
versteigerung,auction
abkriegen,get hit
entwickle,develop
auskünfte,information
grendel,grendel
arktis,Arctic
umkippen,tip over
hühnersuppe,chicken soup
bibliothekar,librarian
blackbox,blackbox
gastfreundlich,hospitable
sonntagabend,Sunday evening
shalom,shalom
bevorzugst,preferably
physiotherapie,physiotherapy
imaginäre,imaginary
besorgten,concerned
sprecherin,speaker
myrna,myrna
dodger,dodger
shots,shots
kennedys,Kennedy's
packungen,packages
zeichnest,draw
auszutricksen,to outsmart
abholung,pickup
wisteria,wisteria
chestnut,chestnut
quest,quest
kathi,Kathi
fittiche,wingtips
tigh,tight
benjy,benjy
zulässig,permissible
liefe,running
many,many
tracker,tracker
jämmerliche,miserable
irgendeines,any
schutzraum,shelter
zerrt,pulls
formulierung,formulation
geass,geass
ausgecheckt,checked out
kalkutta,Calcutta
fassungslos,stunned
extrapunkte,extra points
plätschert,splashing
mitbrachte,brought with her
höhnisch,mocking
erfülltes,fulfilled
effie,Effie
wunderhübsch,absolutely gorgeous
racine,racine
hergerissen,torn
skies,skis
vittorio,Vittorio
ergebener,devoted
gänseblümchen,daisy
maskenball,masquerade ball
mordet,murders
verkörpern,embody
abgabe,submission
algorithmen,algorithms
rockwell,Rockwell
ausgehändigt,handed out
familienleben,family life
aufenthaltsraum,lounge
gottseidank,Thank God
faulheit,idleness
durchführung,implementation
humanoide,humanoid
beibringt,teaches
übersicht,overview
independence,independence
abriss,demolition
vibrieren,vibrate
heat,heat
nachspiel,aftermath
neo,neo
durchlöchert,perforated
verbeugt,bows
stoppschild,stop sign
urgroßmutter,great-grandmother
blasse,paleness
übergriff,assault
bettdecke,duvet
mali,Mali
jessicas,Jessica's
bespreche,discuss
voraussehen,predict
blutkreislauf,circulatory system
wunderte,wondered
tack,tack
dede,dede
raffinierte,sophisticated
delilah,Delilah
flotter,faster
thrones,thrones
zutreffend,applicable
sprechenden,speaking
inhuman,inhuman
harpune,harpoon
übersprungen,skipped
aphrodite,Aphrodite
benötigst,do you need
diktiert,dictated
kabinen,cabins
entledigen,get rid of
siu,siu
olli,Olli
auftrieb,boost
triumphale,triumphant
strahlenden,radiant
blutgerinnsel,blood clot
gully,gully
geeigneter,suitable
renate,renate
steuergelder,taxpayers' money
dominik,Dominik
impfung,vaccination
seinesgleichen,his kind
nostradamus,nostradamus
entschließen,decide
blunt,blunt
soufflé,souffle
zitate,quotes
heuchlerin,hypocrite
heidenangst,terrifying fear
verdeck,convertible top
banana,banana
bändern,ribbons
gefaltet,folded
verankert,anchored
vitrine,display case
ikone,icon
zuhalten,to keep
granit,granite
geheimgang,secret passage
intelligence,intelligence
gefährdung,danger
dougal,dougal
pflock,peg
neely,neely
menschenblut,human blood
rahl,rahl
wiederzukommen,to return
erblühen,bloom
vollstrecker,Executioner
silikon,silicone
xindi,xindi
sutherland,Sutherland
homos,homos
bereitstellen,provide
mado,mado
softball,softball
verreise,travel
sets,sets
kriegsbeil,hatchet
schallplatten,vinyl records
med,med
boxkampf,boxing match
cocoa,cocoa
lebenswichtig,vital
bandenkrieg,gang war
trafst,met
flausen,foolishness
akkord,chord
mylords,my lords
fühler,sensor
tur,door
muttermilch,breast milk
beliebigen,any
bohrinsel,oil rig
fielding,fielding
striptease,striptease
hayward,Hayward
bosnien,Bosnia
pompeji,Pompeii
kampflaute,battle cries
arschtritt,kick in the ass
reinkarnation,reincarnation
holman,holman
postieren,position
mammi,mommy
pheebs,pheebs
bettelte,begged
bestätigten,confirmed
sedan,sedan
luftballons,balloons
belange,concerns
hieltest,held
jahrtausend,millennium
exklusive,exclusive
platin,platinum
quell,source
gayle,gayle
befrage,question
barrikaden,barricades
gaeta,Gaeta
glückszahl,lucky number
chez,chez
aufgekauft,bought up
identische,identical
luchs,lynx
hodor,Hodor
haien,sharks
friedliches,peaceful
turners,turners
ewald,Ewald
fahrschein,ticket
müllabfuhr,garbage collection
würze,wort
ersatzschlüssel,spare key
hummel,bumblebee
einbricht,breaks in
fernsehsendung,television program
sentimentalen,sentimental
tumore,tumors
durchblick,insight
soren,soren
bemalt,painted
verfüttert,fed
befehlskette,chain of command
anstiftung,incitement
schnauft,huffs
rohan,rohan
altersunterschied,age difference
oli,oli
integration,integration
talkshow,talk show
jos,jos
broyles,broyles
dunlop,Dunlop
dezernat,department
vollgepumpt,pumped full
rivale,rival
juno,Juno
indonesien,Indonesia
brathähnchen,roast chicken
zwitschert,chirps
bettruhe,bed rest
figaro,Figaro
mags,mags
santana,Santana
intensiven,intensive
gleichungen,equations
spaulding,spaulding
zurückkaufen,buy back
gelinde,mild
kimber,Kimber
atheist,atheist
schnellstraße,expressway
spionen,spies
augenlider,eyelids
dienstzeit,service time
endeten,ended
geschahen,happened
kotflügel,fender
ehepartner,spouse
zugenäht,sewn shut
anlegst,you create
korrekturen,corrections
erschufen,created
chirurgischen,surgical
agnès,Agnes
beachtliche,considerable
fühltest,felt
erregte,excited
kommodore,commodore
rausfliegen,get kicked out
moralischer,moral
patronenhülsen,cartridge cases
angesprungen,started
soldier,soldier
absehen,forego
cassius,Cassius
ernstfall,emergency
handfläche,palm
hochgezogen,pulled up
unsichtbarer,invisible
bügeleisen,iron
capitano,captain
hervorgebracht,produced
versetze,offset
chaney,chaney
eiweiß,protein
einzusammeln,to collect
zusammenpacken,pack
wangenknochen,cheekbones
erscheinungen,appearances
verwahrung,custody
norwegischen,Norwegian
befindest,are
tagein,day in
wanderst,hike
rt,rt
dupont,Dupont
ausstechen,cut out
sitzend,sitting
clear,clear
flussaufwärts,upstream
konservativen,conservative
rettungsmission,rescue mission
beobachteten,observed
thérèse,Thérèse
anfeuern,cheer
briefes,letters
tatorten,crime scenes
soundso,so-so
übelsten,worst
loyale,loyal
unfällen,accidents
diablo,Diablo
vagabund,rover
habens,have
eiszeit,ice age
housewives,housewives
giovanna,Giovanni
staune,marvel
verteidigungslinie,defense line
filialen,branches
bundesgefängnis,federal prison
verdirb,spoil
ergreifung,arrest
labore,laboratories
erfüllst,fulfill
makeup,make up
hurtig,quickly
hauptrollen,main roles
traveler,traveler
zerhackt,chopped up
cottage,cottage
bermudas,Bermudas
initiiere,initiate
cuthbert,cuthbert
organischen,organic
andrehen,turn on
trampolin,trampoline
jacksonville,Jacksonville
frumfondel,frumfondel
schlosser,locksmith
schnittwunden,cuts
verkäufe,sales
alarmsystem,alarm system
anbehalten,keep on
gewohnten,usual
fremont,Fremont
krankengeschichte,medical history
akademischen,academic
corn,corn
monatsende,end of month
exekutieren,execute
furchteinflößend,terrifying
shooting,shooting
benefizveranstaltung,benefit event
lã,lã
ausbreitung,spread
installation,installation
arrivederci,arrivederci
bluthund,bloodhound
ricks,ricks
feinheiten,subtleties
redlich,honest
zudecken,cover
beglückwünschen,congratulate
bears,bears
jahrtausenden,millennia
toskana,Tuscany
beweglich,movable
zuvorkommend,courteous
grundausbildung,basic training
ramse,ramse
mechanik,mechanics
begab,went
ungläubige,unbelievers
zulasse,allow
umkreist,surrounded
texaner,Texans
hinknien,kneel
bayou,bayou
anprobe,fitting
vieleicht,maybe
halluziniert,hallucinates
fasan,pheasant
zitadelle,citadel
dazwischengekommen,something happened
soames,soames
überkam,overtook
saug,suction
offenkundig,obviously
brimmer,Brimmer
allergische,allergic
autokino,drive-in cinema
kohlenhydrate,carbohydrates
bambus,bamboo
aufgeregte,excited
rina,rina
verkürzt,shortened
fernandez,fernandez
nachstellen,recreate
carries,carries
vereinte,united
fuzzy,fuzzy
tagaus,day in
dalai,Dalai
holzbein,wooden leg
rogue,rogue
eskimo,Eskimo
mt,mt
verstandes,understanding
komponente,component
detonieren,detonate
mandela,Mandela
erfrischungen,refreshments
einkaufsliste,shopping list
anwar,anwar
verpfuscht,botched
leitartikel,editorial
goldlöckchen,Goldilocks
bretagne,Brittany
appellieren,appeal
aufmischen,mix up
verfrachtet,transported
trügt,deceptive
arbeitslosen,unemployed
roslin,Roslin
mahone,Mahone
abzusehen,to be foreseeable
verwüsten,devastate
flussabwärts,downstream
busy,busy
entlässt,dismisses
korallen,corals
sicherungskasten,fuse box
zögerlich,hesitantly
halstuch,scarf
kleinkram,small items
germaine,germa
beschwörung,incantation
einfälle,ideas
abrams,Abrams
brianna,brianna
wegstecken,to put away
ultimate,ultimate
gleichstand,tie
museums,museums
bulgarien,Bulgaria
roma,Roma
wütet,rages
percival,percival
allmächtig,almighty
stinky,stinky
libyen,Libya
gase,gases
beep,beep
bryson,Bryson
dicky,dicky
kwai,kwai
skalp,scalp
geatmet,breathed
erhaltung,conservation
fließendes,flowing
trunk,trunk
zusammengeführt,merged
südkorea,South Korea
schlager,bat
keinster,none
farik,farik
elternabend,parents' evening
sissy,sissy
baumes,tree
jahrhundertelang,for centuries
dawes,dawes
widerwillig,reluctantly
fahrlässigkeit,negligence
einzigste,unique
albino,albino
störrisch,stubborn
mitgeben,to take along
bedienstete,servants
ulkig,funny
reinzuwaschen,to wash clean
hinwegzukommen,to get over
versagerin,failure
spaßbremse,killjoy
glich,equal
komplikation,complication
spaten,spade
kredithai,loan shark
entfernter,distant
direktem,direct
hohle,cave
verweigere,refuse
hofes,courtyard
einschüchterung,intimidation
kriegspfad,warpath
dichtgemacht,closed
ungeborenen,unborn
wackelig,shaky
chapo,chapo
vorschlaghammer,sledgehammer
ballern,blasting
peinlichkeit,embarrassment
otaru-sama,otaru-sama
sachlich,factual
bekanntmachung,notice
zerbrochenen,broken
auweia,Geez
feindlicher,hostile
vietnamesen,Vietnamese
iceman,iceman
ordentlicher,orderly
unsrer,our
arbeitslager,labor camp
heath,health
gulasch,goulash
frauenzimmer,women's room
netflix-originalserie,Netflix original series
arnaud,arnaud
zapfen,tap
rumänisch,Romanian
eleganter,elegant
berauschend,exhilarating
murat,murat
eingraviert,engraved
werkzeugkasten,toolbox
auftanken,refuel
vorbestimmt,predetermined
sit,sit
nim,nim
erfindest,invent
ogami,ogami
haynes,Haynes
gungellan,gungellan
bewerkstelligen,accomplish
stromnetz,power grid
hartman,Hartman
trainerin,trainer
funktionierende,functioning
unverbesserlich,incorrigible
erhalt,receipt
schneiderin,seamstress
serbien,Serbia
krasser,more extreme
gynäkologe,gynecologist
experimentelle,experimental
geht`s,is going
grinch,Grinch
feuerleiter,fire escape
visuellen,visual
kobe,kobe
sprengte,blew up
ringer,wrestlers
überfuhr,over
krauts,krauts
supernatural,supernatural
kontostand,account balance
axe,axe
beharrlich,persistent
spirit,spirit
bemüh,effort
überlastung,overload
koppel,coupling
barrel,barrel
zanken,bicker
minderheiten,minorities
tilgen,erase
vorzulesen,to read aloud
zurückzurufen,to recall
wittern,smell
norrell,norrell
queenie,queenie
maximus,maximus
lear,learn
ikarus,Icarus
turban,turban
calhoun,calhoun
drogenproblem,drug problem
bäuche,bellies
mehrerer,several
parallele,parallel
gekühlt,chilled
türklingeln,doorbell
reinkommst,come in
lösten,solved
abgesprungen,jumped off
weiblichkeit,femininity
sonderbare,strange
holbrook,holbrook
umschweife,detours
defense,defense
kühlhaus,cold storage
callgirl,call girl
heibt,heibt
stöpsel,plug
roan,roan
spinn,spin
schlechtere,worse
autowerkstatt,car repair shop
bestattung,funeral
murphys,Murphy's
nenner,denominator
schwangerschaftstest,pregnancy test
synchron,synchronous
nighthorse,nighthorse
transplantat,graft
commandant,commandant
gesandte,envoy
naturlich,naturally
einlauf,enema
schleuder,catapult
prägen,imprint
graut,gray
erfanden,invented
gezaubert,conjured
lomax,lomax
séance,seance
reade,read
drehort,filming location
luz,luz
ew,ew
strafrechtlich,criminal law
bezwecken,aim
verabscheuen,abhor
wirtschaftlichen,economic
zweitbeste,second best
höfliche,polite
trauernden,mourning
schürzenjäger,skirt chasers
eisig,icy
schmaler,narrower
berät,advises
friedensrichter,Justice of the Peace
rekonstruktion,reconstruction
gluck,happiness
pfannen,pans
verfaulen,rot
rojas,rojas
yael,yael
sezieren,dissect
rhetorische,rhetorical
dämpfen,dampen
vorhandenen,existing
weltherrschaft,world domination
hundehütte,doghouse
denton,Denton
beklagte,defendant
dany,dany
quickie,quickie
ga,ga
qin,qin
verunsichern,unsettle
fallschirme,parachutes
oral,orally
krücke,crutch
haschisch,hashish
abriegelung,lockdown
chopper,chopper
schmorbraten,pot roast
fatima,Fatima
verschwendete,wasted
masterson,masterson
wasserloch,waterhole
nomad,nomad
abwickeln,handle
hieraus,from this
knightley,Knightley
laverne,laverne
ewings,ewings
lästern,gossip
gillis,gillis
preisverleihung,award ceremony
peanutbutter,peanut butter
told,told
waggons,wagons
unzulässig,inadmissible
durchlesen,read through
mitreißen,sweep away
grafschaft,county
erkundige,inquire
und-,and-
mörderische,murderous
zwanghaft,compulsive
verarzten,treat
hagrid,Hagrid
hinreißen,captivate
schniedel,penis
wiederkehr,return
bestmögliche,best possible
gebremst,braked
rumpel,rumble
muad,muad
sen,sen
schwertes,sword
auszufüllen,to fill out
eggs,eggs
abstrich,smear
runterbringen,bring down
suu,suu
gedealt,dealt
weitesten,furthest
fabelhafter,fabulous
vorzeitige,premature
gebührend,due
pünktchen,dot
forderten,demanded
überschwemmung,flooding
erfundene,invented
hingegeben,surrendered
kotzbrocken,disgusting
rosamund,Rosamund
salzburg,Salzburg
brennendes,burning
gürtellinie,waistline
bagwell,bagwell
gcpd,gcpd
wandere,hike
gesegneten,blessed
maskiert,masked
vorzuschlagen,to propose
onn,onn
supernova,supernova
subraum,subspace
pulaski,Pulaski
alton,alton
partridge,Partridge
anzugträger,suit wearer
gypsy,gypsy
munsters,Munsters
wissenschaften,sciences
kolleginnen,colleagues
mitschuldig,complicity
ungenau,inaccurate
entfesselt,unleashed
pfade,paths
baseballspieler,baseball player
stethoskop,stethoscope
karina,Karina
schnaufen,panting
mechanischen,mechanical
lepra,leprosy
glasklar,crystal clear
fungieren,function
vermassel,messed up
magengeschwür,stomach ulcer
prohibition,prohibition
verbleibenden,remaining
peaks,peaks
spotten,mocking
abreist,departs
charisma,charisma
taifun,typhoon
cha-cha-cha,cha-cha-cha
cubs,cubs
geigenmusik,violin music
geschmückt,decorated
schrecklichste,most terrible
germanen,Germans
zynismus,cynicism
tricia,Tricia
minos,minos
gringos,Gringos
nairobi,Nairobi
rotz,snot
massenmord,mass murder
ideologie,ideology
übte,practiced
ha-ha-ha,ha-ha-ha
zoidberg,zoidberg
behaupteten,claimed
seriöse,reputable
mutmaßlichen,presumably
deluxe,deluxe
riegeln,lock
wagenheber,jack
nichtstun,do nothing
rafa,Rafa
fagin,fagin
zuckerguss,frosting
führungskräfte,management
ausborgen,borrow
angespült,washed up
drücker,push button
chamäleon,chameleon
thawne,thawne
atomkrieg,nuclear war
ems,EMS
lasso,lasso
sicherheitskräfte,security forces
klitzekleines,tiny
islands,islands
angelaufen,started
kondition,condition
litten,suffered
carlitos,carlitos
photonentorpedos,photon torpedoes
beschaffe,procure
ermutige,encourage
schlüsselloch,keyhole
flanders,Flanders
mischling,hybrid
filet,filet
beweggründe,motives
sameer,sameer
anthrax,anthrax
dramen,dramas
fähige,capable
kroll,kroll
geständnisse,confessions
kaffe,coffee
polk,polk
versiehst,provide
hommage,homage
diebesgut,stolen goods
mordverdacht,suspicion of murder
warwick,Warwick
israelischen,Israeli
markie,markie
tschitti,Chitty
umwandeln,convert
rechtschreibung,spelling
fraktion,fraction
ke,ke
brandzeichen,brand
perrin,Perrin
cetera,cetera
logischen,logical
messers,knife
einfältig,simple-minded
rückreise,return journey
aktualisieren,update
prächtiger,magnificent
besprechungen,meetings
anstrengende,strenuous
conroy,conroy
aguilar,aguilar
behüten,protect
umhören,listen
wüsten,deserts
lagune,lagoon
colors,Colors
einmarschieren,invade
governor,governor
einwilligen,agree
blackstone,blackstone
petroleum,petroleum
basierte,based
vorweisen,present
ilse,Ilse
zicken,bitches
zeitdruck,time pressure
donnerstagabend,Thursday evening
stricke,knit
frontal,frontal
runtergeht,goes down
schmale,narrow
pressesprecher,press spokesman
schamhaare,pubic hair
unüblich,unusual
unwiderruflich,irrevocably
klarkommt,copes
versteinert,petrified
gewalteinwirkung,impact of violence
durchgeknallten,crazy
petes,petes
oberkellner,head waiter
navigieren,navigate
tapferes,brave
kau,kau
deans,deans
walross,walrus
beizuwohnen,to attend
unterarm,forearm
ritzen,scratches
relikt,relic
sicherheitsrisiko,security risk
akzeptanz,acceptance
plötzlicher,sudden
unterbrechungen,interruptions
schussweite,firing range
profile,profile
schlauberger,smarty-pants
radfahren,ride a bike
ucla,ucla
backpage,backpage
airwolf,airwolf
borgias,Borgias
buchs,boxwood
gettysburg,Gettysburg
behind,behind
empfängnis,conception
meerschweinchen,guinea pigs
feindlich,hostile
schändlich,shameful
fillory,fillory
mumble,mumble
robbi,Robbi
savoy,Savoy
basislager,base camp
ihrs,hers
fünfjährigen,five-year-old
statisten,extras
lakers,Lakers
tablet,tablet
transformation,transformation
donnell,donnell
euretwegen,Because of you
terrorisieren,terrorize
fata,fata
distanzieren,distance
ställen,stables
tierischen,animal
jiro,Jiro
abservieren,serve
kinderstimmen,children's voices
sharif,Sharif
fallschirmspringer,parachutist
energiefeld,energy field
dienstagabend,Tuesday evening
leitern,ladders
strategischen,strategic
cy,cy
napalm,napalm
csi,CSI
aftershave,aftershave
vorbeigebracht,brought over
brahms,Brahms
bildmaterial,image material
externe,external
vortritt,priority
knick,kink
hagel,hail
verüben,commit
kuß,kiss
muppets,Muppets
slums,slums
maury,maury
wegbeschreibung,directions
reingeht,goes in
deponieren,deposit
wiegst,weigh
caddy,caddy
unerfreulich,unpleasant
ingram,ingram
maren,maren
fixieren,fix
dussel,fool
auslöste,triggered
genauestens,very precisely
attentate,assassinations
regulären,regular
atemwege,airways
hammelburg,Hammelburg
hjørdis,hjørdis
kostspielig,expensive
pilgrim,pilgrim
bratva,bratva
joana,Joana
herkriegen,get it
heruntergeladen,downloaded
planmäßig,as planned
ohrläppchen,earlobe
geber,donor
gutscheine,vouchers
winthrop,winthrop
unbeaufsichtigt,unattended
gestiftet,donated
misere,misery
g.i.,g.i.
entsenden,send
anfasse,touch
erdnuss,peanut
heulend,howling
fußabdruck,footprint
bestrafst,punish
rute,rod
voreilige,premature
aufgeblasener,inflated
mas,mas
zerdrückt,crushed
beer,beer
hungriger,hungry
früheres,former
abzubauen,to dismantle
verschissene,fucking
akademische,academic
turnen,do gymnastics
davonzulaufen,to run away
fife,fife
tetsuo,tetsuo
einlass,inlet
neugeborene,newborn
minze,mint
herauskam,came out
pflügen,plow
einnahme,income
luthors,Luthers
blast,blast
lyrik,poetry
spiegeleier,fried eggs
sexistisch,sexist
gerissene,cunning
vietcong,Viet Cong
rösten,roast
gezuckt,flinched
kriegsgefangene,prisoners of war
schumann,Schumann
cookies,cookies
raffinerie,refinery
testperson,test subject
unüberlegtes,ill-considered
festzulegen,to determine
angeschissen,pissed off
auszustellen,to exhibit
quagmire,quagmire
skelette,skeletons
effektive,effective
wacker,brave
fußballer,footballer
reiss,tear
angelächelt,smiled
eingeloggt,logged in
bergmann,miner
unterworfen,subjected
ausgemalt,colored
rechtsbeistand,legal aid
tannenbaum,fir tree
angerannt,ran
eingegriffen,intervened
hochrangigen,high-ranking
silke,silke
schwesternschaft,sisterhood
krawall,riot
kontrollfreak,control freak
akkordeon,accordion
whitaker,Whitaker
beastmaster,beastmaster
riesenerfolg,huge success
bajoranische,Bajoran
vollkommener,perfect
verwechsle,confuse
weggeräumt,put away
müllmann,garbage collector
mäuler,mouths
eingangshalle,entrance hall
durchgeben,pass
lakritze,liquorice
gegenständen,objects
lupo,lupo
chavez,chavez
kongresses,congress
theaters,theaters
wertlosen,worthless
dünnem,thin
vogler,vogler
vorschlug,suggested
vordergrund,foreground
schrumpft,shrinks
winkler,Winkler
100-mal,100 times
hinschmeißen,quitting
synthetische,synthetic
alvey,alvey
fahrwerk,chassis
feldman,Feldman
schatzkarte,treasure map
angesehene,respected
gardiner,gardiner
schaukelstuhl,rocking chair
junction,junction
williamsburg,Williamsburg
eiswasser,ice water
foot,foot
ingwer,ginger
großartigste,greatest
murdoc,murdoc
wühlt,rummages
zweitausend,two thousand
getürmt,fled
kaufleute,merchants
rayna,Rayna
elya,elya
einzelteile,individual parts
ausgesaugt,sucked out
seelische,mental
differenz,difference
granada,Granada
schätz,estimate
plump,clumsy
niedlichen,cute
abwägen,weigh up
erschaffung,creation
spartaner,Spartan
reagierten,reacted
volltanken,fill up
serben,Serbs
verwesung,decay
xanax,xanax
liebeslied,love song
bedeutendes,significant
walnüsse,walnuts
aber-,but-
widerst,resist
rappen,rap
biggs,Biggs
familienname,surname
deko,decoration
verschwörungstheorien,conspiracy theories
ausgefragt,interrogated
elder,elder
kobol,kobol
göteborg,Gothenburg
etablieren,establish
zurückgreifen,resort
stadträtin,city ​​councilor
wohnhaft,residing
wirkungsvoll,effective
weltordnung,world order
untier,monster
m-m,m-m
exklusiven,exclusive
donahue,donahue
überprüften,checked
schlaflied,lullaby
antiquität,antique
aufhebens,fuss
rittern,knights
flechten,braids
reingefahren,drove in
kommentator,commentator
spritzte,sprayed
zeche,coal mine
gesprächspartner,conversation partner
erstklassiges,first-class
schramme,scratch
zeitungsartikel,newspaper article
empörend,outrageous
übereifrig,overzealous
ausgepeitscht,whipped
verirrte,lost
sellers,sellers
mitbringe,bring
bekloppten,crazy
kreta,Crete
pictures,pictures
otaru-kun,otaru-kun
garn,yarn
mitgefahren,rode along
egan,egan
westminster,Westminster
antichrist,antichrist
dragons,dragons
habib,habib
zerriss,torn
laber,blah
este,este
prompt,prompt
hausnummer,house number
frachtschiff,cargo ship
mitzuspielen,to participate
bullet,bullet
talon,talon
mentorin,mentor
dürren,dry
manipulierte,manipulated
aldrin,aldrin
kellnerinnen,waitresses
mustern,pattern
anhielt,stopped
vorgeschrieben,required
brüderlichkeit,fraternity
work,work
sentinel,sentinel
tupfer,swab
herzmassage,heart massage
dow,down
bellick,bellick
krebse,crabs
übernatürliches,supernatural
christlich,Christian
verteilte,distributed
interessierten,interested
hunk,hunk
gravitation,gravity
anson,anson
dosierung,dosage
zugibst,you admit
wichsern,masturbating
hülse,sleeve
ungehobelt,uncouth
weggekommen,got away
papperlapapp,Nonsense
horch,listen
verschmolzen,merged
anzurühren,to touch
landeerlaubnis,landing permit
mailen,email
gespann,team
kaltem,cold
zündete,ignited
kürzlichen,recent
beisein,presence
u.s.s.,etc.
breakfast,breakfast
kühlbox,cooler
abtrünnigen,renegade
klinischen,clinical
langdon,Langdon
geltung,validity
müllwagen,garbage truck
fûr,for
augenarzt,ophthalmologist
petrelli,petrelli
versammlungen,meetings
schusswaffe,firearm
horen,hear
shooter,shooter
eilte,rushed
vorzuweisen,to present
revision,revision
schularbeiten,schoolwork
drogenabhängig,drug addict
unpässlich,indisposed
unterhielt,entertained
entflohenen,escaped
peach,peach
mathematische,mathematical
fettig,greasy
akkie,Akkie
cybermen,cybermen
bissspuren,bite marks
stimulieren,stimulate
gedenkst,do you remember
sentimentalität,sentimentality
monkeys,monkeys
ehrbare,honorable
identifizierten,identified
fessle,bondage
gutgeht,goes well
paddel,paddle
kline,kline
begeisterte,enthusiastic
hazienda,hacienda
arcy,arcy
samstagmorgen,Saturday morning
fänger,catcher
monopoly,monopoly
münder,mouths
rivalität,rivalry
algier,Algiers
ergebenheit,devotion
flüssen,rivers
hingesehen,looked
panzern,tanks
girard,Girard
keenan,keenan
grundstein,foundation stone
geburten,births
schützte,protected
sohle,sole
kellerman,Kellerman
legitime,legitimate
floki,floki
umbrachten,killed
treibsand,quicksand
hinterland,hinterland
erstsemester,first-year students
komischerweise,strangely enough
wiederbekommen,get it back
trojaner,Trojan
gebräu,brew
salinger,Salinger
abzureißen,to demolish
errungenschaften,achievements
schicksale,fates
abbrennen,burn
madre,madre
farah,farah
prestige,prestigious
skull,skull
phosphor,phosphorus
drover,drover
tunesien,Tunisia
hoffnungsvoll,hopeful
hocke,squat
satoshi,satoshi
rehabilitiert,rehabilitated
euphorie,euphoria
stürmte,stormed
justus,justus
abgewöhnen,break the habit
anreden,address
trio,trio
elfi,elfi
beisteuern,contribute
wachsenden,growing
windes,wind
b.j.,b.j.
weltmeisterschaft,world championship
forces,forces
hausverbot,house ban
childs,children
shaka,Shaka
kreation,creation
riesenproblem,huge problem
umringt,surrounded
unterbringung,accommodation
geflucht,cursed
amélie,Amélie
schmeichler,flatterer
benötigten,needed
jaha,yeah
mobilen,mobile
geschworener,sworn sworn
ausgesorgt,financially secure
abdullah,Abdullah
mayhew,mayhew
fortschrittlich,progressive
schweinereien,dirty tricks
streitest,argue
premierministers,prime ministers
samcro,samcro
gehänselt,teased
fresst,eats
klitzekleine,tiny
nevins,nevins
ostens,east
höllenfeuer,hellfire
pacht,lease
kaltgemacht,colded
hammel,mutton
geohrfeigt,slapped
puppenhaus,dollhouse
brezeln,pretzels
behielten,retained
julies,Julie's
maxie,maxie
schlichte,simple
unterschiedlicher,different
einhörner,unicorns
monopol,monopoly
besoffener,drunk
diesjährige,this year
zusatzartikel,additional items
lobo,lobo
rassistische,racist
vicente,Vicente
schuldgefühl,guilt
astronomie,astronomy
lucio,Lucio
gehangen,hung
intimen,intimate
intellektueller,intellectual
geschlechtskrankheit,sexually transmitted disease
katzenfutter,cat food
aufzufallen,to stand out
wassermann,Aquarius
perversion,perversion
patentante,godmother
erbeutet,captured
riza,Riza
landschaften,landscapes
äpfeln,apples
brüll,roar
tourismus,tourism
hochrangige,high-ranking
schnösel,snob
wrestler,wrestler
zuzuschauen,to watch
ausbeuten,exploit
rauszulassen,to release
spielzimmer,playroom
lassiter,lassiter
spezialeffekte,special effects
gollum,Gollum
gerber,tanner
reingehst,go in
angestoßen,initiated
arlette,Arlette
alls,all
neugeboren,newborn
äußerster,outermost
bjorn,bjorn
überreiche,hand over
ablehnte,rejected
dyad,dyad
cruchot,cruchot
durchkreuzen,thwart
zuhöre,listen
ehrwürdiger,venerable
hauptverdächtigen,main suspect
zwölften,twelfth
zurückließ,left behind
aufgebot,muster
vollendung,completion
sümpfe,swamps
stimmbänder,vocal cords
rehe,deer
brasilianer,Brazilian
hochinteressant,very interesting
rochefort,Rochefort
schiri,referee
auktionshaus,auction house
geldverschwendung,waste of money
schampus,bubbly
mulders,Mulders
herschicken,send here
genehmigungen,permits
leyla,Leyla
makrele,mackerel
kriegsgefangener,prisoner of war
neumann,Neumann
berufsrisiko,occupational risk
versprachst,promised
fortgeschrittenen,advanced
kerbe,score
mr.orange,mr.orange
boje,buoy
krankenzimmer,hospital room
maskierten,masked
quälte,tormented
sektoren,sectors
simse,text
blazer,blazer
zwanglos,casual
rückbank,rear seat
suffolk,Suffolk
radon,radon
künstlicher,artificial
botschafters,ambassador
drangekriegt,got it
abraten,advise against
schadensersatz,damages
ibiza,Ibiza
weintrauben,grapes
verurteilst,condemn
befürchtungen,fears
lupus,lupus
dugan,dugan
zuständigkeitsbereich,area of ​​responsibility
beglückt,delighted
tts,tts
laufschritt,running step
hintergründe,backgrounds
dianne,dianne
frommen,pious
sears,sears
geborener,born
blutspur,trail of blood
aufrichten,erect
lula,lula
timo,timo
schmierigen,greasy
draufhast,You've got it
wertloses,worthless
geschlechtskrankheiten,sexually transmitted diseases
vokabular,vocabulary
schwirrt,buzzing
ssen,ssen
strategische,strategic
glamourös,glamorous
direktoren,directors
public,public
saboteur,saboteur
buchhalterin,accountant
somalia,Somalia
klapperschlange,rattlesnake
armageddon,Armageddon
harmonische,harmonious
phoebes,Phoebes
bradford,Bradford
pep,pep
lilie,lily
angedockt,docked
ru,ru
mtv,mtv
herausfanden,discovered
frannie,frannie
pidge,pigge
erbse,pea
verschmelzung,merger
hakan,Hakan
gelüste,cravings
emmanuel,Emmanuel
leuchtend,bright
lis,lis
republikanische,Republican
slips,briefs
eisigen,icy
materiellen,material
belize,Belize
zopf,plait
volker,Volker
sicherheitszone,security zone
éric,Eric
erschlug,killed
rancho,rancho
sakrament,sacrament
geschäftsessen,business lunch
salud,salud
hürde,hurdle
teufelskreis,vicious circle
mile,mile
gazette,gazette
grobian,ruffian
liebenswerte,lovely
zudrücken,squeeze
suizid,suicide
fähiger,capable
entmutigt,discouraged
bücherregal,bookshelf
children,children
milk,milk
stoppuhr,stopwatch
röhrchen,tube
social,social
knöpf,button
defekte,defective
spuckst,spit
langfristige,long-term
auswirkt,effects
interessanteste,most interesting
deena,deena
unerklärliche,inexplicable
fröhlichkeit,happiness
iraner,Iranians
rohen,raw
saftigen,juicy
anaïs,anais
jussi,jussi
däumchen,thumbs up
reservierungen,reservations
wachsamkeit,alertness
rasierwasser,aftershave
strahlender,radiant
einteilen,divide
lindas,Linda's
erinnerten,remembered
spasti,spastic
ruß,soot
balkan,Balkans
kents,Kents
einfahren,drive in
fossil,fossil
goran,Goran
clea,clear
andromeda,andromeda
schmerztabletten,painkillers
verwendest,use
teenagern,teenagers
stryker,stryker
anzukommen,to arrive
carnegie,Carnegie
schwerverbrecher,serious criminals
brennholz,firewood
kostümen,costumes
s01e01,s01e01
schmuggelware,contraband
wirbeln,swirl
unhörbar,inaudible
verwunderlich,surprising
gue,gue
unsereins,us
schiess,shoot
akkorde,chords
geisterstadt,ghost town
schnuppern,sniff
megumi,Megumi
abgestempelt,stamped
eingebrannt,burned in
oberstes,top
herbrachte,brought here
norwegische,Norwegian
übergriffe,assaults
dyke,dyke
a.l.i.e.,a.l.i.e.
condor,condor
nuggets,nuggets
tilly,tilly
poststelle,post office
nomine,nomine
systemen,systems
schönheitsschlaf,beauty sleep
plappern,chatter
esstisch,dining table
scorpius,scorpius
stäbe,rods
einlädst,invites
konsum,consumption
reiden,riding
westchester,Westchester
scheidungsanwalt,divorce lawyer
tierklinik,veterinary clinic
dünnes,thin
eingefügt,inserted
unattraktiv,unattractive
ruprecht,Ruprecht
evi,evi
aufführt,performs
kartei,card index
gagarin,Gagarin
gehandhabt,handled
entsandt,dispatched
konkreten,specific
steuerhinterziehung,tax evasion
affenlaute,monkey noises
quadrant,quadrant
auseinandersetzungen,disputes
wilton,wilton
pedal,pedal
rektorin,rector
rausgeschickt,sent out
zugedeckt,covered
speere,spears
rawlings,rawlings
besonnen,prudent
panthers,panthers
zahnärzte,dentists
stimmungsschwankungen,mood swings
treuhandfonds,trust funds
zauberkräfte,magical powers
preisschild,price tag
bezauberndes,enchanting
hannover,Hannover
gable,gabel
cäsars,Caesar's
wegfuhr,drove away
grünzeug,greens
store,store
teamgeist,team spirit
standorte,locations
stände,stands
rebellieren,rebel
nördliche,northern
schnürchen,string
franzi,Franzi
comte,comte
geradestehen,stand upright
versteigern,auction
dowd,dowd
mexikanisch,Mexican
schund,trash
ferngehalten,kept away
hochsicherheitstrakt,high-security wing
abgerechnet,billed
ausruf,exclamation
ausgrabung,excavation
erblickte,saw
schatzmeister,treasurer
befehlt,commands
industriellen,industrial
widersacher,adversary
aussaugen,suck out
jia,jia
slick,slick
zusammenzusetzen,to assemble
wettlauf,race
hickey,hickey
paragraf,paragraph
zurücksetzen,reset
reproduzieren,reproduce
erhellt,illuminated
prothese,prosthesis
tenoch,tenoch
vollstes,fullest
widder,Aries
sprüchen,sayings
gefängnisdirektor,prison director
geblufft,bluffed
baufirma,construction company
abgestoßen,repelled
herangehensweise,approach
erstickst,suffocate
beteten,pray
20ern,20s
tahoe,Tahoe
liebesnest,love nest
nitro,nitro
leichtsinn,recklessness
plankton,plankton
sanftes,gentle
flüsterst,whisper
shui,shui
alexej,Alexey
kollabieren,collapse
tada,tada
jahrtausende,millennia
fortschritts,progress
verdaut,digested
promi,celebrity
hungert,starving
dufte,fragrant
monas,monas
wermut,wormwood
waschanlage,car wash
farnese,Farnese
schenkten,gifts
egos,egos
stürmer,striker
mittelgroß,medium-sized
margareta,Margareta
gründlicher,thorough
widersprüche,contradictions
zusammenzuhalten,to stay together
einkaufswagen,shopping cart
verkuppelt,matched
bemerkenswerten,remarkable
vollstreckt,executed
galten,applied
sanford,Sanford
unterschlagung,embezzlement
schrill,shrill
radioaktiven,radioactive
telefonrechnung,phone bill
asbest,asbestos
victors,Victors
weigerung,refusal
prachtkerl,Magnificent fellow
zugeschickt,sent
nachlaufen,chasing after
überhitzt,overheated
hari,hari
aufgeschoben,postponed
gefallt,pleases
schimpfwörter,swear words
kapitalverbrechen,capital crime
hochgejagt,high-pressure system
schamane,shaman
sparte,division
bruchstücke,fragments
flieder,lilac
inspirierte,inspired
entspannst,You relax
düsen,jets
rammte,rammed
steppe,steppe
zumutung,imposition
günter,Günter
clip,clip
tennisplatz,tennis court
überkommt,overcomes
erlaubten,allowed
kontrollierten,controlled
betts,beds
feindin,enemy
dunkelkammer,darkroom
anarchisten,anarchists
jump,jump
telepathische,telepathic
intubieren,intuba
rüberbringen,convey
libido,libido
gebildete,educated
hankmed,hankmed
wöchentliche,weekly
klauten,stole
hanover,Hanover
mikhail,Mikhail
verhaltensmuster,behavioral patterns
stresst,stress
attest,certificate
verhängen,impose
schaun,look
batzen,battens
jh.,1st century
rationale,rational
potenziell,potentially
waffenhandel,arms trade
très,très
croft,croft
strukturelle,structural
ove,love
mitreden,have a say
crewmitglied,crew member
königreiches,kingdom
glühend,glowing
schießeisen,firearm
angelas,Angelas
wheels,wheels
landeanflug,landing approach
foods,foods
verstärkte,reinforced
gütige,kind
fond,fund
wentworth,wentworth
trolljäger,trollhunter
warteraum,waiting room
vadim,Vadim
vereiteln,thwart
schamgefühl,sense of shame
einsatzleiter,incident commander
heimtückisch,insidious
runterspülen,flush
observatorium,observatory
verbarrikadiert,barricaded
umwandlung,conversion
belastende,stressful
rhoades,Rhoades
cuchillo,cuchillo
flattert,flutters
dehnt,stretches
anything,anything
collette,collette
funny,funny
toine,toine
korsika,Corsica
befehligt,commands
mikrofone,microphones
überlebender,survivor
v.a.,especially
schelm,rogue
kundschafter,scout
billardtisch,billiard table
aussenden,send
historisches,historical
ausbauen,expand
umwerfende,stunning
treffend,apt
springbrunnen,fountain
varus,Varus
rückzahlung,repayment
schnuller,dummy
simulationen,simulations
fischerboot,fishing boat
livingston,livingston
verne,verne
milhouse,milhouse
befrei,free
pinzette,tweezers
bader,bader
doughnuts,doughnuts
dirigieren,conduct
navarro,Navarro
dena,dena
stämmen,stems
bliss,bliss
süchtige,addicts
menschenfreund,philanthropist
talking,talking
süßesten,sweetest
gewählten,selected
sleep,sleep
fetisch,fetish
rohren,pipes
grossman,grossman
ceren,ceren
mistelzweig,mistletoe sprig
metaphorisch,metaphorically
grauenvolle,horrible
nos,nos
abgekühlt,cooled
commissaire,commissaire
betraut,entrusted
schmier,lubrication
versank,sank
überrumpeln,overwhelm
abstinenz,abstinence
sie.,she.
hor,hor
schwerwiegende,serious
hauptfigur,main character
konservative,conservative
außerirdisch,extraterrestrial
blöken,bleating
jud,jud
bewältigt,coped
morelli,morelli
lir,lir
steppen,steppe
überführung,transfer
gehilfe,mate
königsfamilie,royal family
mindern,reduce
beehrt,honored
dib,dib
eisbergs,iceberg
feindschaft,enmity
rhythmisches,rhythmic
carrington,Carrington
harveys,Harvey's
tuco,tuco
merlins,Merlin's
heutiger,today's
weltkriegs,World War
krematorium,crematorium
verhinderte,prevented
tam,tam
greifbar,tangible
landleben,country life
verfliegt,evaporates
konföderation,confederacy
weeds,weeds
goldmedaille,gold medal
tanga,tanga
krankhaft,pathological
bannen,ban
demonstrationen,demonstrations
kima,Kima
promenadendeck,promenade deck
bb,bb
sakko,jacket
quallen,jellyfish
beschwipst,tipsy
streichle,pet
grundbesitz,real estate
priesters,priests
gegönnt,indulged
weinten,cried
degubrut,degu brood
blutiges,bloody
sondermeldung,special announcement
heilte,healed
rosi,Rosi
eichen,oaks
hotch,hotch
kaiserreich,empire
einfachere,simpler
vorrecht,privilege
geröstet,roasted
trouble,trouble
schalom,Shalom
trickster,trickster
stiefsohn,stepson
bekir,bekir
angeschaltet,switched on
überwältigende,overwhelming
aufstehst,you get up
durchzuhalten,to persevere
pheromone,pheromones
grapefruit,grapefruit
tatorte,crime scenes
bewahrst,preserve
notfallplan,emergency plan
feminin,feminine
blutfluss,blood flow
williamson,Williamson
seelisch,mentally
gelenke,joints
südosten,southeast
blinken,flash
spiritueller,spiritual
verbleibende,remaining
tillman,tillman
pickles,pickles
handicap,handicap
überraschenderweise,surprisingly
repräsentiere,represent
enormer,enormous
cato,Cato
fei-hung,fei-hung
jordy,jordy
mobilisiert,mobilized
schwächsten,weakest
albin,albin
melancholie,melancholy
grissom,Grissom
snowden,Snowden
tickende,ticking
abgefahrene,crazy
thornhill,thornhill
einschlafe,falling asleep
bubbles,bubbles
fiele,fell
untat,crime
ausgezeichnetes,excellent
gerieben,grated
reinzuziehen,to in
spezialitäten,specialties
nachtklub,nightclub
bündeln,bundle
annähen,sew
fromme,pious
meeresboden,seabed
oberstufe,upper secondary level
geheuer,safe
burgess,burgess
eispickel,ice pick
singend,singing
holzweg,dead end
abgemeldet,logged out
schwächste,weakest
kleb,glue
anhöhe,hill
vergänglich,ephemeral
moni,moni
übergebt,handed over
desertiert,deserted
holosuite,holosuite
untersuchungsrichter,investigating judge
federico,Federico
zutreffen,apply
abhaben,have
takeda,takeda
jolene,jolene
krystal,crystal
wachse,grow
konkurrent,competitor
zermalmen,crush
kundgebung,rally
unzufriedenheit,discontent
übernachtung,overnight stay
nano,nano
matisse,Matisse
schisser,cowards
alina,alina
downing,downing
rudd,rudd
einräumen,to accommodate
weiterentwickeln,further develop
button,button
sabbern,drooling
aufzwingen,imposition
allseits,all
jarle,jarle
neuralen,neural
lino,lino
dankte,thanked
gennaro,gennaro
untergeschoben,smuggled
zwergen,dwarves
hinwollen,want to go there
blow,blow
halbnackt,half-naked
mojo,mojo
enough,enough
fandst,found
heldentat,heroic deed
fm,fm
niederträchtig,despicable
yong,yong
tatsächlichen,actual
hildegard,Hildegard
angehöriger,relative
wiedereintritt,re-entry
trisha,Trisha
jase,jase
umfangreiche,extensive
verwahren,store
middleton,middleton
brieftaschen,wallets
planke,plank
verfasser,writer
abgesandten,envoy
staatlich,state
knopfdruck,push of a button
gegrüßet,Greetings
erfolgreiches,successful
rana,rana
hämorrhoiden,hemorrhoids
pocht,insists
nepal,Nepal
tröpfchen,droplet
immerdar,forever
zusammengetan,joined forces
angebaut,cultivated
zitternd,trembling
währen,during
foggy,foggy
ärgerte,annoyed
nemesis,Nemesis
vernissage,opening
achtzig,eighty
übertragenen,transferred
spezifisch,specific
larrys,Larry's
frey,frey
schwermütige,melancholy
leda,leda
beißer,biter
strafverteidiger,criminal defense lawyer
simón,Simon
verdorbene,spoiled
asta,asta
heimfahrt,journey home
alley,alley
computerstimme,computer voice
berührten,touched
latif,latif
fragment,fragment
steuere,tax
bescheidenes,modest
rumzusitzen,to sit around
überlebenschance,chance of survival
raffinierter,refined
bois,bois
besprüht,sprayed
geschlechter,genders
hirntumor,brain tumor
fame,fame
elke,Elke
untermauern,to substantiate
nike,nike
buona,good
radieschen,radish
umarmte,embraced
schmelze,melt
gurte,straps
queue,queue
auftischen,serve
stadtverwaltung,city ​​administration
scar,scar
schlummert,slumbers
gör,brat
elis,Elis
hochzeitstorte,wedding cake
beknackt,crazy
gekochte,cooked
genre,genre
jessup,jessup
bisweilen,sometimes
paranoide,paranoid
gieße,pour
erbte,inherited
handfeste,tangible
verdreifacht,tripled
scheußlichen,hideous
frankensteins,Frankenstein's
netzwerke,networks
leone,Leone
vorurteil,prejudice
entzugsklinik,detox clinic
aufrichtiger,sincere
tv5monde,tv5monde
hitzewelle,heat wave
tränken,soak
leichtgläubig,gullible
judys,Judy's
verbarrikadieren,barricade
lehrten,taught
painted,painted
augusta,Augusta
scherereien,troubles
verleihe,lend
speist,dines
weihnachtstag,Christmas Day
belehrt,instructed
gluckst,chuckles
undankbares,ungrateful
marchand,marchand
konfuzius,Confucius
theseus,theseus
krönen,crown
schreiner,joiner
enrico,Enrico
monatliche,monthly
demetrius,demetrius
kollaps,collapse
mango,mango
assimiliert,assimilated
verb,verb
sichtbare,visible
rattenloch,rat hole
heroes,heroes
earle,earle
schriftlichen,written
dielen,floorboards
zukünftiges,future
ese,es
nikolaj,Nikolaj
tulpe,tulip
exkursion,excursion
telefongespräch,telephone conversation
praktiken,practices
verdorbenen,spoiled
saxophon,saxophone
kieker,kieker
gestörten,disturbed
vermarkten,market
gepennt,slept
organen,organs
klette,burdock
niedergang,decline
nervigen,annoying
xbox,Xbox
yun,yun
augenfarbe,eye color
hieroglyphen,hieroglyphs
howards,Howards
todeszelle,death row
anhänglich,clingy
anstreben,aim
dito,ditto
wusst,knew
verschifft,shipped
flugzeugträger,aircraft carrier
kutte,habit
albträumen,nightmares
inger,inger
sum,sum
verdachts,suspicion
tisches,table
helge,Helge
djinn,djinn
vergleichbares,comparable
elly,elly
funkt,works
tagtäglich,daily
hinging,went
adrianna,Adriana
dienstnummer,service number
cooke,cooke
adelheid,Adelheid
doku,documentary
lotion,lotion
ausführt,executes
durchgelesen,read through
hiernach,after this
hinterfragt,questioned
erwirkt,achieved
tanzenden,dancing
geglückt,successful
panikattacken,panic attacks
atkins,atkins
mangeln,lack
eisschrank,refrigerator
nelsons,Nelsons
kenichi,kenichi
einhalt,Stop
prüfer,examiner
geflossen,flowed
hochwertige,high-quality
bereist,traveled
wunschdenken,wishful thinking
ça,ça
dukes,Dukes
hysterische,hysterical
zurücklässt,leaves behind
schmusen,cuddling
verstreichen,elapse
bundesgericht,federal court
winifred,Winifred
thx,Thanks
entlassungen,redundancies
genetik,genetics
bequemen,comfortable
undeutliche,indistinct
br,br
mcclane,McClane
vorstandssitzung,board meeting
beam,beam
ihretwillen,for her sake
frisuren,hairstyles
atomare,atomic
geerntet,harvested
hubots,hubots
regisseurin,director
zurückgehe,go back
abgewehrt,repelled
dressing,dressing
brook,brook
einlud,invited
verrücktesten,craziest
nachempfinden,empathize
rosenkohl,Brussels sprouts
tatsuya,tatsuya
niedliches,cute
spitzt,pointed
schachspiel,chess
deportiert,deported
moiiari,moiiari
jämmerlicher,miserable
playstation,PlayStation
conte,conte
blabla,blabla
koordination,coordination
anbrüllen,yelling
bärte,beards
thackery,thackery
unvoreingenommen,unbiased
masturbiert,masturbates
karim,Karim
bruchlandung,crash landing
gockel,rooster
zusagt,promises
unmensch,inhuman
nachrichtensprecher,news anchor
hage,hage
bewerbe,apply
pathologe,pathologist
risotto,risotto
giulio,Giulio
abscheulichkeit,abomination
gewürdigt,appreciated
bundys,Bundys
käfigen,cages
blutspritzer,blood spatter
unbeholfen,awkward
annulliert,canceled
verkohlt,charred
bußgeld,fine
sichtung,sighting
goro,goro
orkan,hurricane
bros.,bros.
freigenommen,taken off
blackie,blackie
minna,minna
luciano,Luciano
begehst,commit
abfährt,departs
dagorcai,dagorcai
kühnheit,audacity
enzyklopädie,encyclopedia
anfängerin,beginner
achtest,pay attention
spielautomaten,slot machines
elementary,elementary
bulls,bulls
16-jährige,16-year-old
sheba,sheba
klargekommen,coped
jackentasche,jacket pocket
rumzulaufen,to walk around
massiere,massage
schiefe,slanted
gewalttätiger,violent
gellar,gellar
autismus,autism
fahrgast,passenger
wegblasen,blow away
wohlhabenden,wealthy
sozialdienst,social service
leitungswasser,tap water
ackerman,ackerman
krieche,crawl
musicals,musicals
videoüberwachung,video surveillance
gallonen,gallons
scheut,shies away
cinco,cinco
angereist,arrived
runtergegangen,went down
mexikanischer,Mexican
röcheln,rattling
angekrochen,crawled
punch,punch
rennie,rennie
angelique,Angelique
niles,Niles
renfield,Renfield
enormes,enormous
angebetet,worshipped
telefonleitung,telephone line
dreibeiner,tripod
wehtust,hurt
verfahrens,procedure
prallen,bounce
übergibst,hand over
stöcken,sticks
mutes,mutes
entschließt,decides
fulcrum,fulcrum
viertelmillion,quarter of a million
kräutertee,herbal tea
elan,elan
trugst,wore
heda,heda
müder,tired
sonden,probes
vorzugeben,to specify
seitenstraße,side street
marino,marino
glasur,glaze
cabot,Cabot
gesellschaftlich,socially
ausgebeutet,exploited
verdeckter,covert
knöcheln,ankles
cleveres,clever
dschungels,jungle
essbar,edible
warnschuss,warning shot
leena,leena
ration,ration
einflussreich,influential
mitkriegt,notices
soetwas,something like that
e-mail-adresse,e-mail address
discovery,discovery
streckte,stretched
drillinge,triplets
einreißen,tear down
hierhergebracht,brought here
zucchini,zucchini
unterwürfig,submissive
goldmünzen,gold coins
doing,doing
bombardierung,bombing
beachtlich,remarkable
scheinheilig,hypocritical
täler,valleys
pedale,pedals
valérie,Valérie
ausgeflogen,flown out
huckepack,piggyback
replizieren,replicate
ausländischer,foreign
dm,dm
saki,saki
bisexuell,bisexual
ohrstöpsel,earplugs
nevers,nevers
beschädigten,damaged
staats,state
umbauen,rebuild
aushalte,endure
abspann,end credits
zerreiße,tear apart
faruk,Faruk
ungeklärt,unresolved
klausur,exam
verwirrten,confused
lobe,praise
gestreut,scattered
lich,lich
domine,domine
umkam,died
zufälligen,random
frederik,Frederik
fortzufahren,to continue
stretch,stretch
personalien,personal details
unze,ounce
hochbringen,lift
defensiv,defensive
originalen,original
angeboren,innate
verzeichnis,directory
eierstöcke,ovaries
schluckst,swallow
fleischwunde,flesh wound
sami,Sami
tanners,tanners
unersetzlich,irreplaceable
stratton,stratton
mönchen,monks
anvisiert,targeted
verdroschen,beaten
lobt,praises
traums,dream
jar,jar
islamischen,Islamic
abschieben,deport
senorita,senorita
zafer,zafer
seltsamste,strangest
genii,genii
niederlegen,lay down
übertrug,transferred
wolsey,wolfey
blödmänner,idiots
unterkünfte,accommodations
tomatensaft,tomato juice
wedeln,wave
einerlei,no matter
verängstigte,frightened
verletzter,injured
fettwanst,fat belly
isn,isn
ostfront,Eastern Front
parkinson,Parkinson
birds,birds
familiengeschäft,family business
elmo,elmo
orville,Orville
amin,amin
äußerte,expressed
bikinis,bikinis
quirke,quirke
unbedeutenden,insignificant
hancock,Hancock
bemitleide,pity
verdankst,you owe
tenor,tenor
eroberte,conquered
archive,archive
sibley,sibley
losgezogen,set off
vorbeigeht,passes by
dünkt,seems
bowle,punch
gemachte,made
feiges,cowardly
wiederhol,repeat
schadenersatz,compensation
richteten,directed
catherines,Catherine's
gebrüder,brothers
kaji,kaji
nachzugeben,to give in
harlow,Harlow
geweih,antler
monseigneur,monseigneur
beglücken,delight
amputiert,amputated
bingley,binley
pennt,sleeps
verursachten,caused
simpler,simpler
soon,soon
bedrohten,threatened
autobombe,car bomb
recherchiere,research
buddeln,dig
absätzen,paragraphs
outen,out
veruntreuung,embezzlement
fingernagel,fingernail
nettesten,nicest
transvestit,transvestite
schüttelte,shook
übertönt,drowned out
psychoanalyse,psychoanalysis
nebenjob,part-time job
gegenwärtige,current
fernsehshow,TV show
desdemona,desdemona
sympathischer,more likeable
lös,solution
runen,runes
mon-el,mon-el
beharrlichkeit,persistence
gepumpt,pumped
wakefield,wakefield
schlampige,sloppy
tadel,reprimand
reparierte,repaired
betrittst,you enter
entsetzlichen,horrific
afrikanischer,African
umdrehe,turn around
ellens,Ellens
zauberschule,magic school
getöse,noise
speiseröhre,esophagus
hausaufgabe,homework
geschäftsleitung,management
umgekehrte,reverse
vorsätzlichen,intentional
rothäute,redskins
einzureichen,to submit
übergegangen,transitioned
ansprechbar,approachable
studierten,studied
whittaker,Whittaker
schwächlinge,weaklings
ausgibst,spend
rittmeister,cavalry captain
unerträgliche,unbearable
erntedankfest,harvest festival
maskerade,masquerade
arbeitenden,working
erfreuliche,pleasing
minimieren,minimize
yasmin,Yasmin
banknoten,banknotes
naive,naive
frittiert,deep-fried
anzukündigen,to announce
verdunkelt,darkened
zuschlag,surcharge
gegensätze,contrasts
umwege,detours
gäben,would give
unsympathisch,unpleasant
wollust,lust
hellste,brightest
hinkriegst,You can do it
hauptdarstellerin,lead actress
punks,punks
erbringen,provide
eingriffe,interventions
robotern,robots
hausbesitzer,homeowner
mangos,mangoes
lieferten,delivered
baldwins,baldwins
baht,baht
tussen,between
ausrottung,extermination
koalition,coalition
vorteilhaft,advantageous
auszubilden,to train
verabrede,arrange
gefriertruhe,freezer
reibe,rub
buddhas,Buddhas
zaubertricks,magic tricks
ludovic,ludovic
leihmutter,surrogate mother
games,games
lehrerzimmer,teachers' room
cannon,cannon
fahrstühle,elevators
bekämpften,fought
streiks,strikes
genji,genji
betrachtung,contemplation
riva,riva
diskreditieren,discredit
mittelalterliche,medieval
grell,bright
nachfüllen,refill
herzleiden,heart disease
sehnst,longing
straßenlärm,street noise
krueger,Krueger
schärfen,sharpen
hineingeraten,got caught up in it
phrasen,phrases
mahal,Mahal
strigoi,strigoi
egg,egg
smoke,Smoke
indra,indra
umeinander,around each other
hochsicherheitsgefängnis,high-security prison
pergament,parchment
traumwelt,dream world
darrell,darrell
erschaffe,create
faible,weakness
siegerin,winner
glitzer,glitter
scheideweg,crossroads
vorfreude,anticipation
luger,luger
heiligenschein,halo
tschechoslowakei,Czechoslovakia
mitzureden,to have a say
gleichschritt,marching in step
burgen,castles
großtante,great-aunt
guthaben,credit
sensiblen,sensitive
horizon,horizon
tugendhaft,virtuous
filmten,filmed
vorbilder,role models
sehnsüchte,longings
brace,Brace the
abtrünnige,renegade
aufrührer,rebel
bizeps,biceps
baines,baines
steigerung,increase
crusoe,Crusoe
grundlegend,fundamental
beeindruckendes,impressive
auszuhandeln,to negotiate
events,events
manuelo,Manuelo
rindvieh,cattle
familiennamen,family names
carlin,Carlin
erdling,earthling
dill,dill
dänisch,Danish
versieht,provides
fruchtbarkeit,fertility
achseln,armpits
insassinnen,inmates
entscheidender,crucial
üppig,lush
zusehe,watch
ahornsirup,maple syrup
zwietracht,discord
nationalität,nationality
kontrast,contrast
etabliert,established
beseitige,remove
zimmerman,Zimmerman
eds,eds
völligen,complete
bologna,bologna
schultzie,Schultzie
stinkig,stinky
drucke,prints
seifenoper,soap opera
plains,plains
durchzudrehen,to go crazy
geheimagenten,secret agents
geisteskranke,mentally ill
lehrers,teacher
waynes,Waynes
josey,josey
paro,paro
paarung,pairing
designs,designs
einweihung,inauguration
supermodel,supermodel
ftl,ftl
edouard,édouard
benoit,benoit
gemächern,chambers
adria,Adriatic Sea
mollys,mollys
ekliges,disgusting
hoffnungslose,hopeless
vitalwerte,vital signs
alisons,alisons
fuhre,drive
gesandter,envoy
enzym,enzyme
nachdruck,reprint
fesselte,captivated
sprungbrett,springboard
geburtsrecht,birthright
indischer,Indian
heimatplaneten,home planet
grischa,Grischa
stuck,piece
sprengladungen,explosive charges
majors,majors
hud,hud
mcneil,mcneil
pampa,pampa
brüller,hilarious
rebel,rebel
fortzuführen,to continue
engstirnig,narrow-minded
berührungen,touches
vergünstigungen,discounts
peseten,pesetas
entzückendes,delightful
hackett,hackett
zeitalters,age
befehligen,command
ausübt,exercises
royale,royal
michi,michi
traumhaus,dream house
jähzornig,quick-tempered
vaterunser,Lord's Prayer
betrauern,mourn
schh,schh
tuten,horn
maserati,Maserati
dazustehen,to stand there
gee,gee
liddy,liddy
dienstgrad,rank
assistant,assistant
berechtigung,authorization
lichtschwert,lightsaber
traumjob,dream job
prinzipiell,in principle
change,change
interessenkonflikt,conflict of interest
polanski,Polanski
taugst,are you any good
heruntergekommen,run-down
10-mal,10 times
räumlichkeiten,premises
grauenhafte,horrible
registriere,register
alans,Alans
solveig,Soleig
neurale,neural
béatrice,Béatrice
halbfinale,semi-final
hops,hops
teelöffel,teaspoon
nabel,navel
dreiviertel,three-quarters
schlucker,swallower
bügel,iron
jesús,Jesus
verdreckt,dirty
wildesten,wildest
deute,deute
plädiert,pleads
rundum,all around
malachi,malachi
hors,hors
gesprächsthema,topic of conversation
marigold,marigold
übelste,worst
grundlegenden,basic
stornieren,cancel
argus,Argus
chao,chaos
kovacs,Kovacs
coopers,Coopers
methan,methane
körperkontakt,physical contact
ausnahmezustand,state of emergency
relaxen,relax
bri,bri
ny,ny
androide,Android
jehovas,Jehovah's
qualm,smoke
marlow,Marlow
knows,knows
schottische,Scottish
umleitung,detour
felsbrocken,boulders
mighty,mighty
biographie,biography
stech,stab
anzutreffen,to be found
mokka,mocha
rückschläge,setbacks
auster,oyster
momentchen,Just a moment
naina,naina
explosive,explosive
zersplittert,splintered
uptown,uptown
hurt,hurt
gestrige,yesterday
laien,laypersons
kapitäns,captain
wg,wg
verbring,spend
nanni,nanni
rave,rave
inhalator,inhaler
umzustimmen,to change your mind
hochzeitsfeier,wedding celebration
kartenspielen,playing cards
pforten,gates
rosmarin,rosemary
jubelrufe,cheers
süßkartoffeln,sweet potatoes
tiefstes,deepest
angemessenes,appropriate
breck,breck
petja,petja
konföderierten,confederate
trampeln,trample
kunstform,art form
errungenschaft,achievement
einbilden,imagine
colonna,colonna
lesbischen,lesbian
prospekt,brochure
leut,people
näherkommen,get closer
sorgsam,carefully
verneigen,bow
logis,lodging
kreuzes,cross
gehilfen,assistants
ostsee,Baltic Sea
schlachtschiff,battleship
abfangkurs,Intercept course
mattias,Matthias
würdenträger,dignitaries
unzurechnungsfähigkeit,insanity
avatare,avatars
rausgefallen,fell out
belmont,Belmont
hauptgang,main course
ergänzung,addition
mafioso,mafioso
schlachtet,slaughters
stand-by,standby
stundenplan,timetable
whale,whale
rollie,rollie
hiob,Job
staatsbürgerschaft,citizenship
rebelliert,rebelled
henny,henny
exakten,exact
telefonleitungen,telephone lines
bisserl,a little
unmissverständlich,unambiguous
maclaren,maclaren
pensionierter,retired
reales,real
bluffst,bluff
rüsten,equip
probefahrt,test drive
begräbt,buries
stromrechnung,electricity bill
atomkraftwerk,nuclear power plant
entwaffnet,disarmed
griechischer,Greek
weilen,while
chrysler,Chrysler
fähigen,capable
pantomime,mime
zwecken,purposes
platzierte,placed
sim-karte,SIM card
golem,golem
eriksson,eriksson
festigen,consolidate
beleidigte,offended
mccluskey,mccluskey
taubstumm,deaf-mute
nostalgisch,nostalgic
schliff,cut
satellitentelefon,satellite phone
häuslich,domesticated
amal,amal
bloßzustellen,to expose
meningitis,meningitis
mongo,mongo
sediert,sedated
brennst,burn
lace,lace
investment,investment
ärztlichen,medical
ostflügel,east wing
import,import
kendal,kendal
nachlesen,read more
attacken,attacks
spazierte,strolled
pongo,pongo
medea,Medea
kirmes,fair
mündliche,oral
lausche,listen
besoffene,drunk
nährstoffe,nutrients
wehmütige,wistful
verwurzelt,rooted
laborergebnisse,laboratory results
edge,edge
rumgefahren,drove around
externen,external
koreanische,Korean
nöten,needs
pargalı,pargalı
pawel,pawel
kemal,Kemal
verzicht,renunciation
realer,real
tanke,gas station
konfetti,confetti
unabsichtlich,unintentionally
munkelt,rumors
instituts,institutes
ladegerät,charger
ausdehnen,expand
begebe,go
chalmers,chalmers
wegzurennen,to run away
bleichmittel,bleach
moser,moser
nerz,mink
häuslicher,domestic
kebab,kebab
eigens,specifically
bettle,bed
rührte,stirred
services,services
ekelt,disgusts
verschissenen,fucking
betriebssystem,operating system
silben,syllables
indianische,Native American
coral,coral
zusammengeflickt,patched together
oops,Oops
erstgeborenen,firstborn
pieper,beeper
torheit,folly
aufrollen,roll up
hershel,Hershel
schandfleck,eyesore
projizieren,project
widerlegt,refuted
kimono,kimono
vorbeugen,prevent
stoßt,bumps
hellraiser,hellraiser
krassen,extreme
gesinnung,attitude
figueroa,Figueroa
urinieren,urinate
schmitz,Schmitz
königshaus,royal family
droide,droid
jughead,jughead
erwürge,strangle
mustangs,Mustangs
eindämmen,contain
einsatzzentrale,operations center
tendenzen,trends
kiesel,pebble
beyoncé,beyoncé
gedichten,poems
erneute,renewed
awards,awards
sigmund,Sigmund
geflickt,patched
einsatzes,deployment
bluthochdruck,high blood pressure
connelly,connelly
kriegsministerium,War Ministry
loswerde,get rid of
verstümmeln,mutilate
pasteten,pies
sandoval,sandoval
überschrift,headline
pionier,pioneer
folsom,folsom
schützengraben,trench
dulles,dulles
anmerkung,note
kosmetik,cosmetics
aufsätze,essays
unüberlegt,ill-considered
rauszubekommen,to find out
liberale,liberal
streichelt,strokes
frechen,cheeky
corrigan,corrigan
anzukämpfen,to fight
flughöhe,flight altitude
großonkel,great-uncle
reservoir,reservoir
ursprungs,origin
knallte,bang
doppelzimmer,double room
elektroschocker,stun gun
wickie,Wickie
zathras,zathras
sopranos,sopranos
augenklappe,eye patch
wharton,Wharton
bekanntgabe,announcement
pute,turkey
trotter,trotter
erpresste,extorted
hausgemachte,homemade
frisco,Frisco
crocker,Crocker
eastern,eastern
raubüberfälle,robberies
wegläufst,run away
vollkommenheit,perfection
erkauft,he buys
konventionen,conventions
seriennummern,serial numbers
jammerst,you whine
véronique,Veronique
niedergelassen,established
sunrise,sunrise
armada,armada
kazuo,Kazuo
trail,trail
taschenlampen,flashlights
massakriert,massacred
volumen,volume
wanken,wavering
pookie,pookie
rumgehangen,hung around
stutzen,support
buongiorno,buongiorno
paine,paine
jochen,Jochen
unterstützten,supported
irgendwelches,any
fertige,finished
entlocken,elicit
titanen,titans
anämie,anemia
strolche,rascals
gutaussehenden,handsome
schnickschnack,bells and whistles
aufgezwungen,imposed
eizellen,ova
skype,Skype
kinsey,Kinsey
kommissariat,police station
fündig,found
einreiben,rub in
organisch,organic
tapetenwechsel,change of scenery
primären,primary
kontroverse,controversy
kniescheibe,kneecap
anzurichten,to prepare
kilian,Kilian
holle,hell
achso,Oh right
begierden,desires
belgische,Belgian
woodstock,woodstock
verkörperung,embodiment
voraussichtlich,expected
women,women
amputation,amputation
robyn,Robyn
triple,triple
wandten,turned
golfer,golfer
menschenkenntnis,knowledge of people
gehustet,coughed
silo,silo
hurenbock,whoremonger
kreises,circle
ökosystem,ecosystem
khans,Khan
opferst,sacrifice
herumkommandieren,bossing people around
aufrechter,upright
flanken,flanks
ausseht,looks
schwanken,vary
scharfrichter,executioner
mistding,mischief
vermißt,missing
deej,deej
mündung,mouth
andacht,devotion
hochladen,upload
unkonventionell,unconventional
wortschatz,vocabulary
abbys,Abby's
künstlerischen,artistic
traumatische,traumatic
arbeitsstelle,job
vasek,vasek
capra,capra
telefonierst,are on the phone
azteken,Aztecs
pizzas,pizzas
gepaart,paired
bare,cash
malick,Malick
aufgewärmt,warmed up
hoffnungslosen,hopeless
ludlow,ludlow
ivar,ivar
wiederkam,came back
impfungen,vaccinations
schläfer,sleeper
minigolf,mini golf
empathie,empathy
deserteure,deserters
eingekreist,surrounded
pernille,pernille
beliebtheit,popularity
weiã,white
verständige,understand
zerstückeln,dismember
ausdrückt,expresses
holtz,wood
zebras,zebras
besinnen,reflect
kognak,cognac
informantin,informant
totschlags,manslaughter
squaw,squaw
satine,satin
dürr,dry
begeisterter,enthusiastic
vermassle,mess it up
formeln,formulas
verschwörungen,conspiracies
hoskins,Hoskins
kana,canal
ertappen,catch
tanger,Tangier
pressemitteilung,press release
heizt,heats
mitzuhalten,to keep up
satzung,statutes
vorbeigeschaut,I stopped by
rehabilitieren,rehabilitate
druckwelle,pressure wave
komplexität,complexity
pools,pools
weiterzuziehen,to move on
hatch,hatch
weggepustet,blown away
gaylord,gaylord
anlässe,occasions
abkürzungen,abbreviations
weltreise,world trip
keuschheit,chastity
notstand,emergency
kopfhaut,scalp
lauderdale,Lauderdale
dezent,subtle
stubenarrest,house arrest
bow,bow
kostenvoranschlag,cost estimate
magnetfeld,magnetic field
zeigs,show
garret,garret
durchgeknallter,crazy
zweifelsfrei,doubtless
producer,producer
pollo,pollo
vernebelt,foggy
defekten,defective
kaye,Kaye
ferse,heel
großmütig,generous
verpfändet,pledged
naniten,nanites
sandkasten,sandbox
rankommt,comes
einzudämmen,to contain
liesl,liesl
biste,are
vertickt,sold
nordsee,North Sea
ishmael,Ishmael
mano,mano
pussys,pussy
todesliste,death list
profikiller,professional killer
farr,farr
jagger,Jagger
empfindlichen,sensitive
rühreier,scrambled eggs
sicherheitskamera,security camera
vorgetragen,presented
solides,solid
ständiges,constant
pelham,pelham
blutwurst,blood sausage
merkmal,feature
selbstbeherrschung,self-control
nuck,nuck
iranischen,Iranian
olympische,Olympic
padawan,Padawan
schrilles,shrill
mmmh,mmmh
fixer,fixer
ersatzmann,substitute
weihnachtsabend,Christmas Eve
wilfried,Wilfried
sur,sur
transferiert,transferred
ängstliche,anxious
weglocken,lure away
stamper,stamper
erstarren,freeze
toppen,topping
südfrankreich,southern France
yoon,yoon
anzuzeigen,to display
schadensbegrenzung,damage control
schädigen,damage
roach,roach
metz,Metz
hausarbeiten,homework
ernannte,appointed
abgeblieben,remained
einheimischer,local
tyrion,Tyrion
kehlkopf,larynx
heimkommst,you come home
glänzender,shiny
takte,beats
blanca,blanca
ärmer,poorer
verdächtigungen,suspicions
indianapolis,Indianapolis
wesson,Wesson
lebensqualität,quality of life
conlon,conlon
stafford,Stafford
kastanien,chestnuts
hausherr,landlord
massenweise,masses
befreiten,freed
massa,massa
abtrennen,detach
vorzug,preference
empfängst,receive
auserkoren,chosen
anspringen,start
polka,polka
republikanischen,Republican
nachfolgerin,successor
redakteurin,editor
zuschuss,grant
tout,tout
gitarren,guitars
weekly,weekly
anfängerglück,Beginner's luck
rettungskapsel,rescue capsule
musikalischen,musical
lindbergh,Lindbergh
leibesvisitation,body search
rollbahn,runway
hamish,hamish
dackel,dachshund
darlegen,explain
fandet,found
füllst,fill
zusammengehören,belong together
bwana,bwana
todesfalle,death trap
schmerzhafter,painful
lachhaft,laughable
mörser,mortar
shauna,shauna
dreikäsehoch,three-cheeky high
loses,Loose
yet,yet
ramme,ram
zurückzunehmen,to withdraw
schwindlerin,con artist
santini,santini
barnaby,barnaby
catch,catch
anjali,Anjali
drinsteht,It says
purem,pure
sauren,acidic
aufhebung,cancellation
mitspracherecht,right to have a say
kriegsverbrecher,war criminals
onkelchen,uncle
gefährdete,endangered
killern,killer
emp,recommended
abgewickelt,handled
trav,trav
ferg,ferg
meinetwillen,for my sake
lazlo,lazlo
ce,ce
croissant,croissant
apparate,apparatus
anhabe,wear
unvergleichlich,incomparable
auswertung,evaluation
drogenmissbrauch,drug abuse
hakim,Hakim
amar,amar
bestattungsinstitut,funeral home
erdoberfläche,Earth's surface
erachtet,considered
erschaffer,creator
einfachheit,simplicity
deux,deux
alphabetisch,alphabetical
nervenklinik,psychiatric clinic
hauptbahnhof,main train station
stuss,nonsense
chérie,chérie
szenarien,scenarios
zurückweisung,rejection
katrine,Katrine
fruit,fruit
y.,y.
stürmische,stormy
teekanne,teapot
autors,author
beherrschst,master
gusto,gusto
handfestes,tangible
dramatik,drama
halsey,Halsey
silberner,silver
registrierte,registered
grabsteine,gravestones
spendenaktion,fundraising campaign
mouse,mouse
idefix,idefix
faszinieren,fascinate
darts,darts
leert,empties
mozzie,mozzie
dorftrottel,village idiot
gebrauchtwagen,used cars
logistik,logistics
vu,vu
gu,gu
spezifische,specific
hutmacher,hatter
x-akten,X-files
pal,pal
zeichensprache,sign language
beschneidung,clipping
pendleton,pendleton
alkoholikern,alcoholics
guinevere,guinevere
sonderkommando,special forces
mildernde,mitigating
hiebe,blows
klärchen,klarchen
stricher,pimp
kapitäne,captains
angemalt,painted
nachspioniert,spied on
schwadron,squadron
carls,Carls
drangen,urges
mm-mm,mm-mm
verschärft,tightened
janeiro,janeiro
mirror,mirror
presst,presses
absurden,absurd
arch,arch
augenweide,eye candy
scheißtag,shitty day
romantischste,most romantic
bran,bran
betrügereien,fraud
canal,canal
konsumiert,consumed
unschöne,unpleasant
eskimos,Eskimos
unterkühlung,hypothermia
gesamtbild,overall picture
koen,can
eheberatung,marriage counseling
familienmensch,family person
bauchmuskeln,abdominal muscles
zeitspanne,time period
erotik,eroticism
veranstalte,organize
loszulegen,to get started
entgegenkommend,accommodating
laufsteg,catwalk
korrumpiert,corrupted
zusammenwohnen,living together
einzuleiten,to initiate
sandro,Sandro
boggs,boggs
raserei,rage
katerina,Katerina
verkrafte,cope
mikrochip,microchip
tätigkeiten,activities
tarek,tarek
riesensache,huge thing
marlin,marlin
aufsteigt,rises
verbindungsmann,liaison officer
kohlenstoff,carbon
coca-cola,Coca-Cola
abtrünnig,rebel
miesepeter,grouch
vibration,vibration
gruseliges,creepy
absturzstelle,crash site
montiert,assembled
goldgrube,gold mine
topform,top form
rücklicht,rear light
elkins,elkins
harv,harv
nötiger,necessary
grodd,grodd
proust,Proust
gloucester,Gloucester
liber8,liber8
einstudiert,rehearsed
geheimnisvolles,mysterious
camaro,camaro
portia,Portia
ungleichgewicht,imbalance
zeremonien,ceremonies
törichte,foolish
neuester,newest
aushältst,can endure
beschlagnahme,seizure
muttersprache,mother tongue
umständlich,cumbersome
flachwichser,flat-faced wanker
handflächen,palms
bunk,bunk
hinzugezogen,consulted
tabelle,tabel
geschosse,shots
stavros,Stavros
dreihundert,three hundred
dutzenden,dozens
gedränge,hustle
wirbelsturm,hurricane
bunter,colorful
vergessene,forgotten
schatzes,treasure
musikern,musicians
speisewagen,dining car
piero,Piero
versicherungspolice,insurance policy
psychos,psychos
allererst,first of all
erwärmt,heated
mikroben,microbes
entpuppt,turns out
zeitlos,timeless
quan,quan
getrocknete,dried
mitschreiben,take notes
delta-quadranten,delta quadrants
verpaßt,missed
zeitschleife,time loop
scarraner,scarraner
prügeleien,fights
geleugnet,denied
landesweite,nationwide
verrenkt,dislocated
schwenkt,swivels
einschleusen,infiltrate
odette,Odette
ablecken,lick
versaue,mess up
besserem,better
weitergekommen,progressed
gesundheitsbehörde,health authority
rémy,Rémy
brate,fry
ordnet,arranges
überbringt,delivers
modifikationen,modifications
radiologie,radiology
flugangst,fear of flying
anlässlich,on the occasion of
abner,abner
beseitigung,removal
hausschlüssel,house key
hulot,hulot
halbiert,halved
tapferste,bravest
zuziehen,move
marrakesch,Marrakech
säue,sows
sommertag,summer day
fegt,sweeps
schmuggelte,smuggled
dim,dim
norah,norah
stuhlgang,bowel movement
thom,thom
anrührst,touch
sousa,sousa
herumtreiber,loiterers
laptops,laptops
bedingungslose,unconditional
cane,cane
unwahr,untrue
niederschlagen,suppress
entführe,kidnap
quartett,quartet
bequemlichkeit,comfort
richfield,richfield
lautstark,loudly
essay,essay
arroganten,arrogant
erarbeiten,develop
schummelst,You cheat
vergreifen,to
daley,daley
bootes,boots
grandiose,magnificent
deirdre,deirdre
vollbringt,accomplishes
verschreibe,prescribe
brass,brass
u-haft,pre-trial detention
abgeschottet,isolated
solider,solid
sigma,sigma
auges,eye
ark,ark
schiffbruch,shipwreck
wilda,wilda
phalanx,phalanx
dienstes,service
piepser,beeper
spül,rinse
unternahm,undertook
duff,duff
schulfreund,school friend
gefährdest,endanger
krake,octopus
fighter,fighter
hiram,Hiram
runterkommt,comes down
realitäten,realities
medellin,Medellin
ame,name
gescheiterten,failed
phelan,phelan
cyborgs,cyborgs
jordanien,Jordan
footballteam,football team
konferenzen,conferences
plaît,plaît
däne,Dane
pocahontas,Pocahontas
zusammenbrach,collapsed
gertie,Gertie
konvertieren,convert
gump,gump
wake,wake
sturkopf,stubborn
ausgedruckt,printed
catweazle,catweazle
mechanisches,mechanical
prozentsatz,percentage
lieblingsplatz,favorite place
erfolgreichsten,most successful
skippy,skippy
marika,Marika
beizutragen,to contribute
entwarnung,All clear
geschirrspüler,dishwasher
dafur,for that
verzaubern,enchant
entfernungen,distances
mohamed,Mohammed
mouth,mouth
scudder,scudder
harakiri,harakiri
werdende,expectant
friedhöfe,cemeteries
thermostat,thermostat
kampfbereit,ready for battle
gewaltanwendung,Use of force
duplikat,duplicate
seufzend,sighing
speak,speak
malta,Malta
renoir,Renoir
mosca,mosca
undeutliches,indistinct
rodin,Rodin
gepard,cheetah
erfolges,success
datet,dates
steinreich,filthy rich
sanjay,sanjay
atemnot,shortness of breath
sterbend,dying
morse,Morse
heften,staple
prächtiges,magnificent
guzman,Guzman
erzherzog,archduke
verdrahtet,wired
quinlan,quinlan
firefly,firefly
einschüchternd,intimidating
instabilität,instability
zarkon,Zarkon
papageien,parrots
vorgesungen,sung
verwette,bet
faulenzen,lazing around
klarkommst,will cope
streift,brushes
beauregard,beauregard
lobenswert,commendable
derartigen,such
widersteht,resists
demütigungen,humiliations
brechstange,crowbar
einfallsreichtum,ingenuity
angespannte,tense
verschlossene,sealed
berate,advise
allergrößte,greatest
gefechts,battle
schmauchspuren,soot marks
revolverheld,gunslinger
kleinholz,small wood
wachmänner,guards
paella,paella
gilroy,gilroy
smee,smee
verwest,decomposed
deinetwillen,for your sake
schmerzensschreie,cries of pain
making,making
birdy,birdy
artikels,articles
kontinente,continents
backup,backup
abschrift,copy
gefäße,vessels
gepäckträger,luggage rack
burning,burning
danni,Danni
kleidungsstücke,clothing
backstage,backstage
unterhändler,negotiator
mcginty,McGinty
titelblatt,title page
sprenge,blow up
ethisch,ethically
marilla,Marilla
manila,Manila
tierärztin,veterinarian
vernichtete,destroyed
knew,knew
gupta,gupta
grog,grog
hinterlegen,deposit
häufigsten,most
verleumdet,slandered
ungebildet,uneducated
unnötiges,unnecessary
rye,rye
parkuhr,parking meter
penizillin,penicillin
serizawa,serizawa
sockel,base
cobblepot,cobblepot
cathys,Cathy's
veganer,vegan
fässern,barrels
konvertiert,converted
reality,reality
schränken,restrict
spanisches,Spanish
intravenös,intravenous
rothaut,redskin
ballen,bales
kegel,cone
toole,tool
sander,sander
schranke,barrier
pardaillan,pardaillan
bereisen,travel
balthazar,balthazar
nene,nene
zersetzt,decomposes
sacks,sacks
melancholisch,melancholic
barrikade,barricade
jurist,jurist
félix,Felix
fischstäbchen,fish fingers
eidechsen,lizards
fats,fats
schnauzbart,mustache
valdez,Valdez
lukrativ,lucrative
neck,neck
xo,xo
schlafstörungen,sleep disorders
anschlägen,attacks
sicherheitspersonal,security personnel
nuys,nuys
bergleute,miners
trichter,funnel
vorhängen,curtains
rechtschaffen,righteous
indiz,indication
schubkarre,wheelbarrow
anzuheuern,to hire
kazon,Kazon
ehrenhafter,honorable
bezeichne,designate
dreirad,tricycle
garibaldi,Garibaldi
handzeichen,hand signals
sim,sim
sät,sows
seasons,seasons
abgestiegen,relegated
vorherrschaft,supremacy
tennyson,Tennyson
gonzalez,gonzalez
bisherige,previous
razzien,raids
steckbrief,profile
suppenküche,soup kitchen
averys,averys
schaeffer,Schaeffer
marktwert,market value
rhetorik,rhetoric
beilegen,enclose
gestell,frame
weitergezogen,moved on
irv,irv
rei,three
entertainer,entertainer
überschätzen,overestimate
hostess,hostess
melville,Melville
tanzende,dancing
bundesagent,federal agent
pollock,pollock
voriges,previous
eingeborene,natives
esme,esme
bestiehlt,robbed
cumberland,Cumberland
gecko,gecko
zurückführen,trace back
vagabunden,vagabonds
alltäglichen,everyday
kannibalismus,cannibalism
bräutigams,grooms
gutenachtkuss,good night kiss
skepsis,skepticism
dämonischen,demonic
brennend,burning
blaupausen,blueprints
unvorstellbare,unimaginable
script,script
entweiht,desecrated
highland,highland
preisgegeben,revealed
schüren,stoke
mittelschule,middle school
galahad,Galahad
gleitmittel,lubricant
milchkaffee,latte
schönstes,most beautiful
sicherheitscode,security code
motorboot,motorboat
sophies,Sophie's
hundchen,pooch
miserabler,miserable
kurzform,short form
hinkriege,I can do it
banzai,banzai
negro,negro
country-musik,country music
einsatzfähig,ready for use
vodka,vodka
geistesgestört,mentally disturbed
ehrenmedaille,honorary medal
shinjuku,Shinjuku
bedeutsam,significant
tre,three
bewusstseins,consciousness
mesdames,ladies
sportlehrer,sports teacher
horowitz,horowitz
déjà-vu,déjà vu
innenhof,courtyard
hohlkopf,hollow head
erschrecke,frighten
soliden,solid
kennwort,password
farbiger,colored
asiate,Asian
flamingo,flamingo
crescent,crescent
ansagen,announce
unbarmherzig,merciless
verhindere,prevent
reichten,sufficient
bajonett,bayonet
gogol,Gogol
tien,tien
ando,ando
kroatien,Croatia
gulliver,gulliver
whipple,whipple
kommunikationssystem,communication system
züchtet,breeds
sprengladung,explosive charge
peinliches,embarrassing
segelte,sailed
bratpfanne,frying pan
fluffy,fluffy
ankara,Ankara
hondo,hondo
levin,Levin
abziehst,pull off
separate,separate
chien,chien
werbeagentur,advertising agency
schlagstock,baton
messala,Messala
reinholen,bring in
walzermusik,waltz music
entwickelst,develop
blutflecken,bloodstains
drag,drag
kahless,Kahless
herausnehmen,remove
durchhält,endures
durchbricht,breaks
zerbreche,break
anfechten,contest
sanktionen,sanctions
bebt,trembles
gegenstück,counterpart
parma,Parma
hackst,hack
separat,separately
benz,benz
registrierung,registration
paletti,paletti
qualvollen,agonizing
chappelle,chapel
adeline,Adeline
schlüpft,hatches
westentasche,vest pocket
flippst,flips
nyssa,nyssa
nexus,nexus
umlegt,moves
gestehst,confess
milchmann,milkman
voicemail,voicemail
tanzschule,dance school
befördere,promote
rumgeschnüffelt,snooping around
neuestes,newest
groove,groove
jugoslawien,Yugoslavia
leckerer,delicious
veränderst,change
herrsche,rule
überhört,ignored
understand,understand
mistakes,Mistakes
zhou,zhou
message,message
hockst,squat
berichts,report
paule,Paule
tropen,tropics
verbiegen,bend
achtgeben,be careful
britannia,Britannia
uralter,ancient
olly,Olly
boleyn,Boleyn
reputation,reputation
oas,oas
sümbül,summary
byers,byers
bieter,bidder
vielseitig,versatile
meghan,Meghan
bundes,federal
geradeheraus,straight up
besteigt,climbs
pflegemutter,foster mother
umarmst,hugs
auszupacken,to unpack
vergriffen,out of stock
grafik,graphic
bluffe,bluff
resonanz,resonance
camus,camus
repertoire,repertoire
kund,customer
anlügt,lies
damaja,damaja
baudelaires,Baudelaire's
öffentlichkeitsarbeit,public relations
tropische,tropical
grundwasser,groundwater
cologne,Cologne
unterzeichnete,signed
niagara,Niagara
verkleinern,reduce
einsatzteam,task force
engagiere,engage
befreier,liberator
means,means
diktat,dictation
40ern,40s
kartoffelchips,potato chips
hakt,is stuck
reflektieren,reflect
gym,gym
sil,sil
zerfall,decay
shut,shut
nachlässigkeit,carelessness
nachbesprechung,debriefing
pädophiler,pedophile
striker,striker
schänden,desecrate
suff,drunk
searching,searching
mose,cunt
erröten,blush
beschimpfungen,insults
nitroglyzerin,nitroglycerin
vorgedrungen,advanced
eingebildete,imagined
kensington,Kensington
amazonen,amazons
chicagoer,Chicago
lymphknoten,lymph nodes
beschlag,fitting
rasgotra,rasgotra
kraken,kraken
heilende,healing
serenas,Serena's
camps,camps
remus,remus
pedrosa,Pedrosa
verlässliche,reliable
gefängniswärter,prison guard
wüstling,vagrant
thorax,thorax
ivanova,ivanova
flügelmann,wingman
beilage,side dish
verpfeift,ratted out
romulanischen,Romulan
sari,sari
maiskolben,corn cob
freiheitskämpfer,freedom fighters
mittelfinger,middle finger
muli,mule
eheprobleme,marital problems
wasserversorgung,water supply
anzuführen,to cite
geflügel,poultry
viertens,fourth
nachwirkungen,aftermath
gesegnete,blessed
kommerziellen,commercial
ehrwürden,venerable
observiert,observed
fischt,fishes
franziska,Franziska
debatten,debates
jab,jab
desperate,desperate
horden,hordes
korrekten,correct
suchmeldung,search report
tannen,fir trees
pauli,Pauli
yuma,Yuma
ungläubiger,unbeliever
entgegentreten,oppose
terroristischen,terrorist
ranmachen,attach
unethisch,unethical
abgerutscht,slipped
inez,inez
verachtest,despise
geklauten,stolen
bizarren,bizarre
leichenhaus,morgue
anvisieren,target
aram,aram
anzeigt,displays
bauchspeicheldrüse,pancreas
tae-soo,tae-soo
computersystem,computer system
eichmann,Eichmann
toilettenspülung,toilet flush
requisite,prop
errol,errol
noriko,noriko
weed,weed
haarigen,hairy
familienbesitz,family-owned
einlasse,admit
wittert,smells
mitarbeiten,collaborate
lateinamerika,Latin America
labrador,Labrador
luken,hatches
anmalen,paint
romanen,novels
pächter,tenant
lebenslangen,lifelong
glynn,glynn
pokerface,poker face
associates,associates
beschlagen,fogged
feuerwaffen,firearms
zwangsarbeit,forced labor
kassen,cash registers
runterladen,download
heidnischen,pagan
telefons,telephones
preises,price
einmaligen,unique
maze,maze
burgunder,Burgundy
ekelst,disgust
verkehrte,wrong
midtown,midtown
gestunken,stank
trennungen,separations
ausrichtung,alignment
bijou,jewel
nn1,nn1
antennen,antennas
verdeutlichen,illustrate
unis,universities
knuddeln,cuddle
stefans,Stefan's
zensiert,censored
bearbeitung,editing
kaya,Kaya
poren,pores
bluterguss,bruise
memos,memos
rumkriegen,get around
stroud,Stroud
plazenta,placenta
erlernt,learned
woraufhin,whereupon
used,used
waden,calves
erstelle,create
truth,truth
yamamoto,yamamoto
flüssige,liquid
vaterschaftstest,paternity test
touristin,tourist
lynchen,lynch
durchmachte,went through
restliches,remaining
geburtstagskuchen,birthday cake
spinnweben,cobwebs
vampirblut,vampire blood
lennie,Lennie
nikotin,nicotine
hirngespinste,figments of the imagination
helsinki,Helsinki
drangehen,approach
syracuse,Syracuse
ruhestätte,resting place
chadwick,Chadwick
aufgemischt,mixed up
weggeschnappt,snatched away
zurückgenommen,withdrawn
fliehst,flee
elli,Elli
rausgefahren,drove out
individualität,individuality
wiedersehn,reunion
verheilen,heal
navigationssystem,navigation system
gebeine,bones
augenzeugin,eyewitness
diosa,diosa
ausradieren,erase
bösartiger,malignant
behaart,hairy
studentenwohnheim,student residence
fredericks,Frederick
zyklen,cycles
hodscha,Hodja
zusammenzustellen,to assemble
fatale,fatal
kunsthändler,art dealer
schwachsinnige,feeble-minded
limousinen,limousines
vasa,vasa
sämtlicher,all
haarspray,hairspray
yup,yup
druide,Druid
beleuchten,illuminate
jamison,jamison
stillstehen,stand still
madagaskar,Madagascar
kunststücke,tricks
ablegt,deposits
flaherty,flaherty
verkündete,announced
vorionen,vorions
strohmann,straw man
konstruieren,construct
mittelweg,middle ground
seinfeld,seinfeld
verwegen,daring
einsatzleitung,command center
unentschuldbar,inexcusable
sigurd,Sigurd
ausgespannt,relaxed
gesellig,sociable
femme,woman
rechtens,lawful
flanagan,flanagan
leonie,Leonie
angeregt,suggested
specht,woodpecker
mindestlohn,minimum wage
bewölkt,cloudy
schniefen,sniffing
stepan,stepan
supervisor,supervisor
beweislage,Evidence
kathrin,Kathrin
laborbericht,lab report
aiko,aiko
ood,ood
cenk,cenk
hetze,hate speech
häuslichen,domestic
manno,man
fantasy,fantasy
tolstoi,Tolstoy
schlürft,slurps
abfälle,waste
weltklasse,world-class
rachsüchtig,vindictive
faulkner,faulkner
masturbation,masturbation
sperrten,blocked
gefolgschaft,followership
years,years
odyssee,Odyssey
colonels,colonels
ungesetzlich,unlawful
ehrwürdigen,venerable
hinzukommen,in addition
palästinenser,Palestinians
anschneiden,cut
diesseits,on this side
vorwürfen,accusations
hanzo,hanzo
japanerin,Japanese
übersehe,overlook
popel,booger
millicent,millicent
hinterrücks,behind your back
veranlasse,cause
echtzeit,real-time
kajüte,cabin
fesselnd,captivating
jüdisches,Jewish
bleichen,bleaching
sapiens,sapiens
words,words
trois,trois
hergeflogen,flew here
1-mal,once
eurotape,eurotape
angstzustände,anxiety
eiszapfen,icicle
gibbler,Gibbler
feinfühlig,sensitive
sybille,Sybille
cum,cum
videoband,videotape
bieber,Bieber
investments,investments
grössten,largest
wuerde,would
verlogenes,deceitful
begehrte,highly sought-after
vortrefflich,excellent
pilotin,pilot
hergerufen,summoned
volldampf,full steam ahead
emerald,emerald
tentakel,tentacle
hauptsitz,headquarters
faszinierenden,fascinating
mäßig,moderate
mafiosi,mafiosi
verkaufszahlen,sales figures
hinfallen,fall
rasierklingen,razor blades
gestohlener,stolen
beziehe,refer
niederzulassen,to settle
selbstmordgefährdet,suicidal
italienern,Italians
geschult,trained
para,para
soja,soy
tankwart,gas station attendant
hen,hen
chibs,chibs
verblödet,stupid
klangen,sounded
tears,tears
ravens,ravens
bogenschießen,archery
saum,hem
ausquetschen,squeeze out
prius,Prius
psychotisch,psychotic
bereichert,enriches
komplexes,complex
wahnvorstellung,delusion
nacho,nacho
scpd,scpd
bitterman,bitterman
notice,notice
mägen,stomachs
input,input
versprechend,promising
gatter,gate
giftgas,poison gas
transe,trans
frommer,pious
sturheit,stubbornness
wahlrecht,right to vote
auftritten,appear
projiziert,projected
fleh,plea
erbstück,heirloom
köstliches,delicious
griswold,Griswold
nutzloses,useless
laufender,ongoing
mitzugehen,to go with
guacamole,guacamole
anstößig,offensive
verbal,verbal
colonial,colonial
hester-sue,hester-sue
hologramme,holograms
extrahieren,extract
waffengewalt,gun violence
krämer,chandler
bergbau,Mining
ballantine,ballantine
militärbasis,military base
türöffner,door opener
mutationen,mutations
wiederzuerkennen,to recognize
zuverlässigen,reliable
seppel,Seppel
erkundung,exploration
stattlich,handsome
kommunikator,communicator
filialleiter,branch manager
kiko,kiko
lobotomie,lobotomy
hao,hao
abgekartetes,rigged
yip,yip
blutbank,blood bank
antue,antu
erschießungskommando,firing squad
ausgiebig,extensive
rausschicken,send out
kalzium,calcium
autorennen,car race
mordanschlag,assassination attempt
geschehene,happened
enzyme,enzyme
damalige,then
sohlen,soles
baujahr,year of manufacture
moz,moz
artikeln,articles
uhrzeigersinn,clockwise
minderwertig,inferior
byrne,byrne
regelmäßigen,regular
verstreuen,scatter
tacker,stapler
hämatom,hematoma
virgin,virgin
exzellenten,excellent
ermüdet,tired
hinfährst,you go there
nassar,Nassar
rauchmelder,smoke detector
dünen,dunes
fehle,missing
heimgekehrt,returned home
niedlicher,cute
jährigen,year-old
gebackene,baked
zielstrebig,purposeful
daves,Daves
entspringt,originates
fertigstellen,complete
schenkeln,thighs
weggeschafft,removed
fahrers,driver
sportart,sport
unerheblich,irrelevant
weltgeschichte,world history
seamus,seamus
befolgst,follow
paulson,Paulson
zielgruppe,target group
abbezahlen,pay it off
halsschmerzen,sore throat
kronprinzen,crown prince
boynton,boynton
weinerlich,tearful
barons,barons
düsterer,darker
chiana,chiana
s01e02,s01e02
mi5,mi5
schlittschuhe,ice skates
grogan,grogan
abschnitte,sections
avocado,avocado
rechtsanwälte,lawyers
weathers,weathers
voldemort,Voldemort
delphin,dolphin
ausweiten,expand
schlichen,crept
abtreibungen,abortions
doyles,doyles
eingeschnappt,sulking
flüssigen,liquid
jenn,Jenn
auffallend,striking
schuftet,toils
netterweise,kindly
vorahnungen,premonitions
breaker,breaker
isaacs,Isaac's
bezirke,districts
schlepp,tow
prozessor,processor
patris,patris
dazugelernt,I learned something new
download,download
gitarrist,guitarist
starrten,stared
musikerin,musician
stéphanie,Stephanie
schädels,skull
sterbeurkunde,death certificate
tragisches,tragic
patente,patents
daseins,existence
mayor,mayor
groovy,groovy
kannibale,cannibal
dunne,thin
fön,hairdryer
räumte,cleared
aktivisten,activists
notlandung,emergency landing
modernste,state-of-the-art
gehirnzellen,brain cells
dating,dating
geschickte,skillful
vergießt,sheds
alors,alors
psalm,psalm
kamillentee,chamomile tea
alia,alia
verheißt,promises
breeze,breeze
ausscheiden,eliminate
unerklärlich,inexplicable
schnüffelst,sniff
rangemacht,made
yokohama,yokohama
verbandskasten,first aid kit
ausländern,foreigners
glover,glover
sphären,spheres
macpherson,macpherson
hereinkommt,comes in
überzeug,convince
lenkte,directed
rising,rising
misstraut,mistrust
kanälen,channels
abgrundtief,abyssal
erblich,hereditary
umstritten,controversial
pulverfass,powder keg
heißhunger,cravings
helfende,helpful
auffiel,noticed
delikat,delicate
woodbury,woodbury
gebrauchten,used
sway,sway
stürmten,stormed
publikums,audience
unterzeichnung,signing
verabschiedung,adoption
zyanid,cyanide
einleuchtend,obvious
spater,later
meat,meat
bosses,bosses
maulesel,mule
fussball,football
debattieren,debate
überlegene,superior
eat,eat
gasleitung,gas pipeline
hilly,hilly
sisters,sisters
flag,flag
ungenießbar,inedible
amphetamine,amphetamine
fantasiert,fantasizes
feet,feet
spuken,haunt
sheryl,Sheryl
scheißjob,shitty job
hinzuweisen,to point out
barbados,Barbados
fortpflanzen,reproduce
bengt,bengt
trommelt,drums
zusah,watched
stadtgrenze,city ​​limits
miezen,kitties
schlafwandeln,sleepwalking
verschiebung,shift
mordfällen,murder cases
ausmaßes,extent
rettungsschwimmer,lifeguard
gekifft,smoked weed
hervorragendes,excellent
bratwurst,bratwurst
prozente,percentages
roark,roark
vorzuführen,to demonstrate
wohlgemerkt,mind you
warmherzig,warmhearted
weisheiten,wisdom
tollpatschig,clumsy
blanc,blanc
emery,emery
urgh,urgh
studienjahr,academic year
friseursalon,hair salon
verschlucken,swallow
gator,gator
vorderster,front
fixe,fixed
cheddar,Cheddar
lotta,Lotta
schimpfwort,swear word
tromaville,Tromaville
konzipiert,designed
schriller,shrill
gedeck,place setting
pornostar,porn star
alleinstehend,single
nationalpark,national park
acid,acid
demos,demos
leekie,leekie
niedrigsten,lowest
abzureisen,to depart
aufspießen,skewer
eintreiben,collect
mayas,Maya
unmittelbarer,immediate
widerstandskämpfer,resistance fighters
vorsätzlicher,intentional
corwin,corwin
malerin,painter
vulkane,volcanoes
übergib,hand over
yogi,yogi
murmel,marble
rhea,rhea
mäh,moo
leibwache,bodyguard
abschminken,removing makeup
wütendes,furious
knowles,knowles
drauflos,just go
cream,cream
mütterlicherseits,maternal side
herbekommen,get here
orks,orcs
abgeneigt,averse
danger,danger
frog,frog
aufgetan,discovered
ismail,ismail
hinkt,limps
hänschen,little Hans
nachahmer,imitators
besuches,visit
durchzieht,permeates
belastend,stressful
woodhull,woodhull
saroyan,saroyan
heia,heia
zärtliche,tender
brauchbare,usable
schlüssig,coherent
beugte,bent
kicker,kicker
beschiss,scam
produkten,products
deinesgleichen,like yourself
schnorrer,freeloader
herumgeführt,led around
giuliano,Giuliano
besoffenen,drunk
eifersüchtigen,jealous
föhn,hairdryer
nordwest,northwest
mammut,mammoth
schwertkampf,sword fighting
allgemeiner,general
gregorio,Gregorio
verwirklicht,realized
waffensystem,weapon system
bücherwurm,bookworm
spieglein,mirror
wechselten,changed
rausreden,talking your way out of it
aufgetischt,served
rausgehe,go out
charmaine,Charmaine
freikommen,get free
zertrampelt,trampled
zieren,adorn
totgeschlagen,beaten to death
anguckt,looks
eintrat,entered
anführt,leads
zimmergenossin,roommate
hinauswollen,want to go out
reingeplatzt,burst in
pain,Pain
britisches,British
verschlechtern,worsen
satterfield,Satterfield
abaddon,abaddon
erbittet,requested
tauri,tauri
höllischen,hellish
massiver,massive
vergessenen,forgotten
seward,Seward
schonend,gentle
erzeugte,generated
rie,rie
wiederzubekommen,to get back
arschficker,assfucker
durchschuss,bullet
desinfektionsmittel,disinfectant
sumner,summer
aale,eels
premierministerin,prime minister
bällen,balls
dit,dit
cleveren,clever
absprachen,agreements
diagnostizieren,diagnose
rockband,rock band
telepathisch,telepathic
kühnen,bold
flüstere,whisper
abzuschießen,to shoot down
hartmann,Hartmann
schoßhündchen,lapdog
begrabe,bury
topeka,topeka
k-a-k,k-a-k
duluth,duluth
staatsfeind,enemy of the state
übermacht,superiority
erstgeborene,firstborn
physischer,physical
daly,daily
bösem,evil
ermüden,fatigue
mutterleib,womb
bossen,bossen
kasinos,casinos
cayman,Cayman
zusammengefasst,summarized
gewiß,certainly
reiko,reiko
waschküche,washroom
beamer,projector
fadenkreuz,crosshairs
mietet,rents
balsam,balm
urinprobe,urine sample
mala,mala
schweigens,silence
kernschmelze,meltdown
aufbrausend,hot-tempered
dankst,thank you
drauben,drauben
came,came
überreagieren,overreact
kreator,creator
eingefahren,driven
merlot,merlot
skorpione,scorpions
mittelstufe,intermediate level
lumpi,lumpi
schockierende,shocking
enthauptung,decapitation
ölung,oiling
vertigo,vertigo
lexa,lexa
antreiben,drive
verblute,bleed to death
auffliegt,is exposed
abstürzt,crashes
investierte,invested
9mm,9mm
suis,suis
une,une
seefahrer,seafarers
armdrücken,arm wrestling
verschaff,provide
kiemen,gills
feuergefecht,firefight
größenordnung,order of magnitude
psi,psi
bewegungsmelder,motion detector
storniert,canceled
italiens,Italy's
idealist,idealist
druckt,prints
erotischen,erotic
austoben,let loose
teufeln,devils
börsengang,IPO
genehm,approved
chaka,chaka
göttliches,divine
geflüster,whispered
pechvogel,unlucky
makoto,makoto
respektierte,respected
muller,muller
tropischen,tropical
schneeball,snowball
gesuchter,sought after
mausi,mouse
meatball,meatball
randvoll,Packed to the brim
wachtel,quail
überhören,ignore
cemal,ceramic
einvernehmlich,by mutual agreement
morel,morel
abmachungen,agreements
professionalität,professionalism
sauger,mammal
erhellen,illuminate
sultans,sultans
rückblickend,Looking back
vorbeiziehen,pass by
vos,vos
shang,shang
vervollständigen,complete
moechte,want
rollenspiele,role-playing games
vergleichst,compare
fließband,assembly line
lichtstrahl,light beam
gallien,Gaul
umfassend,comprehensive
noahs,Noah's
entfaltet,unfolds
wichse,masturbation
hee,hee
ichi,ichi
flitzen,scamper
smoothie,smoothie
schlepptau,tow rope
ölwechsel,oil change
monarchen,monarchs
einzupacken,to pack
abzustellen,to stop
weihnachtskarte,Christmas card
ziegenbock,billy goat
entwaffnen,disarm
rattenfänger,Pied Piper
kurzzeitig,briefly
einkünfte,income
iosava,iosava
landing,landing
wildkatze,wildcat
abschiede,farewells
geschwüre,ulcers
operiere,operate
smiths,Smiths
unannehmlichkeit,inconvenience
gemeindezentrum,community center
humanoiden,humanoid
tricky,tricky
sahib,sahib
anrührt,touches
gespeist,fed
bewußt,consciously
vollgekotzt,covered in vomit
saukomisch,hilarious
nasses,wet
safes,safes
finney,finney
kurzgeschichten,short stories
gucci,Gucci
diadem,diadem
ablehnst,you reject
abzudecken,to cover
mähne,mane
marshak,marshak
sterilisiert,sterilized
deckmantel,cover
beizustehen,to assist
hürden,hurdles
gibs,is there
tiefsinnig,profound
synchronisiert,synchronized
rausgeschlichen,sneaked out
rats,rats
eismann,ice cream man
afroamerikaner,African American
secretary,secretary
wilgul,wilgul
klosters,monastery
naoki,naoki
liebenswerter,lovable
erlag,succumbed
wärm,warm
barr,barr
standet,stood
zugeständnisse,concessions
nachvollziehbar,understandable
verschönern,beautify
lautsprechern,loudspeakers
vollpfosten,complete idiot
nami,Nami
hearts,hearts
evas,evas
verschiedensten,various
dice,dice
zünd,ignite
untertassen,saucers
fraßen,ate
sexualstraftäter,sex offenders
gräuel,abomination
mccartney,McCartney
schotter,gravel
geschimpft,scolded
laure,laure
gehässig,spiteful
schwalbe,swallow
besitzergreifend,possessive
hinfällig,obsolete
zurückzuschlagen,to strike back
sonntagsschule,Sunday school
herausziehen,pull out
filmmusik,film music
fresh,fresh
einigten,agreed
peeta,peeta
astoria,Astoria
saudi-arabien,Saudi Arabia
hegte,nurtured
fiepen,beeping
überfällen,ambush
nachbildung,replica
perfektioniert,perfected
terrace,terrace
schussverletzung,gunshot wound
mutmaßliche,presumably
aktuelles,current
feierlichen,festive
erteilte,granted
körperliches,physical
gewahrt,preserved
gescheiterte,failed
versagten,failed
hinbringt,brings
zusammengebaut,assembled
eigenständig,standalone
kaffeehaus,coffee house
wandlung,transformation
episoden,episodes
außenstehende,outsiders
vormundschaft,guardianship
einschusslöcher,bullet holes
begegnest,you meet
dienlich,useful
raushelfen,help out
erhabenen,sublime
außenstehenden,outsiders
weiterhilft,further helps
eriksen,Eriksen
ri,ri
shaws,shaws
follower,follower
mittlerer,medium
männersache,men's thing
wallung,surge
repräsentant,representative
gerty,Gerty
cleary,cleary
verschlüsselten,encrypted
aufspielen,play
verräters,traitor
nester,nests
istjetzt,is now
kontinuum,continuum
georgette,georgette
durand,durand
unnahbar,unapproachable
kränker,sicker
agamemnon,Agamemnon
atmosphärische,atmospheric
ziert,adorns
faulenzer,lazybones
geschneit,snowed
geschäftswelt,business world
kiel,Kiel
leavenworth,Leavenworth
sandsack,sandbag
miracle,miracle
taktischer,tactical
fress,eat
mausefalle,mousetrap
maester,maester
baja,baja
sadako,sadako
leckereien,treats
formelle,formal
spieldose,music box
elektromagnetischen,electromagnetic
kurzschließen,short circuit
co2,CO2
manion,manion
lustigste,funniest
fertigstellung,completion
versüßen,sweeten
erwerb,acquisition
mätzchen,antics
breites,wide
ruderboot,rowboat
brems,brake
gemogelt,cheated
ausgingen,went out
gesundheitszustand,health
lohnerhöhung,wage increase
zögerte,hesitated
gefegt,swept
kippte,tipped over
grabstätte,tomb
finanzieller,financial
aufopferung,sacrifice
chesapeake-ripper,Chesapeake Ripper
gelangten,reached
originelle,original
ungestüm,impetuous
deanie,deanie
sprunghaft,erratic
sancti,sancti
festlich,festive
sixpack,sixpack
mancini,mancini
kenya,Kenya
wölfin,She-wolf
briefpapier,stationery
atropin,atropine
künstlername,artist name
heimisch,home
agathe,Agatha
brüllst,you yell
called,called
wertes,valuable
hauptziel,main goal
vatikans,Vatican
zugeordnet,assigned
gutierrez,gutierrez
kühne,bold
gehüllt,wrapped
heathrow,Heathrow
idiotischer,idiotic
schlachtplan,battle plan
hebräer,Hebrews
territorien,territories
einzelfall,individual case
genua,Genoa
möchtegern,wannabe
unterseite,bottom
negromanus,negromanus
gierigen,greedy
ehegelübde,wedding vows
dogen,dogs
dreistigkeit,audacity
porträts,portraits
rostigen,rusty
lackiert,painted
angebrannt,burnt
ausschlaggebend,decisive
buscapé,buscapé
ausgebe,spend
osgood,osgood
aufhielt,stayed
isle,isle
mitmischen,get involved
motiven,motives
aktualisiert,updated
ramsay,Ramsay
fragerei,questioning
kochkünste,culinary skills
christlicher,Christian
abgebe,to hand over
anschleichen,sneaking up
eiswagen,ice cream truck
fünfundzwanzig,twenty-five
tallahassee,Tallahassee
railly,railly
pacquiao,Pacquiao
handgreiflich,physical
zurückgehst,go back
southampton,Southampton
drastische,drastic
verrichtet,performed
return,return
ausgrabungen,excavations
alfa,alfa
cristo,Christ
pfandleiher,pawnbroker
aleikum,Aleikum
geklont,cloned
lips,lips
durham,Durham
elm,elm
spülmaschine,dishwasher
durchchecken,check
lüftung,ventilation
frevel,sacrilege
corleone,Corleone
kanalisieren,channel
farley,Farley
schlagloch,pothole
thefaceofboe,thefaceofboe
mays,mays
dna-probe,DNA sample
gebietet,commands
transporte,transport
maulkorb,muzzle
bankschließfach,bank safe deposit box
angelika,Angelika
tiefster,deepest
testete,tested
ramadan,Ramadan
eastside,eastside
sirena,sirena
egozentrisch,egocentric
adlon,Adlon
geborgenheit,security
toulon,Toulon
mordechai,mordechai
leiblicher,physical
fifi,fifi
aussucht,selects
heard,heard
nuttig,slutty
wegs,way
soft,soft
personalakten,personnel files
vorhalten,hold
rammer,Rammer
stalken,stalking
bewilligen,grant
mittäter,accomplices
anfühlte,felt
spontanen,spontaneous
graces,graces
merrin,merrin
antiquitätenhändler,antique dealer
profitabel,profitable
midway,midway
reliquie,relic
ausgab,spent
flagranti,flagrante
corso,corso
alexanders,Alexander
befällt,infects
montoya,Montoya
verlauten,announce
niedere,lower
mayflower,mayflower
feurig,fiery
walkman,walkman
rancher,rancher
hitzig,heated
heiterkeit,cheerfulness
leichtesten,lightest
erhole,recover
tano,tano
tati,tati
dürftig,meager
follow,follow
geldtransporter,armored car
unbewacht,unguarded
tellerwäscher,dishwasher
antibiotikum,antibiotic
dienerschaft,servants
überweise,transfer
südlicher,southern
westlicher,western
dung,dung
häufen,accumulate
materielle,material
langston,Langston
lombardo,Lombardy
sportarten,sports
vertrittst,represent
ariadne,Ariadne
squash,squash
genehmige,approve
kaputtgegangen,gone broken
weggeschlossen,locked away
filii,filii
handtaschen,handbags
radiosprecher,radio announcer
gemütliches,cozy
ausplaudern,spill the beans
untersten,lowest
ehrenhaften,honorable
cabal,cabal
nierenversagen,kidney failure
westside,westside
fürchterliches,terrible
verängstigen,frighten
ists,is
kinsella,kinsella
höherem,higher
abschaffung,abolition
ständchen,serenade
spottet,mocks
saudi,Saudi
barone,barons
schocken,shock
mutprobe,test of courage
gags,gags
unglaublichste,most incredible
maschinendeck,engine deck
ausgelaufen,leaked
marisol,marisol
vertrocknet,dried up
sigrid,Sigrid
evening,evening
eröffneten,opened
theologie,theology
tönt,sounds
achja,Oh yes
neurologen,neurologists
obdach,shelter
kniete,knelt
ansteckende,contagious
wenngleich,although
couscous,couscous
eskalieren,escalate
inning,inning
irritierend,irritating
langford,Langford
napoleons,Napoleon's
haßt,hates
whites,whites
kringle,kringle
quid,quid
vorliest,reads aloud
nervenbündel,bundles of nerves
ulli,ulli
gekapert,hijacked
aufrichtigen,sincere
stücks,piece
ansturm,onslaught
mund-zu-mund-beatmung,mouth-to-mouth resuscitation
duras,duras
bebe,baby
familiären,family
zurückweisen,reject
rätst,do you advise
beschreib,describe
rückte,moved
gerümpel,junk
plato,plato
large,large
bildes,image
rowland,Rowland
sy,sy
heiratsurkunde,marriage certificate
pestizide,pesticides
astaire,Astaire
hässlichkeit,ugliness
nichl,nichl
coy,coy
verlagert,relocated
mysteriöses,mysterious
beträge,amounts
zwecks,for the purpose of
übernachtest,overnight
hyatt,hyatt
hornochse,hornochse
nächtelang,nights on end
neuzugang,new arrival
faisal,faisal
manipulativ,manipulative
wichtigster,most important
p.d.,p.d.
entzückenden,delightful
annehmbar,acceptable
gesegelt,sailed
brillenschlange,spectacled snake
staatsstreich,coup d'état
abgewaschen,washed
geladenen,loaded
saras,Sara's
michima,michima
mauser,molt
lebensinhalt,life's purpose
nachgestellt,recreated
guckte,looked
spectator,spectator
hines,hines
khasinau,Khasinau
gehörig,properly
aphrodisiakum,aphrodisiac
brauchbar,useful
zobelle,zobelle
delikate,delicate
schubste,pushed
geschnarcht,snored
rudels,pack
abzulassen,to release
eugen,Eugene
totenkopf,skull
pinkle,pee
krankenakten,medical records
goldfische,goldfish
fuji,Fuji
warpgeschwindigkeit,warp speed
geradebiegen,straighten
strömungen,currents
vorangehen,proceed
bog,bow
zerschossen,shot up
funktionstüchtig,functional
tatjana,Tatjana
diskutierten,discussed
geschwärmt,raved
gegnerische,opposing
gesponsert,sponsored
ptbs,PTB
sébastien,Sébastien
standish,standing
beherrschte,mastered
vektor,vector
indisches,Indian
rausfand,found out
leidens,suffering
gru,gru
kindischen,childish
prairie,prairie
ihrerseits,in turn
indisch,Indian
übernatürlich,supernatural
soziopathen,sociopaths
brigadier,brigadier
zhen,zhen
fotoalbum,photo album
trainingslager,training camp
einäugige,one-eyed
tunten,drag queens
filzen,felting
luftschacht,air shaft
gleichberechtigt,equal
überdauern,survive
sepp,Sepp
yeti,yeti
euphemia,Euphemia
funksprüche,radio messages
abwasser,wastewater
gotteslästerung,blasphemy
tüchtige,capable
aufmache,open
verständigung,understanding
verlogenen,deceitful
annies,Annie's
empfingen,received
ausräuchern,fumigate
rachael,Rachael
absolvieren,complete
u.a.,among others
unterrichtest,teach
stormy,stormy
sündige,sinful
chuckie,chuckie
rausgehalten,kept out
kyles,Kyles
ehrbaren,honorable
sehvermögen,eyesight
luftfeuchtigkeit,humidity
quasseln,chatter
säcken,bags
com,com
wahrzunehmen,to perceive
helens,Helen's
gebilligt,approved
machts,does
handgranaten,hand grenades
along,along
schmalz,lard
zweitbesetzung,second cast
hellsten,brightest
waschmittel,detergent
nachtdienst,night shift
verabschiedete,passed
schlanker,slimmer
haqqani,haqqani
blende,aperture
monogamie,monogamy
disk,disk
erlös,proceeds
abschlag,discount
burritos,burritos
anspannen,tense
bewegende,moving
danforth,danforth
sneakers,sneakers
cyrano,Cyrano
abschlussjahr,graduation year
loves,loves
desselben,the same
schwimmbecken,swimming pool
funkverkehr,radio communication
braden,bran
unregelmäßigkeiten,irregularities
gartenzwerg,garden gnome
sturzflug,nosedive
sicherheitshalber,just to be on the safe side
stoddard,standard
kubus,cube
hoho,hoho
medikation,medication
hospiz,hospice
verpetzt,tattled
türsummer,door buzzer
durchschaubar,transparent
nymphomanin,nymphomaniac
gewalttätigkeit,violence
zugegriffen,accessed
saints,saints
himmelherrgott,Good heavens!
geblinzelt,blinked
zurechtzukommen,coping
weggespült,washed away
sehnsüchtig,longing
überquerte,crossed
gouverneurin,governor
stecher,stinger
lucilla,lucilla
abstrakt,abstract
neuronen,neurons
gurren,coo
meeks,meeks
eisbecher,ice cream sundae
herausgeholt,extracted
sehet,look
bekenntnis,confession
beame,beam
schriftrollen,scrolls
befasse,deal with
strafanstalt,prison
permanente,permanent
gewagte,daring
harke,rake
kindliche,childlike
erschreckte,frightened
palastes,palace
abwechseln,alternate
auszuhändigen,to hand over
bewachst,guarded
meta,meta
abgeschüttelt,shook off
durchleuchtet,X-rayed
festsetzen,determine
pennywise,pennywise
pda,PDA
hochgekommen,came up
rucksäcke,backpacks
skier,skier
patenkind,godchild
throat,throat
individuelle,individual
elodie,Elodie
rausgestellt,turned out
handgelenken,wrists
holler,elder
fanta,Fanta
mongolei,Mongolia
coo,coo
festgemacht,fastened
grösse,size
hannahs,Hannah's
sinan,sinan
reserviere,reserve
fritzi,Fritzi
regelst,regulate
lerngruppe,learning group
gamma-quadranten,gamma quadrants
weigerten,refused
umweltverschmutzung,pollution
sicherheitssysteme,security systems
herc,herc
unbeschädigt,undamaged
backofen,oven
streifschuss,glancing blow
rygel,Rygel
weibsstück,female
fragwürdige,questionable
moll,minor
titelmelodie,title melody
unbeschwert,carefree
transparenz,transparency
anstrich,painting
reardon,reardon
vorverlegt,brought forward
erkenn,recognize
beichtstuhl,confessional
bissig,biting
lähmt,paralyzes
präsentierte,presented
empfangt,receives
egoistisches,selfish
jobsuche,job search
hansson,Hanson
vorbeizuschauen,to stop by
harmloses,harmless
franke,Franke
spiegelei,fried egg
orgien,orgies
bauernhaus,farmhouse
mcpherson,McPherson
shao,shao
pendeln,commute
sümpfen,swamps
liquidieren,liquidate
vedek,vedek
fahrgestell,chassis
wilshire,Wilshire
sinnvoller,meaningful
astrologie,astrology
zyniker,cynic
sammelten,collected
factory,factory
überlebenskünstler,survivalist
begrüß,welcome
götz,Götz
prügle,beat
drogensüchtig,drug addict
eisige,icy
micht,not
übersteigen,exceed
volksrepublik,People's Republic
dottore,dottore
nessi,nessi
autohaus,car dealership
schiesst,shoots
grabrede,funeral oration
skeptiker,skeptics
henriksen,Henriksen
sheri,sheri
bestandteile,components
hieran,this
rammt,rams
allahu,Allah
schriftzeichen,characters
sis,sis
adrienne,Adrienne
motorradfahrer,motorcyclist
chlor,chlorine
c.c.,c.c.
credit,credit
facebook-seite,Facebook page
übertragungen,transfers
footballspiel,football game
fear,fear
rapport,rapport
zündschnur,fuse
filmte,filmed
teilnimmt,participates
rotzlöffel,snotty
hormonen,hormones
sauf,drink
arabern,Arabs
arschgeige,asshole
norwegisch,Norwegian
vorstrafe,prior conviction
beisetzung,burial
technologies,technologies
filzläuse,pubic lice
grölen,bawl
bürogebäude,office building
gebell,barking
krautsalat,coleslaw
kronos,Kronos
uli,uli
drehtag,filming day
davie,davie
schafott,scaffold
wassern,water
kimball,Kimball
patience,patience
sammelklage,class action
zugesteckt,slipped
norbert,Norbert
westeros,Westeros
elster,magpie
holliday,holiday
turin,Turin
instrumenten,instruments
außenstelle,branch office
psychotischen,psychotic
sätzen,sentences
erwärmen,heat
miezekatze,kitty
schaumbad,bubble bath
videothek,video library
holding,holding
thymian,thyme
vertrages,contract
ausgetreten,resigned
aufgelauert,ambushed
trügen,deceive
hurricane,hurricane
veröffentliche,publish
whip,whip
regelung,control
hervorruft,causes
hecheln,panting
torrance,torrance
zusammenbauen,assemble
australische,Australian
tischdecken,set the table
krabbelt,crawls
auftakt,opening
notbremse,emergency brake
knallharte,hardcore
stichst,stabs
v3,v3
ahnten,suspected
zuzugreifen,access
killerin,killer
trommelfell,eardrum
looks,looks
hinzugeben,add
blamiere,embarrassment
manövrieren,maneuver
ledige,single
eheliche,marital
kanzel,pulpit
draufgeht,dies
härtere,harder
kleide,dress
pfandhaus,pawnshop
verlusten,losses
lanka,Lanka
shephard,shephard
sportplatz,sports field
soldatin,soldier
verberge,hide
weibsbild,female
lieblichen,lovely
ärmster,poorest
lexus,Lexus
ungelöste,unresolved
höllenschlund,Hell's Mouth
kriegsgefangenen,prisoners of war
cherokee,Cherokee
bazooka,bazooka
ranken,tendrils
hartnäckigkeit,tenacity
gillespie,Gillespie
redlichkeit,honesty
rechtskräftig,legally binding
dopamin,dopamine
identifiziere,identify
ausgeschöpft,exhausted
lachgas,nitrous oxide
überfluten,flood
trips,trips
humanitäre,humanitarian
getöteten,killed
landers,landers
vatertag,Father's Day
brogan,brogan
berichtigen,correct
signalisieren,signal
unterbrichst,interrupt
stillwell,stillwell
draco,Draco
hinzusehen,to look
bewarb,applied
madden,madden
terminen,appointments
eheversprechen,wedding vows
simples,simple
bazillen,bacteria
theta,theta
asha,asha
verärgerte,annoyed
todesanzeigen,obituaries
fruchtbaren,fertile
zeitgleich,at the same time
kath,Catholic
silhouette,silhouette
gewährte,granted
keck,cheeky
trillerpfeife,whistle
sitzenlassen,sit
schnalzt,snaps
ask,ask
zurechnungsfähig,competent
widmore,Widmore
baseballspiel,baseball game
erdrückend,oppressive
kanonenrohr,cannon barrel
vaseline,vaseline
schnitzeljagd,scavenger hunt
lüftungsschacht,ventilation shaft
reisetasche,travel bag
geschwitzt,sweating
ang,ang
versand,shipment
bemühst,try
dominguez,dominguez
wohnort,place of residence
auszahlung,payout
chummy,chummy
kaminsims,mantelpiece
zauns,fence
friday,Friday
sozialisten,socialists
zurückzutreten,to resign
einflüsse,influences
dagwood,dagwood
gower,gower
senders,sender
afro,afro
hana,Hana
beliefern,supply
ravioli,ravioli
sonnenklar,crystal clear
arrangements,arrangements
horten,hoard
verblüffende,astonishing
trompeter,trumpeter
vizekönig,viceroy
kühltruhe,freezer
anzubringen,to attach
joon,joon
törnt,turns you on
einzelheit,detail
realexkav,realexkav
südpol,South Pole
zusammenhalt,cohesion
herausbringen,release
schutzgeld,protection money
fluglinie,airline
kurbel,crank
einzulegen,to insert
wissentlich,knowingly
briefumschlag,envelope
théo,Theo
suresh,suresh
totenbett,deathbed
heckenschützen,snipers
bloodberry,bloodberry
ehrenhafte,honorable
index,index
massenvernichtungswaffen,weapons of mass destruction
hölzernen,wooden
leonid,leonid
watanabe,watanabe
altert,aging
hohlen,hollow
luftdruck,air pressure
skaikru,skaikru
takahashi,takahashi
abzuknallen,to shoot
probt,rehearsals
privateigentum,private property
hardcore,hardcore
parkers,parkers
logbücher,logbooks
ikea,IKEA
dasteht,there it says
schlagmann,hit man
giftmüll,toxic waste
aurore,aurore
anrufs,call
penne,penne
schleift,grinds
football-team,football team
steuereintreiber,tax collector
kari,kari
steroiden,steroids
liebeserklärung,declaration of love
vermerk,note
kracher,Awesome!
tschernobyl,Chernobyl
googeln,google
wichtigem,important
ramone,ramone
imogene,imogene
pinkman,pinkman
autobahnen,motorways
verklag,sue
haller,haller
cod,code
achtel,eighth
grange,Grange
heimwerkerking,DIY king
kohlendioxid,carbon dioxide
bezahlter,paid
reißzähne,canines
soviele,so many
baileys,Baileys
boon,boon
bunchy,bunchy
grausamkeiten,atrocities
bück,bend
bumse,bumse
site,site
schütz,protector
jordans,Jordan's
geschäftsbeziehung,business relationship
spazierengehen,go for a stroll
trakt,tract
veranlagung,predisposition
ringrichter,referee
heisenberg,Heisenberg
frühstücksflocken,breakfast cereal
tschechisch,Czech
steffen,Steffen
seltsamsten,strangest
mila,mila
daye,daye
blauem,blue
verliebter,in love
beichtvater,confessor
schnipp,snip
beginnend,beginning
spelunke,dive
denham,denham
halluziniere,hallucinate
enterbt,disinherited
rebecka,Rebecca
richterliche,judicial
brubaker,brubaker
barmherziger,merciful
oona,oona
ek,ek
überdacht,covered
g.w.,g.w.
elektroden,electrodes
oboe,oboe
heimwerkerkönig,DIY king
beschmiert,smeared
abhebt,takes off
überraschungsmoment,element of surprise
nebensächlich,minor
griffe,handles
aufhalte,stay
tabitha,Tabitha
zupacken,grab
steins,steins
zugänge,access
gefundenes,found
avancen,advances
enoch,Enoch
pendel,pendulum
laertes,laertes
glockenschlag,bell toll
waere,were
klitzekleinen,tiny
mechanisch,mechanically
ungehindert,unhindered
verschließ,close
landezone,landing zone
bardot,bardot
ruhelos,restless
australischen,Australian
theatralisch,theatrical
unterstellung,assumption
großpapa,grandpa
neulinge,newcomers
hinterlistig,treacherous
clumsy,clumsy
ehrung,honor
reaper,Reaper
befiehlst,command
kriechst,crawl
großmutters,grandmother's
verständlicherweise,understandably
lucys,Lucy's
abschließt,concludes
vermuteten,suspected
befummelt,groped
tino,Tino
stimulation,stimulation
boyer,boyer
werbekampagne,advertising campaign
nicolás,nicolás
höllenloch,hellhole
ponyo,ponyo
therapien,therapies
trampen,hitchhiking
enthüllungen,revelations
ecuador,Ecuador
anbruch,dawn
tomasz,tomasz
indianerin,Indian
gesinnt,minded
verfrachten,transport
normannen,Normans
katholikin,Catholic
irisblende,iris diaphragm
wetters,weather
unangekündigt,unannounced
entsagen,renounce
geschicklichkeit,skill
weihnachtsessen,Christmas dinner
mariano,Mariano
verunreinigt,contaminated
bellas,bellas
ansahen,looked
studiums,studies
herziehen,move here
trude,trude
ausholen,to wind up
poliere,polish
zähneputzen,brushing teeth
intuitiv,intuitive
beaucoup,beaucoup
reinplatze,burst in
autorisierung,authorization
herzblatt,heartthrob
bnd,bnd
menelaos,Menelaos
gemeißelt,carved
abgelassen,drained
wonka,wonka
peak,peak
opera,opera
vorstoß,initiative
petzen,snitch
fragebogen,questionnaire
vermisster,missing
ägyptens,Egypt
jux,joke
parry,parry
geldsorgen,money worries
älteres,older
kahlen,bald
tagesablauf,daily routine
fbi-agentin,FBI agent
lokaler,local
capricorn,Capricorn
führungskraft,executive
siamesische,Siamese
nielsen,Nielsen
apfelmus,applesauce
wortlaut,text
herausgegeben,published
abnehmer,customer
geschäftsmänner,businessmen
sekretariat,secretariat
analysten,analysts
ausdiskutieren,discuss
saskia,Saskia
montmartre,Montmartre
smaragd,emerald
polizeibehörde,police authority
scheisskerl,bastard
spräche,spoke
fancy,fancy
ebba,ebba
blutend,bleeding
mehrfache,multiple
zurückzieht,withdraws
verschissen,fucked up
frédéric,Frédéric
ekliger,disgusting
leichtem,light
nyberg,nyberg
daphnée,Daphne
rj,rj
riskante,risky
piñata,piñata
strikes,strikes
unzen,ounces
bushrod,bushrod
außenpolitik,foreign policy
dingfest,apprehended
caulfield,caulfield
angelockt,attracted
feldherr,general
ersetzte,replaced
caspere,Caspere
dominanz,dominance
piece,piece
umentschieden,changed the decision
bestehend,consisting
verkleidete,disguised
heikles,delicate
ausführungen,explanations
quäl,torture
pfeifton,whistling sound
rüttelt,shakes
korridore,corridors
sklavenhändler,slave traders
goldjunge,golden boy
though,though
harken,rake
canary,canary
akzeptier,accept
cabaret,cabaret
rasierst,shave
wiedervereint,reunited
haarausfall,hair loss
ethische,ethical
paradoxon,paradox
guineen,Guinea
blutgeld,blood money
metzgerei,butcher shop
goddard,goddard
kribbelt,tingling
bertin,Bertin
gedankenkontrolle,mind control
kollateralschäden,collateral damage
misthaufen,manure heap
jago,jago
lincolns,Lincoln's
spenser,Spencer
krankenkasse,health insurance
masuka,masuka
moralisches,moral
aeon,aeon
reptil,reptile
resort,resort
wahnhaft,delusional
einladend,inviting
erstach,stabbed
verglich,compared
blythe,blythe
atemzüge,breaths
beherrsch,master
pyjamaparty,pajama party
heranwachsen,grow up
erzwungen,forced
tritte,kicks
menschenopfer,human sacrifice
würger,shrike
begehrenswert,desirable
filtern,filter
strohhalme,straws
schweinehunde,scoundrels
papiertüte,paper bag
astra,astra
mitgerissen,swept away
eroberungen,conquests
oberflächliche,superficial
rauszuschmeißen,to throw out
altmann,altmann
amtierende,incumbent
stürmischen,stormy
hosenträger,suspenders
hathaway,Hathaway
berufs,professional
gequetscht,squashed
unkontrollierbar,uncontrollable
rechtsstreit,legal dispute
credits,credits
kirkland,Kirkland
dominieren,dominate
staate,state
unbezahlte,unpaid
zeitzünder,time fuse
chirurgisch,surgical
zurückzuerobern,to recapture
tv-serie,TV series
predige,preach
erblüht,blooms
belgischen,Belgian
erneuten,renewed
zurückgeschlagen,repulsed
dienstwaffe,service weapon
lecke,lick
squire,squire
midland,Midland
parkbank,park bench
barstow,Barstow
schülerzeitung,student newspaper
sexualleben,sex life
nid,nid
aufklärer,spotter
dagmar,Dagmar
dharma,dharma
extravagant,extravagant
nervösen,nervous
warterei,waiting
vorfahre,ancestor
vikram,vikram
hähne,roosters
himbeeren,raspberries
auszog,moved out
annapolis,Annapolis
nachzählen,count
enges,narrow
nachdachte,thought
grüsse,greetings
meal,meal
massives,massive
einloggen,log in
zurückbringe,bring back
ephraim,Ephraim
plattfuß,flat foot
langsames,slow
kneif,pinch
wahrnimmt,perceives
mieseste,worst
abschreckung,deterrence
coolsten,coolest
kleinkinder,toddlers
mercia,mercia
vitalfunktionen,vital functions
aufzieht,pulls up
beschreiten,embark
früchtchen,little fruit
schmierig,greasy
nomaden,nomads
personalausweis,identity card
terje,terje
inhaftierung,imprisonment
minutes,minutes
beckham,beckham
martín,Martin
opfergabe,offering
ausländerin,foreigner
improvisiere,improvise
verwandelten,transformed
stine,stine
konsumieren,consume
gilly,gilly
fernes,distant
akron,akron
schwatzen,chatter
devise,motto
alberts,Alberts
rockstars,rockstars
ausbezahlt,paid out
blackwell,blackwell
departments,departments
weiterzuführen,to continue
aufgetaut,thawed
selbsthass,self-hatred
einzigartiger,unique
wainwright,Wainwright
jiang,jiang
artur,Arthur
halstead,Halstead
kinderbett,crib
drehbuchautor,screenwriter
begehrst,do you desire
kontamination,contamination
hinterhältigen,treacherous
papaya,papaya
bucks,bucks
sternbild,constellation
toa,toa
saßt,sat
consuela,Consuela
unpraktisch,impractical
anbaggern,to flirt
bewusste,conscious
mardi,Mardi
nussknacker,nutcracker
trara,trara
altmodischer,old-fashioned
mallorca,Mallorca
bussi,kisses
soong,soong
bräune,tan
forscht,researches
bestattet,buried
denkens,thinking
flaute,calm
felice,felice
blanke,blank
produktivität,productivity
spanne,span
nationales,national
nervtötend,annoying
visuell,visually
mittelalterlichen,medieval
rettungsdienst,ambulance service
barrieren,barriers
behandlungsraum,treatment room
fantasiewelt,fantasy world
rumtreibt,wandering around
meerwasser,seawater
zufriedener,satisfied
pemberton,Pemberton
vöglein,little bird
wohlhabender,wealthy
banning,banning
einzahlen,deposit
ene,ene
theoretische,theoretical
angeberei,boasting
bootsfahrt,boat trip
testpersonen,test subjects
jurij,jurij
hogwarts,Hogwarts
nachzukommen,to comply
überrede,persuade
grauzone,grey area
zwielichtige,shady
küchen,kitchens
totalschaden,total loss
kompromittieren,compromise
befunde,findings
merton,Merton
liebesgeschichten,love stories
mitteilungen,announcements
ausschütten,pour out
lackieren,paint
verwirrter,confused
satin,satin
starthilfe,jump-start
charakters,characters
judo,judo
user,user
abgeraten,advised against
betroffene,affected
kotelett,cutlet
hollywoods,Hollywood
flugfeld,airfield
thought,thought
terrier,terrier
eiserner,iron
fremdgegangen,cheated
macao,Macao
40er,40s
mclane,McLane
unerwünschte,unwanted
primaten,primates
schweitzer,Schweizer
younger,younger
vorwiegend,predominantly
drogengeschäft,drug trade
zweigen,branches
sardellen,anchovies
verarbeitung,processing
anprobiert,tried on
kämpfend,fighting
innerstes,innermost
moines,moines
erste-hilfe-kasten,first aid kit
shimada,shimada
marshmallow,marshmallow
ausgewählte,selected
wöchentlichen,weekly
stadien,stages
15-jährige,15-year-old
inwieweit,to what extent
scherbe,shard
satteln,saddle
cosby,Cosby
schrammen,scratches
verkabeln,wire
wickle,wrap
streicher,strings
håkon,hakon
kunstgalerie,art gallery
herodes,Herod
hässlichste,ugliest
schätzungsweise,approximately
exodus,Exodus
mattes,matte
geräumig,spacious
aufrechte,upright
überlebenschancen,chances of survival
its,its
kao,kao
testaments,wills
okay.,OK.
halsabschneider,cutthroats
drogenfahnder,drug enforcement
bekriegen,fight
danner,thener
seligkeit,bliss
einzugrenzen,to limit
auskosten,savor
sprechender,speaking
vollständiger,complete
guide,guide
bleibenden,permanent
geisteskranken,mentally ill
reguliert,regulated
leberfleck,mole
überdreht,over-the-top
woolsey,woolsey
artemis,Artemis
javadi,Javadi
annemarie,Annemarie
farbenblind,colorblind
enttäusch,disappointed
kita,daycare
panzerung,armor
tariq,tariq
herunterkommen,come down
jacs,jacs
lichte,bright
entsichern,unlock
nobler,noble
annes,Annes
kreuzigung,crucifixion
sendezeit,broadcast time
fliegendes,flying
ansprüchen,claims
göran,göran
trübt,clouded
subaru,subaru
fenton,fenton
dragonfly,dragonfly
kabeljau,cod
verwirkt,forfeited
fragwürdigen,questionable
stratege,strategist
besänftigt,soothed
aimée,love
geschäftsführung,management
joch,yoke
surrey,Surrey
pollack,pollack
lemmy,Lemmy
mutiges,courageous
gefriert,freezes
jolie,jolie
poor,poor
pinken,pink
traumata,traumas
birk,birch
weitererzählen,tell others
larsson,Larsson
beinarbeit,legwork
positionieren,positioning
molière,Molière
tüchtiger,capable
vandal,vandal
eisenwarenladen,hardware store
ines,ines
us-bürger,US citizens
muffy,muffy
erfolgs,success
zecke,tick
mondstein,moonstone
wilfred,Wilfred
rhodos,Rhodes
funkverbindung,wireless connection
knallst,bang
einlaufen,enter
geographie,geography
heimzukommen,to come home
fäulnis,rot
kinderchen,little child
höchstem,highest
vereidigt,sworn in
hornhaut,cornea
brustschmerzen,chest pain
anatoly,Anatoly
angsthasen,cowards
ferngesteuert,remote controlled
interagieren,interact
jo-jo,jo-jo
verstörende,disturbing
pavian,baboon
runner,runner
beagle,beagle
fallschirmjäger,paratroopers
andorianer,Andorians
ersatzreifen,spare tire
tall,tall
nimmerland,Neverland
lain,lain
later,later
suicide,suicide
längerem,longer
quadratkilometer,square kilometers
nona,nona
forstman,forester
medford,medford
andri,andri
vizekanzler,vice chancellor
begruben,buried
anregen,stimulate
spannenden,exciting
kitzlig,ticklish
erwägt,is considering
wettest,bet
mexikos,Mexico
allererstes,first of all
produzierte,produced
neolution,neolution
schah,Shah
geschnüffelt,sniffed
gemini,Gemini
brezel,pretzel
ekelhaften,disgusting
belangt,concerned
ginsberg,Ginsberg
chevrolet,Chevrolet
tte,tte
masha,Masha
enthusiastisch,enthusiastic
umdrehungen,revolutions
öfteren,more often
übermüdet,overtired
hinreißende,delightful
abschussliste,Hit list
küsser,kisser
nachgelaufen,followed
farrah,farrah
hälse,necks
lokführer,train driver
höchstes,highest
maisie,maize
hinsieht,looks
dolce,dolce
armani,Armani
spielerei,play
perlenkette,pearl necklace
engste,closest
fantasieren,fantasize
lächerliches,ridiculous
nagelneu,brand new
brennstoff,fuel
insolvenz,insolvency
schrot,shot
volm,volm
staffeln,seasons
roe,roe
klägerin,plaintiff
zulassungsstelle,registration office
erdrutsch,landslide
kaugummis,chewing gum
lyons,Lyons
rebeccas,Rebecca's
standby,standby
flugobjekt,flying object
schüchterne,shy
höllenhund,hellhound
klapp,fold
entzücken,delight
goss,pours
odda,odda
galeere,galley
flure,corridors
hemmungslos,uninhibited
accessoires,accessories
egoistischen,selfish
schimpf,scold
verteil,distributed
zurückkriegen,get it back
hinkriegt,manages
parmesan,Parmesan
panzerwagen,armored car
zeitsprung,time jump
fleißige,diligent
ländlichen,rural
verhütung,prevention
strickland,Strickland
itaker,itaker
gerast,raced
kreuzritter,crusaders
fahrradfahren,ride a bike
chewie,Chewie
generalstab,general staff
stränge,strands
uniformierten,uniformed
woodman,woodman
entsprungen,escaped
beschneiden,prune
keyboard,keyboard
tellern,plates
sonnenbrillen,sunglasses
herausschneiden,cut out
verwöhnst,pamper
guns,guns
schiffshorn,ship's horn
straft,punishes
plausch,chat
klee,clover
redfern,redfern
gerrit,Gerrit
gehirnen,brains
befragten,interviewed
stans,stans
arier,Aryans
adliger,nobleman
tar,tar
süchtigen,addicts
führender,leading
filmgeschäft,film business
verkehrskameras,traffic cameras
sparbuch,savings account
nachtleben,nightlife
irmgard,Irmgard
ungezogener,naughty
mongolen,Mongols
bag,bag
beteilige,participate
bekehrt,converted
fahrzeugpapiere,vehicle documents
vertauschen,exchange
umfahren,avoid it
treibend,impulsive
persischen,Persian
duckt,ducks
gewappnet,prepared
prahlt,boasts
buenas,buenas
pranger,pillory
konsumenten,consumers
rumtreiben,wandering around
pendragon,pendragon
bleichgesicht,paleface
lund,Lund
werkzeugen,tools
auflaufen,run up
transmission,transmission
danes,danes
messing,brass
verbissen,doggedly
temps,temps
eigenmächtig,unilaterally
quittieren,resign
michèle,michèle
joplin,Joplin
fahrersitz,driver's seat
parodie,parody
primo,primo
tonbandgerät,tape recorder
cammie,cammie
ministeriums,ministry
rahul,Rahul
imhotep,imhotep
stammten,originated
versauern,sour
schwül,sultry
wynn,wynn
rafi,rafi
japoness,japoness
hauptgrund,main reason
bevölkert,populated
drauflegen,put on it
fiat,Fiat
allerwenigsten,very few
java,Java
paraguay,Paraguay
roche,Roche
bedeuteten,meant
flüssiger,liquid
bergsteigen,mountaineering
konzerten,concerts
alessandra,alessandra
entlein,duckling
ohlsson,ohlsson
renaud,Renaud
g.g.,g.g.
symmetrie,symmetry
durchdenken,think through
eiskalten,ice-cold
kollisionskurs,collision course
löwenzahn,dandelion
abendnachrichten,evening news
niedrigste,lowest
trägheit,inertia
lerche,lark
restlos,completely
mistkäfer,dung beetle
abzufeuern,to fire
bibeln,Bibles
weltkrieges,World War
iange,length
io,io
wanted,wanted
spaniern,Spain
loyalen,loyal
schmeichelei,flattery
tap,tap
lowen,lions
flair,flair
ofelia,ofelia
zaubert,conjures
wegwerfhandy,disposable phone
blaster,blaster
begebenheit,event
kun,kun
drazi,drazi
bewirbt,applies
hauptgericht,main course
perfektionieren,perfect
nordmänner,Norsemen
vorsteher,supervisor
fc,FC
teng,teng
argos,Argos
sony,sony
dab,dab
leviten,Levites
mea,mea
geschwungen,curved
prämien,bonuses
gütigen,kind
sozialversicherung,social security
pflegefamilien,foster families
chorgesang,choral singing
leona,Leona
reinwerfen,throw it in
abgleichen,match
aufzuladen,to charge
zuwerfen,throw
saturday,Saturday
erstem,first
hervorbringen,produce
julienne,Julienne
reingehe,go in
sozialistischen,socialist
marleen,Marleen
feurigen,fiery
einbrach,broke in
colson,Colson
einschränkung,restriction
walde,forest
üblicher,usual
verdreifachen,triple
fane,fane
racheakt,act of revenge
glorreicher,glorious
rassistischen,racist
laudanum,laudanum
striche,lines
sühne,atonement
klarkomme,I'm okay
remo,remo
säugetiere,mammals
milder,milder
coca,coca
herzzerreißend,heartbreaking
poncho,poncho
mitchum,mitchum
lateinischen,Latin
frye,frye
kaylee,Kaylee
durchkreuzt,thwarted
erwiderte,replied
barrès,barrès
besenkammer,broom closet
lyta,lyta
ranlassen,let it happen
verhökern,sell off
aang,aang
sandsturm,sandstorm
verschmutzung,pollution
rotznase,snotty nose
äußerungen,statements
peggotty,peggotty
erwarb,acquired
rodgers,Rodgers
bolschewiken,Bolsheviks
smoak,smoak
alive,alive
pap,paper
radikaler,radical
damar,damar
moralpredigt,moral sermon
unersättlich,insatiable
huntley,huntley
strychnin,strychnine
liedes,song
programmierte,programmed
lol,lol
unorthodox,unorthodox
gekko,gecko
ds9,ds9
nachgeschlagen,looked up
fortwährend,continuously
ausgeweidet,gutted
riesengroße,gigantic
cassio,Cassio
jungle,jungle
kranich,crane
coupons,coupons
ungarische,Hungarian
familiensache,family matter
polin,Polin
anfänge,beginnings
anerkennt,acknowledges
trina,trina
awesome,awesome
schuhkarton,shoebox
fehlendes,missing
corp.,corp.
längerer,longer
formaldehyd,formaldehyde
kohldampf,ravenous hunger
eunuch,eunuch
angebrochen,opened
schlichter,simpler
einpflanzen,plant
unvergessliche,unforgettable
flüchteten,fled
sitzordnung,seating arrangement
thaddeus,thaddeus
unanständiges,indecent
gesicherten,secured
bedrängnis,distress
janna,Janna
originals,originals
personals,personals
beschenkt,gifted
victorias,Victoria's
signalisiert,signals
nimmermehr,nevermore
kratzte,scratched
nonstop,nonstop
eingehend,in detail
future,future
jut,good
rockige,rock
spezifikationen,specifications
versicherungsgesellschaft,insurance company
innovation,innovation
sinnliche,sensual
unternehmung,company
katalysator,catalyst
zugbrücke,drawbridge
kimmel,kimmel
heimkomme,coming home
mitsingen,sing along
om,om
ströme,streams
feldes,field
khaleesi,Khaleesi
eisbär,polar bear
äm,um
jeffersonian,Jeffersonian
ausrufezeichen,exclamation mark
zoes,zoes
auszuwischen,to wipe
aufkaufen,buy up
königsmund,King's Landing
erwischst,caught
maiden,maiden
pontius,Pontius
katapult,catapult
boulogne,Boulogne
famos,fabulous
erzieher,educator
bewunderst,admire
kirchenglocke,church bell
mexikanern,Mexicans
boshaftigkeit,malice
erschütterung,vibration
muck,muck
starterlaubnis,starting permit
schachfigur,chess piece
hirntot,brain dead
christel,Christel
midori,midori
arbeitskraft,labor
straßenräuber,highway robbers
staffelfinale,season finale
schlauste,smartest
matéo,matéo
törichten,foolish
baratheon,Baratheon
shall,shall
stocksauer,furious
wee,wee
rackham,rackham
schüttete,poured
senke,sink
hinfährt,goes there
klans,clan
abzocken,rip people off
ethischen,ethical
schnellere,faster
chloes,chloe's
transvestiten,transvestites
hackman,hackman
tick-tack,tick-tock
fünftausend,five thousand
hosts,hosts
hirsche,deer
titelseiten,front pages
leung,leung
tierische,animal
undankbaren,ungrateful
statusbericht,status report
pennern,bums
knöpfchen,button
bluttransfusion,blood transfusion
observierung,observation
wegzufahren,to leave
geigerzähler,Geiger counter
necken,tease
bemühte,endeavor
hofmann,Hofmann
besserungsanstalt,reformatory
lebenserhaltungssystem,life support system
verfechter,advocates
ander,at the
ablage,filing
eingeengt,confined
einschließt,includes
homecoming,homecoming
gegnerischen,opposing
teuflisches,diabolical
maschinerie,machinery
abgaben,taxes
sonnenstrahlen,sunbeams
leibhaftig,in the flesh
fried,fried
spendier,spend
carstairs,carstairs
alcide,alcide
trojanisches,Trojan
streichelzoo,petting zoo
auslöschung,extinction
mouna,mouna
lieferservice,delivery service
kostbarer,precious
ekeln,disgust
lions,lions
entehren,dishonor
regulieren,regulate
geheimnistuerei,secrecy
irène,Irène
hereinlassen,let in
cates,cats
evangelina,Evangelina
ungewollt,unintentionally
helix,helix
honduras,Honduras
misshandlungen,abuse
alexi,alexi
middle,middle
häute,hides
teuflischer,diabolical
apfelwein,apple wine
redefreiheit,freedom of speech
abgibst,hand in
blinzelt,blinks
herausgeschnitten,cut out
foxtrott,foxtrot
angesammelt,accumulated
warze,wart
lesley,Lesley
missbrauchte,abused
maggies,Maggie's
pauken,cramming
hüh,hee-haw
abgekratzt,scraped off
kürzesten,shortest
drückeberger,shirker
montagabend,Monday evening
teddys,teddies
strahlte,beamed
sechst,sixth
eintrafen,arrived
richtigkeit,accuracy
klatschnass,soaking wet
odie,odie
acosta,acosta
untote,undead
vorratskammer,pantry
reproduktion,reproduction
zuschüsse,subsidies
vorzieht,prefers
fotografierte,photographed
hydraulik,hydraulics
tatum,tatum
knutschfleck,hickey
familienangelegenheiten,family matters
schleimige,slimy
abholst,pick up
kooperiere,cooperate
gierige,greedy
bäuchlein,tummy
nates,nates
abrücken,move away
regierte,ruled
hernando,Hernando
anführers,leader
soziologie,sociology
leach,leach
sammelpunkt,Meeting point
flugblatt,leaflet
vanity,vanity
tic,tic
keksdose,cookie tin
alltägliche,everyday
molekül,molecule
demokrat,democrat
ausmaße,dimensions
mole,mole
burgund,Burgundy
tintin,tintin
schädeltrauma,skull trauma
versaute,ruined
beträchtlichen,considerable
reza,reza
caution,caution
h.g.,h.g.
vespa,vespa
witzigen,funny
rausgegeben,released
mischte,mixed
märchenprinz,fairytale prince
übergewicht,overweight
flugs,quickly
herkamst,you came from here
stickerei,embroidery
plastiksprengstoff,plastic explosive
avengers,Avengers
ostseite,east side
scheußliches,hideous
klinke,pawl
pullis,sweaters
umwerfen,upset
schuldirektor,school principal
doppelbett,double bed
kampfstationen,battle stations
webcam,webcam
koteletts,cutlets
klaustrophobie,claustrophobia
zerrte,pulled
mangels,lack
monatlichen,monthly
geburtstags,birthday
problemchen,little problem
rawlins,rawlins
köhler,Köhler
bereiteten,prepared
pragmatisch,pragmatic
vermache,bequeath
unterbrach,interrupted
zustimmst,do you agree
notizblock,notepad
drazen,drazen
desserts,desserts
engl,English
vollzug,execution
boise,boise
ramm,ram
beschleuniger,accelerator
keusch,chaste
pollard,pollard
armseliges,pitiful
goya,Goya
maik,maik
urknall,Big Bang
davonläuft,runs away
templer,Templar
vernichtend,devastating
energreen,energreen
kassettenrekorder,cassette recorder
geizkragen,miser
nous,nous
habseligkeiten,belongings
chemischer,chemical
kaschmir,cashmere
altstadt,old town
überlegten,considered
unterging,sank
hinwegsehen,overlook
vorzufinden,to be found
lora,Lora
glitschig,slippery
neuland,new territory
gemälden,paintings
siebzig,seventy
momento,momento
morgenstunden,morning hours
vorspeisen,appetizers
wächtern,guards
geräuschen,noises
ölen,oil
ungeklärten,unexplained
aufgehetzt,incited
genehmigte,approved
methadon,methadone
schulkinder,schoolchildren
schnarchst,snore
botox,Botox
näheren,closer
sona,sona
fertigkeiten,skills
psi-corps,psi-corps
auffassen,perceive
erhitzen,heat
verzehr,consumption
polizeipräsidenten,police chiefs
nachahmen,imitate
reaktivieren,reactivate
ziels,goal
äthiopien,Ethiopia
hani,hani
etat,budget
archiven,archives
sirius,Sirius
schmerzensschrei,scream of pain
aktenschrank,filing cabinet
weitgehend,largely
hervé,Hervé
meistgesuchten,most searched
nobu,nobu
schlichtweg,simply
durcharbeiten,work through
drogenbehörde,drug enforcement agency
schneeflocke,snowflake
philo,philo
hays,hays
handelskammer,chamber of commerce
läute,ring
martinsson,Martinsson
cushing,Cushing's
nirvana,Nirvana
hull,hull
penisse,penises
ähnlichem,similar
spielfilm,feature film
näh,sew
vererben,inherit
triftigen,valid
danzig,Gdansk
flandern,Flanders
abzutreten,to cede
production,production
dauerwelle,perm
divisionen,divisions
wagon,wagon
größenwahn,megalomania
tals,tals
ausschnitte,excerpts
betsey,betsey
kee,kee
fallschirmspringen,skydiving
buon,buon
kasachstan,Kazakhstan
erzittern,tremble
patronenhülse,cartridge case
jamaica,Jamaica
opernmusik,opera music
kneifst,pinch
strebe,strut
bedeutendsten,most important
namenlosen,nameless
herausreißen,tear out
achmed,achmed
spaltet,divides
rausspringen,jump out
euern,your
trostpreis,consolation prize
feststeht,is certain
nagen,gnaw
strix,strix
takumi,takumi
stipendien,scholarships
ehebrecher,adulterer
sweetie,sweetie
herumhängen,hanging around
schnepfe,snipe
spezialeinheiten,special forces
seuchen,epidemics
blumenkohl,cauliflower
plastischen,plastic
seitwärts,sideways
getilgt,erased
liebesaffäre,love affair
sometimes,sometimes
erkundet,explores
ledoux,ledoux
o.j.,o.j.
plattenvertrag,record deal
oxy,oxy
mordprozess,murder trial
entwerfe,design
bildhübsch,gorgeous
beaufsichtigt,supervised
brotkrumen,breadcrumbs
wettervorhersage,weather forecast
maßstäbe,scales
immens,immense
schränkt,restricts
zampano,zampano
neugieriger,curious
kontaktaufnahme,contact
aufhörten,stopped
zurückstellen,postpone
erhaltet,receive
aufnimmst,you record
teekessel,kettle
unverzichtbar,indispensable
legat,legate
leonards,Leonards
sten,sten
taschenrechner,calculator
gewürzt,seasoned
hampelmann,jumping jack
zentralbank,central bank
portale,portals
staatsgrenze,state border
rowdy,rowdy
jc,jc
überträger,transmitter
überraschungsangriff,surprise attack
hachi,hachi
sass,sat
rotterdam,Rotterdam
schützengräben,trenches
ämter,offices
ewa,ewa
indigo,indigo
irisch,Irish
schändliche,shameful
schsch,sch
respekts,respect
teleportieren,teleport
miyuki,miyuki
scheinchen,little money
kaputtgehen,break down
konklave,conclave
davonkommt,escapes
kamikaze,kamikaze
entließ,dismissed
starrköpfig,stubborn
rolltreppe,escalator
odins,Odin's
breitengrad,latitude
nebeneffekt,side effect
skylar,skylar
fouquet,fouquet
verführer,seducer
aung,aung
deputies,deputies
uh-uh,uh-uh
unschätzbarem,invaluable
vs.,vs.
umgehst,bypass
carm,carm
schlanke,slim
sechsen,six
laboratorium,laboratory
tobe,to be
wettbewerbs,competition
herzschrittmacher,pacemaker
plakette,plaque
dumas,Dumas
soundtrack,soundtrack
abgeschiedenheit,seclusion
horus,Horus
virgilia,virginia
merlotte,merlotte
posen,poses
beschädigung,damage
hochging,went up
abgeräumt,cleared
adlers,eagles
ausgefallenes,unusual
geary,geary
pau,pau
grimassen,grimaces
unverkäuflich,not for sale
fotoshooting,photoshoot
sprengsätze,explosives
zerbrochenes,broken
jacoby,Jacoby
weiterlebt,lives on
margit,Margit
betreffenden,The relevant
heutiges,today
eight,eight
verwunden,wound
emory,emory
aussteigt,gets out
würfe,throws
verstrichen,passed
bekanntschaften,acquaintances
truthähne,turkeys
zugebracht,spent
lanes,lanes
bekunden,declare
matts,matts
anzuzweifeln,to doubt
ernähre,feed
revere,revere
klagte,complained
halluzinieren,hallucinate
vorurteilen,prejudices
ruhms,fame
kolumbianischen,Colombian
jungens,young
zwielichtigen,shady
begebenheiten,events
vollstrecken,to enforce
unbedeutender,insignificant
aufspringen,jump up
verdampft,evaporates
vordersitz,front seat
leckst,lick
aggressivität,aggressiveness
wohlhabende,wealthy
chiropraktiker,chiropractor
drängst,urge
rumkommandieren,bossing people around
huldigen,pay homage
qualmt,smokes
turnt,turnt
bunde,bundle
muskulös,muscular
argwöhnisch,suspiciously
uhrmacher,watchmaker
udon,udon
scorpion,scorpion
harve,harve
prozession,procession
bandbreite,bandwidth
reinzulassen,to let in
elsbeth,Elsbeth
einsatzkräfte,emergency services
freundeskreis,circle of friends
bellefleur,bellefleur
umsehe,look around
regeneration,regeneration
bedauerst,regret
finanzberater,financial advisor
singularität,singularity
konzil,council
gedächtnisschwund,memory loss
erkrankungen,diseases
händlern,traders
sündhaft,sinful
erinnerungsvermögen,memory
epstein,Epstein
kindische,childish
nachthimmel,night sky
kühlwalda,Kühlwalda
kubanischen,Cuban
schwachsinnigen,feeble-minded
südstaaten,southern states
gegenschlag,counterattack
närrisch,foolish
nachahmungstäter,copycat offenders
boaz,boaz
verleumden,slander
norad,norad
ausgeburt,birth
shotgun,shotgun
stinger,stinger
sternenhimmel,starry sky
finte,feint
beauchamp,Beauchamp
geschrubbt,scrubbed
zurückfinden,find your way back
nguyen,nguyen
allgegenwärtig,omnipresent
romulanische,Romulan
nacktfotos,nude photos
pinkelst,pee
racer,racer
enttäuschte,disappointed
walküre,Valkyrie
abgeführt,removed
neurologe,neurologist
kleidungsstück,garment
schwules,gay
schlüsselbund,key ring
draufsetzen,sit on it
durchgreifen,take action
bulldogge,bulldog
huste,cough
festgefahren,stuck
sportliche,sporting
milf,MILF
mösen,pussies
schuhladen,shoe store
jupp,yupp
bräuten,brides
kalium,potassium
delacroix,delacroix
pembroke,Pembroke
trunkenbold,drunkard
zusammenlegen,combine
gebildeter,educated
billigste,cheapest
schnuppert,sniffs
frier,Freezer
abzudrücken,to press
schmückt,decorates
gemischten,mixed
ansprechpartner,contact person
kaminski,Kaminski
drogenabhängige,drug addicts
wiedererlangt,recovered
precious,precious
nachtschatten,nightshade
instanz,instance
indianischen,Native American
munch,Munch
herzschmerz,heartbreak
aussehens,appearance
verschmäht,spurned
selby,selby
pflichtgefühl,sense of duty
funde,fund
grünem,green
torso,torso
importieren,import
homosexueller,homosexual
number,number
überwachungssystem,monitoring system
verwöhntes,spoiled
himalaya,Himalayas
fra,fra
aufzuwärmen,to warm up
gruppenführer,group leader
pontiac,Pontiac
geschichtenerzähler,storyteller
verjährt,statute of limitations
beaver,beaver
tullius,tullius
freilässt,releases
mene,mene
füßchen,little feet
abweichen,differ
above,above
buds,buds
hobbit,hobbit
erfinderisch,inventive
eber,boar
verheddert,tangled
poughkeepsie,poughkeepsie
verbraucher,consumer
verhüllt,concealed
croupier,croupier
hausdurchsuchung,house search
geheule,howling
einwanderung,immigration
enthaupten,behead
möpsen,pugs
biochemie,biochemistry
schergen,henchmen
laufburschen,errand boys
calvert,calvert
tabellen,tables
geduldiger,patient
eheleben,married life
schwindeln,to cheat
nachzuweisen,to prove
uri,uri
geschrottet,wrecked
crickett,crickett
faszinierender,fascinating
charts,charts
einstürzt,collapses
modeln,model
kille,kill
gestattest,do you allow
kuriert,cured
verspürte,felt
sonstige,other
echelon,echelon
brandneues,brand new
kühner,bolder
auffrisst,eats
peacekeeper,peacekeeper
sicherheitsprotokolle,security protocols
eismaschine,ice machine
prachtexemplar,magnificent specimen
verrostet,rusted
ministerpräsidenten,Prime Minister
reinspazieren,Walk in
nachjagen,chasing
robson,robson
cosette,Cosette
unzureichend,insufficient
packer,packer
missionar,missionary
heylia,heylia
zelig,zelig
schrittweise,step by step
trapper,trapper
vornehmer,more refined
tobey,tobey
thorndyke,thorndyke
komtess,countess
einzuweihen,to inaugurate
zugebe,admit
triumphiert,triumphs
bemerkenswertes,remarkable
müllsack,garbage bag
wi-fi,Wi-Fi
besonderheit,special feature
auswischen,wipe
ronin,ronin
gesetzloser,lawless
modernsten,state-of-the-art
wolfes,wolves
armin,Armin
quarks,quarks
mylene,mylene
hilfskraft,assistant
spoiler,spoiler
wirbt,advertises
minenarbeiter,miners
paddington,Paddington
macleod,macleod
wachteln,quail
malheur,mishap
selbstgerecht,self-righteous
imponiert,impresses
rasant,rapidly
hügels,hill
ausweinen,cry
hofrat,Court Councillor
schadest,do harm
arbeitsmoral,work ethic
laborratte,laboratory rat
entgegenzunehmen,to receive
verfehlte,missed
rath,council
runterschlucken,swallow
preist,price
manne,man
absinth,absinthe
budgets,budgets
gordy,Gordy
geringeres,lesser
vertrat,represented
heldenhaften,heroic
erbauen,build
überfordern,overwhelm
todesfällen,deaths
abgestattet,paid
jerrys,Jerry's
yeung,yeung
befangen,biased
cochrane,Cochrane
jachthafen,marina
vilma,Vilma
claudine,Claudine
platonisch,Platonic
geilste,coolest
ritas,Rita's
android,Android
konvent,convention
lakewood,Lakewood
jippie,hooray!
jacuzzi,jacuzzi
schwerelosigkeit,weightlessness
schüchternheit,shyness
zuckerschlecken,a piece of cake
unbeständig,unstable
vertrags,contract
lanzen,lances
berserker,berserker
hinzuhalten,stalling
eventuelle,possible
postleitzahl,postal code
brennender,burning
studentenverbindung,student fraternity
peanuts,peanuts
erfundenen,invented
pyjama-party,pajama party
mündlich,orally
desorientiert,disoriented
schmatzen,smacking
gescheut,avoided
schmollst,pout
kenshin,Kenshin
spürhund,tracking dog
kompetenzen,skills
hepburn,Hepburn
command,command
getrost,confidently
heimlichtuerei,secrecy
bahnt,paves
hochtouren,high revs
everlasting,everlasting
baustellen,construction sites
anwerben,recruit
zugeworfen,thrown
arger,aggravation
mcgregor,McGregor
sequenzen,sequences
vermögend,wealthy
abgemurkst,murdered
befolgte,followed
mildern,mitigate
primus,primus
phrase,phrase
zerknittert,crumpled
alm,alm
prentice,Prentice
wanja,wanja
kirkman,Kirkman
zielgebiet,target area
schadenfreude,schadenfreude
ronaldo,Ronaldo
blaulicht,blue light
abkommandiert,seconded
aufrufe,views
rochen,rays
hammermäßig,awesome
arbeitsweise,working method
gesänge,songs
sad,sad
bombendrohung,bomb threat
großaufnahme,close-up
kitzel,tickle
thin,thin
hallam,hallam
spab,spab
leuchter,chandelier
jun-shik,jun-shik
pentagramm,pentagram
erschütternd,shocking
auswählt,selects
verehrtes,revered
knospe,bud
vorantreiben,to advance
pint,pint
zermalmt,crushed
zurückhält,holds back
raustragen,carry out
systolisch,systolic
buddhismus,Buddhism
kränkt,offends
mitansehen,watch
bostoner,Boston
carsten,Carsten
markierten,marked
pipers,pipers
rausgesucht,picked out
messdiener,altar servers
wertloser,worthless
abspritzen,spray
krakau,Krakow
babygeschrei,baby crying
wahltag,election day
wichtigeren,more important
mohn,poppy
weitermache,continue
uganda,Uganda
ungewissen,uncertain
sogenannter,so-called
10k,10k
unterste,lowest
larrabee,larrabee
arbeitsloser,unemployed
ausritt,horseback riding
ausschluss,exclusion
derevko,derevko
komik,comic
glückskeks,fortune cookie
planetarium,planetarium
punktestand,score
unabhängigkeitstag,Independence Day
matthieu,matthieu
herumgelaufen,walked around
sakrileg,sacrilege
cranston,Cranston
shinji,Shinji
erbracht,provided
autoreifen,car tires
lanie,lanie
nachschenken,refill
augenscheinlich,apparently
salbei,sage
südostasien,Southeast Asia
freuten,rejoiced
regentschaft,regency
krüge,jugs
quiche,quiche
handsome,handsome
beständigkeit,resistance
inhalte,contents
chirac,Chirac
ungebunden,unbound
offenbarte,revealed
überstimmt,overruled
dosenöffner,tin opener
hergelockt,lured here
staatssicherheit,State security
öh,uh
leberwurst,liverwurst
gefahndet,wanted
gogo,gogo
bestritten,disputed
konflikten,conflicts
ermittlerin,investigator
claim,claim
finanzierte,financed
backpulver,baking powder
krista,Krista
robot,robot
mart,mart
mate,mate
eingesackt,bagged
körperflüssigkeiten,bodily fluids
schätzungen,estimates
zugespielt,played
rusk,rusk
geheimniskrämerei,secrecy
bestünde,would exist
ausgefallene,unusual
essbares,edible
romulanern,Romulans
ausnahmslos,without exception
hopes,hopes
seelenverwandten,soulmates
strengstens,strictly
stutzig,puzzled
veranlasste,caused
forschungsabteilung,research department
beängstigende,frightening
djs,DJs
canning,canning
lydgate,lydgate
halbblut,half-blood
ito,ito
doppelgängerin,doppelganger
shari,Shari
mondlandung,moon landing
mittwochabend,Wednesday evening
cosgrove,cosgrove
notfällen,emergencies
frosty,frosty
zuteilen,allocate
jimmie,Jimmy
zusammengelegt,combined
callum,callum
bodentruppen,ground troops
mitgeholfen,helped
alkoholismus,alcoholism
durchleuchten,X-ray
selbstkontrolle,self-control
scarface,scarface
schuldiger,guilty
photos,photos
einzahlung,deposit
muskete,musket
miserable,miserable
ortungsgerät,tracking device
ville,ville
zumeist,mostly
vernascht,devoured
weggelassen,omitted
befürchtung,apprehension
stuten,mares
schnippisch,snide
retrovirus,retrovirus
heilbar,curable
gedatet,dated
horseman,horseman
hirnschäden,brain damage
anger,anger
meditiert,meditates
umgefahren,run over
fluchtwagen,getaway car
betreff,reference
nahaufnahmen,close-ups
niedergestreckt,struck down
erträglicher,more bearable
abhaue,get out
maulwürfe,moles
gets,gets
anzumelden,to register
bezwingt,conquers
sünderin,sinner
griggs,griggs
cecilie,Cecilie
aufwartung,service
lichtblick,A glimmer of hope
aubergine,aubergine
knorpel,cartilage
rumzukriegen,to get around
eingeschlichen,crept in
zeitreisender,time traveler
gigantischer,gigantic
luftzug,draft
geprahlt,boasted
cohn,cohn
fleischfresser,carnivores
auktionator,auctioneer
blutvergiftung,blood poisoning
ashby,Ashby
thompsons,Thompsons
masao,masao
staatsgewalt,state power
convention,convention
langweilte,bored
aufreißt,tears open
gard,gard
turnbull,turnbull
gekicher,giggle
drogengeld,drug money
aussetzer,dropouts
wohltat,benefit
erbauer,builder
verarbeite,process
hollander,Dutch
dreitausend,three thousand
schlüsselanhänger,keychain
each,each
giftstoffe,toxins
rausprügeln,beat them out
schriebst,you wrote
padmé,Padmé
rückerstattung,refund
eingebettet,embedded
ereilt,befall
3d,3D
thais,Thai
erbrochen,vomited
bringer,bringer
gabt,gave
sägemehl,sawdust
mogeln,cheating
bellini,bellini
belagern,besiege
telefongespräche,telephone conversations
einkaufszentren,shopping centers
kritisiere,criticize
keilriemen,V-belt
majestic,majestic
dienstleistungen,services
barack,barack
behelligen,bother
sorbonne,Sorbonne
projektil,projectile
vans,vans
krypta,crypt
thrace,Thrace
schlaflosen,sleepless
streifte,grazed
roys,royals
infantin,infant
sofas,sofas
dietz,dietz
geknüpft,tied
eph,eph
begrabt,buried
tatorts,crime scenes
herrisch,bossy
jakey,Jakey
beeinflussung,influence
individuell,individually
styles,styles
weltbank,World Bank
kurator,curator
maultiere,mules
masaki,Masaki
spitzenklasse,top class
auftrat,appeared
nesbitt,nesbitt
schwellungen,swelling
kriegszeiten,wartime
atomaren,atomic
kreuzten,crossed
mcdonalds,McDonald's
reguläre,regular
besitzers,owner
unternehmungen,companies
holländischen,Dutch
lieutenants,lieutenants
nicke,nod
daria,Daria
verhöhnen,mock
verheimliche,conceal
telefonzentrale,switchboard
startest,start
sohnemann,son
caris,caris
tanny,tanny
epinephrin,epinephrine
todesstoß,death blow
grete,Grete
dienstwagen,company car
dauphin,dauphin
verputzt,plastered
ungewisse,uncertain
dankbarer,grateful
klassenbeste,best in class
newt,newt
dominant,dominant
until,until
späßchen,joke
morbide,morbid
kalbfleisch,veal
gutsherr,landowner
aufhänger,hanger
konstellation,constellation
cindi,cindi
momentane,current
kant,Kant
theon,theon
geografie,geography
knochenbrüche,bone fractures
austritt,exit
heintje,Heintje
ausheben,excavate
hoss,hoss
barmherzige,merciful
benutzer,user
privatdetektive,private detectives
landkreis,district
erstausgabe,first edition
romanzen,romances
vorgefahren,drove up
simcoe,simcoe
victoire,victory
eingeschläfert,euthanized
ch6122c0,ch6122c0
zerreiß,tear
wegzusperren,to lock away
geniessen,enjoy
strippe,strip
prozac,prozac
freigestellt,exempted
exeter,exeter
cube,cube
ohnezahn,Toothless
leugnest,deny it
erstanden,acquired
ereignisses,event
kreatives,creative
umfassen,include
speichert,saves
aufnahmegerät,recording device
leann,leann
apfelbaum,apple tree
darein,in it
objektivität,objectivity
sinnvolle,meaningful
herumrennen,running around
sorgfältiger,careful
töle,töle
muchachos,muchachos
wutanfälle,tantrums
frühstückt,breakfast
harcourt,Harcourt
interessantesten,most interesting
nervenheilanstalt,mental hospital
zusammengezogen,contracted
vorväter,ancestors
ernennt,appoints
jip,yip
übereilt,hasty
fen,fen
seok,seok
frigide,frigid
mutterschaft,maternity
plappermaul,chatterbox
matschig,mushy
platzangst,claustrophobia
versenden,send
rya,rya
blumentopf,flower pot
leblos,lifeless
vielversprechende,promising
manuskripte,manuscripts
notrufe,emergency calls
diskreter,discreet
cissy,cissy
zurueck,back
osbourne,Osbourne
aufreißer,eye-catcher
bruna,Bruna
frühmorgens,early morning
cartier,Cartier
viking,Viking
heldenhafte,heroic
auswerten,evaluate
winkte,waved
hein,hein
simst,text
erfrischt,refreshes
souverän,sovereign
fluchtauto,getaway car
herzprobleme,heart problems
doppelschicht,double layer
umsetzung,implementation
zajac,Zajac
wayward,wayward
bekloppter,crazy
baguette,baguette
bilbo,bilbo
provence,Provence
fäkalien,feces
muffig,musty
tnt,tnt
schaltkreis,circuit
lattimer,lattimer
telefonanrufe,phone calls
eunuchen,eunuchs
widersprich,contradict
fitness-studio,fitness studio
manie,mania
flutwelle,tidal wave
kirschkuchen,cherry cake
dahl,dahl
schönem,beautiful
snap,snap
verleugnung,denial
kletterst,climb
tutor,tutor
gepredigt,preached
fondue,fondue
nimah,Nimah
melli,Melli
verkneifen,refrain
harz,resin
versprochene,promised
bischöfe,bishops
ausweiden,eviscerate
athene,Athena
muht,moo
patrol,patrol
alraune,mandrake
kämpfern,fighters
guapo,guapo
zusammengelebt,lived together
stündchen,hour
geistiges,spiritual
dolche,daggers
gartens,garden
lehrgang,course
abnehme,lose weight
final,final
shoes,shoes
hintenrum,Going the roundabout
stingray,stingray
lähmen,paralyze
geschliffen,polished
spatzenhirn,birdbrain
suki,suki
variable,variable
kristine,Kristine
petz,petz
janek,Janek
raees,raees
beitritt,accession
auskundschaften,scouting
fortzugehen,to leave
urkunden,certificates
zurückkehrten,returned
verspielen,to gamble
geißel,scourge
oda,oda
mungo,mongo
arrogantes,arrogant
trennst,separate
anspringt,starts
aufnehme,record
verdrehten,twisted
reef,reef
kriegsverbrechen,war crimes
homepage,homepage
platoon,platoon
bachelor,bachelor
herumschlagen,fight
5-mal,5 times
verspielte,playful
tapfersten,bravest
kritischer,critical
blowjobs,blowjobs
draufdrücken,press
inquisitor,inquisitor
wiederholten,repeated
requiem,requiem
fordwick,Fordwick
gallenblase,gallbladder
spektakuläre,spectacular
sintflut,deluge
touchdowns,touchdowns
freakshow,freak show
schlagartig,suddenly
werds,will
aldous,aldous
forschungslabor,research laboratory
export,export
verbannte,exiled
royals,royals
valentines,Valentine's
osterhase,Easter bunny
mead,mead
col,col
fleißiger,diligent
popularität,popularity
chipping,chipping
auswandern,emigrate
schallend,resounding
nachtruhe,night's rest
beigestanden,assisted
reih,row
association,association
eierkopf,egghead
verpetzen,snitch
warriors,warriors
inoffizielle,unofficial
rasierte,shaved
kolosseum,Colosseum
zugewandt,facing
herausragende,outstanding
betäubungsgewehr,tranquilizer gun
lotti,Lotti
näherten,approaching
leibgericht,favorite dish
anwerber,recruiter
nd,and
langjährigen,long-term
autofahrt,car ride
kontinenten,continents
spuckte,spat
verflixten,darned
smartphone,smartphone
hauptgebäude,main building
fitzpatrick,fitpatrick
bleibende,permanent
nahem,nearby
alufolie,aluminum foil
cha-cha,cha-cha
abtasten,scan
besitzern,owners
robbe,seal
zarek,zarek
realist,realist
priest,priest
überweisungen,transfers
amato,amato
voranzutreiben,to advance
laufband,treadmill
barmherzigen,merciful
anekdote,anecdote
entfremdet,alienated
commonwealth,commonwealth
landminen,landmines
travolta,Travolta
anlasser,starter
existierten,existed
unermesslich,immeasurable
sicherheitsgurte,seat belts
longmire,longmire
kristi,Kristi
friendly,friendly
fries,fries
geplauder,chat
menopause,menopause
nördlicher,northern
crumb,crumb
beschwört,conjures
veum,veum
restauriert,restored
vertreibe,drive away
professionelles,professional
ehepaare,married couples
kreuzte,crossed
revolverhelden,gunfighters
sparkonto,savings account
eskortiert,escorted
fallend,falling
vietnamkrieg,Vietnam War
unbegrenzten,unlimited
abständen,intervals
herzensbrecher,heartbreaker
aufzuzeichnen,to record
mumps,mumps
pappa,pappa
spinal,spinal
mitstreiter,fellow campaigners
sticker,sticker
conchita,Conchita
pet,pet
pflanzte,planted
büßt,atones
funktionierenden,functioning
tilda,Tilda
beschwichtigen,appease
tran,tran
empfindung,sensation
kommts,comes
standpauke,dressing-down
krankgeschrieben,signed off sick
dumpf,dull
verblüffen,amaze
enchanté,enchanté
zurückverwandeln,revert
sportunterricht,physical education
verräterische,telltale
konserviert,preserved
hay,hay
telemetrie,telemetry
gieriger,greedy
weinende,crying
halbach,halfach
verstümmelung,mutilation
auszulassen,to omit
teilung,division
beardsley,Beardsley
guinness,Guinness
schönster,most beautiful
pfötchen,paws
teleporter,teleporter
waffenbesitz,gun ownership
tzu,tzu
brustbein,sternum
connection,connection
brads,Brads
mitzwa,with two
flughafens,airport
dinar,dinar
schnellzug,express train
jour,day
res,res
sonnensystems,solar system
verlobungsparty,engagement party
legends,legends
mp,mp
affront,affront
vergrault,scared away
durchschnittlicher,average
zs,zs
scheue,shy
olympus,Olympus
außenseite,outside
fortschrittliche,advanced
feilen,file
dekret,decree
myriam,Myriam
mayweather,Mayweather
guam,Guam
detektivarbeit,detective work
gerichtsmedizinerin,forensic pathologist
dealern,dealers
büffeln,cramming
morduntersuchung,murder investigation
erdenklichen,conceivable
gesetzlichen,statutory
shades,shades
fatma,fatma
lindberg,Lindberg
pfunde,incumbency
pfählen,piles
tb,tb
dümmsten,dumbest
stranguliert,strangled
dobson,Dobson
sprotte,sprat
asami,asami
auszuhelfen,to help out
siebenmal,seven times
tornados,tornadoes
ritterlichkeit,chivalry
widerworte,rebuttals
übertrumpfen,surpass
unternehmt,undertakes
überhand,overpower
beklage,complain
gerste,barley
zimmerschlüssel,room key
cardassianern,Cardassians
gebratenes,fried
zuspruch,encouragement
zimmergenosse,roommate
michelles,Michelle
vorzuziehen,preferable
startkapital,starting capital
rückhand,backhand
assistenzärztin,assistant physician
harbour,harbour
gönnst,treat yourself
lilo,lilo
kabeln,cable
cocktailparty,cocktail party
chlamydien,chlamydia
bekämpfte,fought
zehennägel,toenails
aushängeschild,flagship
fallakten,case files
abstellkammer,storage room
sasori,sasori
rädchen,wheel
hinausgeht,goes beyond
sekten,sects
logans,logans
handgepäck,hand luggage
tragbare,portable
religiöses,religious
cobain,Cobain
eingehandelt,negotiated
fachwissen,specialist knowledge
nachspeise,dessert
tischtennis,table tennis
ap,ap
glasscherben,broken glass
menschenfresser,man-eater
hilfssheriffs,deputy sheriffs
desinfiziert,disinfected
carry,carry
hbo,hbo
anarchist,anarchist
lauscht,listens
verstoße,violate
niro,niro
tacoma,Tacoma
wählern,voters
loverboy,loverboy
verbrechensrate,crime rate
classic,classic
rannehmen,take it upon yourself
auberginen,eggplants
fudge,fudge
tarik,tarik
garys,Garys
subjektiv,subjective
bettelst,begging
höflichkeiten,courtesies
abseilen,abseiling
unnachgiebig,unyielding
abhörung,wiretapping
bingham,Bingham
zhu,zhu
untergräbt,undermines
pace,pace
zauberbuch,magic book
rc,rc
molina,molina
sternensystem,star system
ungeklärte,unexplained
bragg,Bragg
hinausläuft,results in
aufseherin,supervisor
herausgeputzt,all dolled up
unbehelligt,unmolested
diagnosen,diagnoses
freckles,freckles
umgangsformen,manners
bewahr,preserve
reinsehen,Take a look
pisa,PISA
might,might
larven,larvae
goin,goin
havre,havre
radiosendung,radio broadcast
paola,Paola
asiatin,Asian
loeb,loeb
notwendigerweise,necessarily
ansel,ansel
verzerrung,distortion
unbekümmert,carefree
herbeiführen,bring about
keefe,keefe
trapp,trapp
ode,ode
selige,blessed
sylvain,Sylvain
börge,börge
geschlossener,closed
glitzert,glitters
muskelprotz,muscleman
argumentation,argumentation
juana,Juana
andauert,continues
verdächtigte,suspected
symbolen,symbols
schlechthin,simply
harmonisch,harmonious
auseinandergenommen,taken apart
traube,grape
helo,helo
zeynep,zeynep
receiver,receiver
bedürfen,require
crab,crab
feuchter,humid
minderwertige,inferior
fundbüro,Lost and Found Office
begünstigt,favored
hur,whore
morddrohungen,death threats
ausschaltet,switches off
bonn,Bonn
magenverstimmung,upset stomach
schreiende,screaming
einflussreichen,influential
wespen,wasps
suggestion,suggestion
besetzte,occupied
herzenswunsch,heartfelt wish
abzuschütteln,to shake off
stottlemeyer,stottlemeyer
blackbeard,blackbeard
müllers,Müller's
latex,latex
proton,proton
schwieg,remained silent
bareil,bareil
gleiter,glider
interessanterweise,interestingly
tayler,Taylor
shockley,shockley
abbau,dismantling
theory,theory
etta,etta
since,since
zenturio,centurion
ranghöchste,highest-ranking
anstandsdame,chaperone
zusammenzuleben,living together
hitch,hitch
brannigan,Brannigan
gefüllten,filled
erforderlichen,required
niederreißen,tear down
enthülle,reveal
teilchenbeschleuniger,particle accelerator
meisterhaft,masterful
oktopus,octopus
tweet,tweet
vorfahrt,right of way
nantes,Nantes
umhüllt,enveloped
iranische,Iranian
gt,gt
eskapaden,escapades
verwerflich,reprehensible
ehemaliges,former
pants,pants
geniest,enjoys
sympathien,sympathies
erhaschen,catch
minderjähriger,minor
malp,malp
irrgarten,maze
mascara,mascara
hauptproblem,main problem
ziemt,befits
pädophilen,pedophiles
navajo,Navajo
pinke,pink
ritualen,ritual
salto,salto
pumps,pumps
unbefugte,unauthorized
flitzer,speedster
molekulare,molecular
velvet,velvet
beiläufig,casual
brutales,brutal
transit,transit
einzubauen,to install
dahinterstecken,behind it
blickst,look
rachid,Rachid
vergnügungen,amusements
eiskalter,ice-cold
natuerlich,naturally
chaim,chaim
autohändler,car dealer
kursieren,circulate
mentalität,mentality
saftiges,juicy
militärschule,military school
bend,bend
einzuspringen,to step in
schlund,maw
tomás,tomás
mahidevran,Mahidevran
gargamel,gargamel
störenfried,troublemaker
harpo,harpo
rostiger,rusty
leihgabe,loan
stubenrein,house-trained
xin,xin
sprießen,sprout
halo,halo
unsicheren,uncertain
hierbleibst,stay here
kenshiro,kenshiro
kawasaki,Kawasaki
majestätisch,majestic
gepachtet,leased
ausschließt,excludes
haftet,liable
eton,Eton
steuerfrei,tax-free
westflügel,west wing
earls,earls
jahresende,end of year
absalon,absalon
jammere,lament
leichteste,lightest
schoßhund,lapdog
kilometerweit,for miles
glaubwürdige,credible
beschriftet,labeled
cervantes,Cervantes
loker,loose
oralsex,oral sex
streitwagen,chariot
einsatzbesprechung,mission briefing
aufblasen,inflation
rückmeldung,return message
klavierklänge,piano sounds
beats,beats
prügelte,beaten
einsitzen,imprisonment
caramba,caramba
seelenheil,salvation
byrd,byrd
waiting,waiting
erschreckende,terrifying
boulder,boulder
auswärtige,foreign
widersprüchlich,contradictory
arlena,arlena
kolumbianische,Colombian
tierverhalten,animal behavior
ödland,wasteland
piranhas,piranhas
mohawk,mohawk
eingegraben,buried
esperanza,esperanza
hortense,hortense
isch,isch
shrimp,shrimp
aberdeen,aberdeen
chronik,chronicle
unpersönlich,impersonal
tramp,tramp
gunderson,Gunderson
regionale,regional
lehrmeister,instructor
dolmetscherin,interpreter
legales,legal
eigenartigen,peculiar
markiere,mark
zerstör,destroy
pang,pang
northman,Northman
assimilieren,assimilate
tamsin,tamsin
rinaldo,rinaldo
tet,tet
abstürzte,crashed
krantz,Krantz
wievielte,which number
durcheinandergebracht,confused
finalen,final
justizvollzugsanstalt,correctional facility
jayne,Jayne
heilerin,healer
übersieht,overlooks
giraffen,giraffes
esta,esta
falschaussage,false statement
neubeginn,new beginning
nürnberg,Nuremberg
sackgesicht,sackface
geschlechtsumwandlung,gender reassignment
drinsteckt,inside
entziehungskur,detoxification
missbrauchs,abuse
eustace,eustace
geknebelt,gagged
rübergekommen,came over
bodega,bodega
gemüsegarten,vegetable garden
crewman,Crewman
watergate,Watergate
götterspeise,jelly
faultier,sloth
wochentag,weekday
lp,lp
fad,boring
studiengebühren,tuition fees
kontoauszüge,bank statements
bekämpfung,combat
untauglich,unsuitable
gottlose,godless
westwärts,westward
pferdedieb,horse thief
blinddarmentzündung,appendicitis
ausgeplaudert,spilled the beans
laos,Laos
zahnbürsten,toothbrushes
schichtwechsel,shift change
ungarischen,Hungarian
francoise,francoise
endloser,endless
biblischen,biblical
knack,crack
abdomen,abdomen
normalem,normal
hobart,Hobart
loukauskis,loukauskis
vertrautes,familiar
parkman,parkman
wilkinson,wilkinson
rausgeputzt,spruced up
mörderischer,murderous
reinpasst,fits in
hanf,hemp
einblicke,insights
wirbelt,swirls
tutet,toot
kalifornische,Californian
vize-präsident,vice president
angegossen,poured
wirbelwind,whirlwind
geplapper,babble
vane,vane
unerlaubtes,unauthorized
wiederzuhaben,to have back
ungeborenes,unborn
luck,luck
stammgäste,regular customers
marienkäfer,ladybug
siesta,siesta
yousef,yousef
elspeth,Elspeth
gerti,Gerti
ansprach,addressed
gestützt,supported
frittierte,deep-fried
abwasserkanal,sewer
minsk,Minsk
finanziere,finance
reichts,Enough
dry,dry
ausliefert,delivers
chesterfield,Chesterfield
probanden,test subjects
brustwarze,nipple
hate,hate
veruntreut,embezzled
zion,Zion
amazon,Amazon
carlsen,Carlsen
werwölfen,werewolves
lipgloss,lip gloss
rührende,touching
minder,less
forget,forget
verschlang,swallowed
weeks,weeks
geklemmt,clamped
verknackt,convicted
schaltung,circuit
koothrappali,koothrappali
brause,shower
geselle,journeyman
kehrseite,downside
umgangen,bypassed
angsteinflößend,frightening
dreyfuss,Dreyfus
persönlichkeitsstörung,personality disorder
stopfte,stuffed
schillinge,shillings
subtile,subtle
savonarola,savonarola
ehemännern,husbands
zufriedenstellen,satisfy
bray,bray
sauftour,drinking tour
schnuckelchen,sweetie
angeschwollen,swollen
ashford,ashford
sechseinhalb,six and a half
geschichtslehrer,history teacher
abfalleimer,waste bin
engagierten,committed
bagchi,bagchi
spam,spam
history,history
psychopathin,psychopath
schorsch,George
regenbogens,rainbow
kicken,kick
riccardo,Riccardo
suchtrupps,search parties
ehrerbietung,respect
erweckte,awakened
theatergruppe,theater group
fünftes,fifth
iz,iz
mcfly,mcfly
carrolls,Carroll's
herold,herald
reaktiviert,reactivated
brettern,board
feile,file
zugestehen,to grant
wehrlose,defenseless
lucian,Lucian
minne,love
putnam,putnam
gedämpftes,subdued
kaliforniens,California's
drexler,Drexler
verharren,remain
terpentin,turpentine
geisterbahn,haunted house
k-a-k-mann,k-a-k-mann
pay,pay
familienfoto,family photo
begebt,go
miraculix,Miraculix
trash,trash
angeklopft,knocked
magnetisch,magnetic
wedding,wedding
ausgefahren,extended
berücksichtigung,consideration
vendetta,vendetta
bussen,buses
rumgekommen,got around
nashörner,rhinoceroses
aufführst,perform
pantoffel,slipper
barn,barn
toshio,toshio
sosuke,sosuke
täufer,baptist
gegenmaßnahmen,countermeasures
sonstwo,elsewhere
pac-man,Pac-Man
glitzern,glitter
maitland,Maitland
satellitenschüssel,satellite dish
eingegrenzt,limited
executive,executive
anekdoten,anecdotes
escher,escher
sita,sita
amo,amo
uniformierte,uniformed
erwäge,consider
verstopfen,clog
beschworen,summoned
schwingst,swing
kaylie,Kaylie
erfolgreichste,most successful
goodson,goodson
familienerbstück,family heirloom
marcella,Marcella
kundinnen,female customers
gefangengenommen,captured
pathetisch,pathetic
rückstoß,recoil
hetz,hate
wicked,wicked
milliliter,milliliter
ausbeute,yield
bereitgestellt,provided
festungen,fortresses
ungehalten,impatient
durchschnittlichen,average
bereitschaftsraum,standby room
krankhafte,pathological
bastelt,crafts
eroberten,conquered
analysierte,analyzed
leichenbestatter,undertaker
verschnaufen,catch
dickdarm,large intestine
drückten,pressed
corned,corned
unanständige,indecent
kururugi,kururugi
wordsworth,wordsworth
samira,Samira
prager,Prague
ausgeholfen,helped out
arzneimittel,drug
gefolgsleute,followers
mcleods,McLeods
kipling,Kipling
bekanntgeben,announce
mühlen,mills
dutton,dutton
champagne,champagne
whipper,whipper
schnitzer,carver
zurückgeworfen,thrown back
klatsche,clap
lovers,lovers
hike,hike
basilikum,basil
wilkommen,welcome
misshandeln,abuse
schwerfällt,is difficult
sternenflottenkommando,Starfleet Command
kreuzweise,crosswise
zwölfte,twelfth
chrom,chrome
krycek,krycek
untersetzer,coaster
shumway,Shumway
fährmann,ferryman
kassiere,cash
sprengstoffe,explosives
guts,guts
zelena,zelena
wandelndes,walking
zerstreuung,distraction
verfallsdatum,expiry date
hohepriester,high priest
pilgerfahrt,pilgrimage
zankou,zankou
appétit,appetite
grimmig,grim
verderbe,spoil
durchsetzt,pervades
makes,makes
sting,sting
barkeeperin,bartender
gesetzliche,statutory
weihnachtsgeschenke,Christmas presents
verdufte,vanished
runterzukommen,to calm down
alpakas,alpacas
schlittschuh,ice skate
guineas,Guineas
stabilen,stable
sperrst,lock
thriller,thriller
auffahren,drive
gerockt,rocked
pim,pim
unachtsam,carelessly
somewhere,somewhere
eros,Eros
unterdrücker,oppressor
hardcastles,hardcastles
rumzumachen,to make out
fettnäpfchen,faux pas
t-bag,t-bag
chazz,chazz
leichentuch,shroud
exponentiell,exponentially
einschläfst,fall asleep
abklären,clarify
verlobungsfeier,engagement party
zeitreisende,time travelers
beethovens,Beethoven's
zin,zin
befahlen,commanded
merrill,Merrill
tommaso,tommaso
kopfwunde,head wound
tischdecke,tablecloth
wechsele,change
floristen,florists
ausflippt,freaked out
dune,dune
untersuchungsausschuss,committee of inquiry
zuschicken,to send
ruhmreichen,glorious
matador,matador
orwell,Orwell
belvedere,belvedere
familienfotos,family photos
solloway,solloway
feministin,feminist
objektive,objective
lebensläufe,CVs
wackel,wobble
designerin,designer
musen,muses
pollux,pollux
hochgradig,highly
kaufvertrag,purchase agreement
akuter,acute
silk,silk
molto,molto
abfällt,falls
hawes,hawes
elektronen,electrons
catco,catco
faselst,babble
hickok,hickok
oversight,oversight
abfüllen,bottling
mankato,mankato
ir,ir
odum,Odum
mittelklasse,middle class
fda,FDA
sauge,suck
erstellte,created
vida,vida
barrows,barrows
sardinien,Sardinia
zerocl,zerocl
schriftliches,written
bottom,bottom
beweisführung,evidence
besiegst,defeat
yung,yung
schamanen,shamans
atemlos,breathless
lar,lar
schnorren,begging
übereinstimmungen,matches
zoomen,zoom
gi,gi
meschugge,meschugge
rodolfo,Rodolfo
optimale,optimal
miley,Miley
affentheater,monkey business
impliziert,implies
bierko,bierko
dickson,dickson
arschbacken,buttocks
ausgekommen,got by
verbanne,banish
kaffeetasse,coffee cup
letze,last
auffinden,find
fehlzündung,misfire
mystery,mystery
mitzvah,mitzvah
bremen,Bremen
goofy,goofy
goetz,goetz
humpeln,limp
niyazi,niyazi
verschwören,conspire
felgen,rims
drüsen,glands
achter,eighth
brumm,hum
font,font
herumlungern,loitering
crimson,crimson
blocken,block
marietta,Marietta
bellevue,Bellevue
cardinal,cardinal
schwammen,swam
stierkämpfer,bullfighter
explodierten,exploded
muchas,muchas
holländische,Dutch
quakt,croaks
wehrdienst,military service
aufgesammelt,collected
checkliste,checklist
einher,accompanied
brava,Brava
abrasiert,shaved
darmody,intestinal issues
weltbesten,world's best
quetschungen,bruises
knallharter,hardcore
muslimische,Muslim
muhammed,Muhammad
verhilft,helps
zoë,zoë
willige,willing
chica,chica
erwachsenwerden,grow up
heiligt,sanctifies
unparteiisch,impartial
falco,falco
freds,Fred's
wirtschaftslage,economic situation
astronomen,astronomers
continental,continental
nahrhaft,nutritious
laila,Laila
entging,escaped
schlitzt,slits
festliche,festive
wire,wire
montauk,Montauk
westseite,west side
manfredi,Manfredi
amboss,anvil
aufzuteilen,to divide
jau,yes
beaufort,beaufort
lorena,Lorena
ietzten,last
forschungsarbeit,research work
markov,Markov
roddy,Roddy
lamborghini,Lamborghini
abgetrennten,separated
sechser,six
sonnenuntergänge,sunsets
trachten,traditional costumes
garaus,to hell.
fernrohr,telescope
höchststrafe,maximum penalty
fellow,fellow
akne,acne
angehabt,worn
yar,yar
rohypnol,rohypnol
rumgekriegt,got it sorted out
tuen,do
tätern,perpetrators
herausfordert,challenges
pharaonen,pharaohs
erdatmosphäre,Earth's atmosphere
mamba,mamba
stöße,impacts
belly,belly
nba,NBA
cilly,cilly
yumi,Yumi
klebrige,sticky
jean-marc,Jean-Marc
jeannette,Jeannette
bezirzen,charm
kaust,kaust
opus,opus
einzubringen,to contribute
kommandantin,commander
einsatzwagen,emergency vehicle
bekanntesten,most well-known
curie,curie
abschneidet,cuts off
took,took
überlegenen,superior
goody,goody
kunststoff,plastic
reliquien,relics
zugeknöpft,buttoned up
kamal,kamal
interdicted,interdicted
allee,avenue
beflügelt,inspired
umgänglich,easygoing
bereitstehen,be ready
indio,Indian
eingebunden,integrated
rekonstruiert,reconstructed
ridges,ridges
konkubinen,concubines
beschränkungen,restrictions
zutage,to light
getränken,drinks
forsch,bold
rosemarie,rosemarie
aristokraten,aristocrats
grounder,grounder
pritchett,Pritchett
clarisse,Clarisse
zentral,central
flussbett,riverbed
stressen,stress
symbolische,symbolic
aris,Aris
metalldetektor,metal detector
friedensvertrag,peace treaty
landwirt,farmer
dartmouth,Dartmouth
iso,ISO
hokkaido,Hokkaido
unmöglicher,impossible
südpazifik,South Pacific
abgehangen,hung up
sensibles,sensitive
athelstan,athelstan
vertrautheit,familiarity
ausgestochen,cut out
targaryen,Targaryen
fütterte,fed
gelula,gelula
geruht,deigns
2o,20
seelischen,mental
vijay,vijay
haushoch,towering
erhören,hear
abszess,abscess
einstiche,punctures
barbarei,barbarism
cork,cork
orin,orin
rinnt,trickles
hierzulande,in this country
namenloser,nameless
verteilst,distribute
wracks,wrecks
schmollt,pouting
möget,may
tuhan,Tuhan
uneheliche,illegitimate
pig,pig
vermögenswerte,assets
unsterblicher,immortal
chfbfa34,chfbfa34
oğuz,oğuz
eingebildeter,imagined
staatsanwälte,prosecutors
embryo,embryo
eichel,acorn
unbedacht,thoughtless
trödel,junk
metastasen,metastases
lebron,lebron
carolines,Carolines
milchprodukte,dairy products
fehlerfrei,error-free
schmieriger,greasy
timberlake,timberlake
packten,packed
beruhigte,calmed
überflüssige,superfluous
ely,ely
claypool,claypool
wundervollste,most wonderful
gemütliche,cozy
stromberg,Stromberg
spitzer,pointed
eindämmungsfeld,containment area
vegetarisch,vegetarian
langjährige,long-term
fulci,fulci
s01e04,s01e04
schreckhaft,frightening
bahnhöfe,train stations
willkommene,welcome
anbetung,worship
simulator,simulator
zurückzuschicken,return
mittelfeld,midfield
auszuzahlen,to pay out
führungsqualitäten,leadership qualities
entnehme,take
umdrehte,turned around
knicken,fold
saukerl,bastard
basisschiff,base ship
sakura,sakura
chronos,chronos
halloran,halloran
finny,finny
sokar,sokar
display,display
sondersendung,special broadcast
unwichtige,unimportant
kleingedruckte,small print
vandalen,vandals
leckte,licked
todeszeit,death time
tantiemen,royalties
viviane,viviane
liegende,lying down
bauwerk,building
liebenswürdigkeit,amiability
lithium,lithium
sarina,sarina
seetang,seaweed
weichling,softie
abhörst,eavesdropping
zweifelhaften,dubious
zeitachse,timeline
dekolleté,cleavage
äußerung,statement
belog,belog
schwerlich,hardly
brat,fry
honor,honor
testlauf,test run
gables,gables
polypen,polyps
unhygienisch,unhygienic
zugsignal,train signal
preiswert,inexpensive
vermisstes,missing
hinwollte,wanted to go there
bratton,bratton
astrein,perfect
finsterer,sinister
geiselnehmer,hostage takers
raiders,raiders
palais,palace
servierst,serve
unkonzentriert,unfocused
alois,alois
altmodisches,old-fashioned
portsmouth,Portsmouth
uraltes,ancient
stundenkilometer,kilometers per hour
kapitalisten,capitalists
mitnahmen,took
kommunistin,Communist
einsperrt,locks up
hogue,hogue
gesteh,confess
gefühlvoll,emotional
abkassieren,collect
lebenslanger,lifelong
nickie,nickie
vicomte,vicomte
regalen,shelves
eiter,pus
leibt,loves
festem,solid
todesanzeige,obituary
freizeitpark,amusement park
snape,snape
mexikanerin,Mexican
planes,planes
seriösen,reputable
leblanc,leblanc
nichtsnutziger,good-for-nothing
anhörst,listen
urs,urs
stromkreis,electrical circuit
plötzliches,sudden
mather,mathematician
kostümparty,costume party
ausblasen,blow out
renauld,renauld
befehlsverweigerung,refusal to obey orders
vorspulen,fast forward
abernathy,abernathy
präparat,preparation
hinsetzt,sits
semak,semak
abzustimmen,to vote
rituelle,ritual
furie,fury
irrationale,irrational
tink,tink
transparent,transparent
vorzimmer,anteroom
äbtissin,abbess
eddington,Eddington
erlangte,obtained
hereinbitten,invite in
freikaufen,buy your freedom
benützen,use
durchführte,carried out
driver,driver
potenzieller,potential
indios,Indians
einlagen,deposits
schweinebraten,roast pork
unhöflichkeit,rudeness
navarre,Navarre
californication,Californication
rotation,rotation
lottie,Lottie
jeffs,Jeff's
grenzenlose,limitless
edda,Edda
unglückliches,unfortunate
mundbewegungen,mouth movements
strähne,strand
anklagepunkten,charges
wickelte,wrapped
steife,stiffness
krasses,crazy
zertifikat,certificate
bauernmädchen,peasant girl
weben,weave
ragout,ragout
mandschurei,Manchuria
musketen,muskets
salutiert,salutes
nahesteht,close
kikeriki,cock-a-doodle-doo
bugsy,bugsy
vergraulen,scare away
sikes,sikes
spielende,playing
bewachten,guarded
übels,bad
seans,seans
ausgeprägt,pronounced
feuertreppe,fire escape
telefonen,phone
sauerstoffmangel,oxygen deficiency
gasleck,gas leak
wohlgesonnen,well-disposed
sonderpreis,special price
anlehnen,lean
cally,cally
eingeräumt,granted
souveränität,sovereignty
briefkästen,mailboxes
dorie,Dory
karol,karol
betrinkt,drunk
griffel,stylus
cheri,cheri
erbes,inheritance
rumba,rumba
pussycat,pussycat
vick,Vick
fuhrst,drove
videoaufnahmen,video recordings
größtem,largest
hogarth,Hogarth
rumhängst,hanging around
abfällig,derogatory
schließfächer,lockers
verkleidungen,cladding
sendete,sent
dime,dime
weiterschlafen,sleep on
mexx79,mexx79
yuen,yuen
rüde,rude
räudigen,mangy
ausgeschrieben,advertised
blinzle,blink
ehrensache,It's a matter of honor
gerichten,courts
vorgab,specified
knackarsch,firm ass
aufgekratzt,excited
vororten,suburbs
gefechtsstation,battle station
erzeuger,producer
vegetation,vegetation
geforscht,research
irrtümlich,mistakenly
motorengeräusche,engine noises
verräterischen,telltale
bethesda,Bethesda
stinklangweilig,incredibly boring
lichtjahren,light-years
schnittwunde,cut
fehlers,error
anyone,Anyone who wanted to know more than once can find a new member of the public domain in the future.
cuba,cuba
fachleute,experts
arkady,Arkady
shing,shing
teamleiter,team leader
plo,plo
abtrünniger,renegade
jährige,year-old
wiederkehren,return
bisse,bites
rammbock,battering ram
jungfräuliche,virgin
gruppentherapie,group therapy
rubine,rubies
verwesen,decay
missionare,missionaries
gesprüht,sprayed
cochise,cochise
kublai,kublai
lyn,lyn
freizugeben,to release
fünfeinhalb,five and a half
mammy,mammy
kürzere,shorter
avanti,avanti
sloth,sloth
nigar,nigar
übergaben,handed over
auszuspielen,to play
nasty,nasty
aufschluss,disclosure
seherin,seer
greco,greco
gleichem,same
konventionelle,conventional
einzog,moved in
heldentum,heroism
dunning,dunning
schweißen,welding
unerledigte,unfinished business
fanpost,fan mail
hinterbliebenen,bereaved
beigelegt,enclosed
taktisches,tactical
bastarden,bastards
feindseligkeiten,hostilities
doctors,doctors
damme,Damme
einrenken,adjust
erschreck,fright
nachgemacht,imitation
kirchturm,church tower
einzulösen,to redeem
branko,branko
säfte,juices
finito,finito
eindringlich,intense
yao,yao
porto,postage
paintball,paintball
bulldog,bulldog
naß,wet
gan,gan
deng,deng
oss,oss
kroger,Kroger
widerstandes,resistance
zittrig,shaky
nachtschichten,night shifts
abgabetermin,submission deadline
rotkehlchen,robin
mahlen,grind
verliehenen,awarded
durchdrungen,permeated
bleifuß,lead foot
telepathischen,telepathic
beziehst,refer to
geschäftssinn,business acumen
vermiete,rent
dade,dade
feuerbereit,ready to fire
hunters,hunters
tagesstätte,day care center
adoptierte,adopted
fortgeschickt,sent away
sippschaft,clan
hup,honk
übertrumpft,surpasses
fürze,farts
häuptlinge,chieftains
schwitzkasten,sweatbox
rothschild,Rothschild
spirituosen,spirits
amoklauf,rampage
stattliche,stately
teddybären,teddy bears
friseurin,hairdresser
beschaffenheit,condition
aktivierte,activated
latin,Latin
kitsch,kitsch
assistiert,assisted
veranlassung,cause
häßlich,ugly
mattis,Mattis
berthier,Berthier
entzugserscheinungen,withdrawal symptoms
grimms,Grimms
cabernet,cabernet
bedenklich,dubious
vorweg,first of all
bildschön,Absolutely beautiful
adoptiveltern,adoptive parents
hungernden,starving
tipptopp,tip-top
wehrlosen,defenseless
seaworld,seaworld
synchro,dubbing
kaoru,kaoru
revolutionen,revolutions
völliges,complete
polio,polio
umgehe,bypass
angefressen,annoyed
überfragt,overwhelmed
lesern,readers
blablabla,bla bla bla
sméagol,sméagol
schärfsten,sharpest
coionei,coionei
appetitlich,appetizing
schamlose,shameless
geniales,ingenious
rausschleichen,sneak out
tanzpartner,dance partner
landkarten,maps
anspruchsvolle,demanding
basketballspiel,basketball game
offiziersmesse,officers' fair
mucki,muscle
nanosonden,nanoprobes
ibn,ibn
indochina,Indochina
hindus,Hindus
jugendknast,juvenile detention
kimmie,Kimmie
meise,titmouse
autowaschanlage,car wash
piney,piney
villen,villas
ballet,ballet
meade,meade
gebratenen,fried
imperial,imperial
zurückruft,calls back
wegzuziehen,move away
lim,lim
prallt,bounces
limited,limited
filippo,Filippo
zyste,cyst
liams,liams
s01e03,s01e03
l.a.p.d.,l.a.p.d.
elegantes,elegant
übergezogen,over
kurzfristige,short-term
aula,lecture hall
berlioz,Berlioz
alana,alana
maps,maps
erhöhter,increased
vereist,frozen
baumstumpf,tree stump
paranoider,paranoid
kick-ass,kick-ass
expeditionen,expeditions
austrocknen,dry out
vereinbarte,agreed
unruhige,restless
blob,blob
regenzeit,rainy season
cartagena,Cartagena
gemeinste,meanest
maisfeld,cornfield
karli,Karli
mickrigen,meager
entledigt,disposed of
leisteten,provided
poison,Poison
erholte,recovered
neuankömmlinge,newcomers
bjarne,Bjarne
brasilianischen,Brazilian
schlittschuhlaufen,ice skating
festsitzt,stuck
kimba,kimba
wirtschaftlich,economically
yo-yo,yo-yo
verfiel,fell into disrepair
experimentierte,experimented
eugenia,Eugenia
spy,spy
gefasel,drivel
picknicken,picnic
suspekt,suspicious
gescheiter,smarter
hummus,hummus
tragende,supporting
mockingbird,mockingbird
sinnloser,pointless
koteletten,sideburns
superb,superb
gynäkologen,gynecologists
weihnachtsmorgen,Christmas morning
näherin,seamstress
übersinnlichen,psychic
präfektur,prefecture
hauptrechner,main computer
wettbüro,betting office
runs,runs
aufbewahrung,storage
güterzug,freight train
silence,silence
kryptonier,Kryptonian
verzauberte,enchanted
judson,judson
heimsucht,haunts
miho,miho
zackig,brisk
argumentiert,argued
erblinden,go blind
voltaire,Voltaire
stütz,support
entfesseln,unleash
mahmoud,Mahmoud
siedlungen,settlements
siam,Siam
tütchen,small bag
erkrankte,ill
überstellt,transferred
fiesta,fiesta
ähnelst,resembles
diz,diz
veto,veto
tron,tron
naivität,greenness
runterfällt,falls
ilya,Ilya
collage,collage
bully,bully
parlaments,parliament
vordereingang,front entrance
erheblichen,significant
wiederzuerlangen,to recover
volke,people
faulpelze,lazybones
bemuttern,mother
fototermin,photo shoot
verträgen,contracts
schlössern,locks
duellieren,duel
ortung,location
strickjacke,cardigan
kal,kal
überrasch,surprising
pulle,pull
charge,charge
literarische,literary
morgenstern,morning star
fängen,catch
rotieren,rotate
servierte,served
baudelaire,Baudelaire
telegrafiert,telegraphed
auszahlt,pays out
zellengenossen,cellmates
rotröcke,Redcoats
centre,center
bibliotheken,libraries
sizilianer,Sicilian
demon,demon
rumspielen,messing around
handelns,trading
überzeugst,convince
hofdame,lady-in-waiting
kurzfassung,summary
konfitüre,jam
ausrechnen,calculate
schuljunge,schoolboy
culpepper,culpepper
patrizia,Patricia
brät,frying
dons,dons
gegrillte,grilled
schwarzweiß,black-and-white
geschwollene,swollen
trotzt,despite
jubei,jubei
addie,addie
knechtschaft,bondage
betone,emphasize
herbeirufen,summon
steinigen,stony
freeze,freeze
bezirzt,charmed
kyla,Kyla
metamorphose,metamorphosis
forschungsinstitut,research institute
avec,with
realismus,realism
kegeln,bowling
produziere,produce
bankdirektor,bank director
mau,mau
angezweifelt,doubted
denkzettel,reminder
beherzigen,heed
siebter,seventh
aussätzige,lepers
zielscheiben,targets
tankwagen,tank truck
spionageabwehr,counter-espionage
thanks,thanks
klammerst,bracket
abverlangt,demanded
spreng,explosive
ehrbar,honorable
schmitt,Schmitt
opernhaus,opera house
varieté,vaudeville
pulitzer,Pulitzer
gejohle,cheers
knackigen,crisp
suarez,suarez
tolliver,tolliver
beliebig,any
ding-dong,ding dong
hierbleibe,stay here
eastman,eastman
schont,protects
blitzschlag,lightning strike
mobbing,bullying
freiheitsstrafe,imprisonment
gewinns,profit
laugier,laugier
markos,markos
herzstück,centerpiece
entsorgung,disposal
grr,grr
qing,Qing
schlummertrunk,nightcap
schwärmerei,infatuation
verleumdungen,slander
bogenschütze,archer
lovely,lovely
rastlos,restless
mechs,mechs
brodie,brodie
untaten,misdeeds
schnallst,do you understand
petto,petto
riskanter,riskier
kronzeuge,key witness
aufenthalts,stay
wahrzeichen,landmark
nachträglich,retrospectively
gefährde,endanger
zündkerzen,spark plugs
unvergleichliche,incomparable
getreuen,faithful
herhalten,serve
aslan,aslan
polizeigewahrsam,police custody
entbindungsstation,maternity ward
anwendet,applies
einholt,catches up
temporär,temporary
levinson,Levinson
beendeten,finished
freigang,free range
vasektomie,vasectomy
aqua,aqua
wundbrand,gangrene
dominante,dominant
zenith,zenith
leid.,sorrow.
funktioniere,function
gigs,gigs
platsch,splash
galloway,Galloway
booster,booster
reiflicher,mature
crittendon,Crittendon
ästhetik,aesthetics
dawg,dawg
funkelt,sparkles
besonderheiten,special features
einziehe,move in
raussuchen,pick
sonnenstich,sunstroke
verstrahlt,irradiated
cartouche,cartridge
trümpfe,trumps
abgetreten,assigned
sarang,sarang
diele,hallway
lebenserfahrung,life experience
verzeichnen,record
aufweisen,exhibit
rolls-royce,rolls-royce
daxam,daxam
altersschwäche,frailty of old age
bilanzen,balance sheets
pino,pino
rohstoffe,raw materials
humanoid,humanoid
trainierten,trained
erachtens,in my opinion
zink,zinc
herrschenden,ruling
doherty,doherty
katastrophale,catastrophic
gluten,gluten
g.d.,g.d.
talentsucher,talent scout
puta,puta
verkabelung,cabling
angeschmiert,smeared
niggern,niggers
giganten,giants
schreibblockade,writer's block
iassen,iassen
knirscht,crunches
zyklopen,Cyclops
rastplatz,rest area
lokalnachrichten,local news
verfehlungen,misconduct
verhalf,helped
zi,zi
liquidiert,liquidated
versus,versus
drohenden,impending
julchen,Julchen
gerichtlich,judicial
coeur,heart
unerklärlichen,inexplicable
siegte,won
negan,negan
benni,Benni
gemeinschaftsraum,common room
mosley,Mosley
bewertungen,reviews
zooey,zooey
nanking,Nanking
scheißleben,live Shit
slotter,slotter
nettigkeit,kindness
messwerte,measured values
juckreiz,itching
kutner,Kutner
unerfreuliche,unpleasant
portfolio,portfolio
fuhrpark,fleet
einsetzte,deployed
eislaufen,ice skating
wiedergegeben,reproduced
verteidigungsministeriums,Ministry of Defense
updates,updates
motorroller,motor scooter
loulou,loulou
kan,can
bp,bp
danke.,Thanks.
gacet,gacet
menschheitsgeschichte,human history
sesamstraße,Sesame Street
landurlaub,country holiday
gemunkelt,rumors
neurologie,neurology
spätzchen,sparrow
beruft,appeals
nebenstraßen,side streets
reykjavik,Reykjavik
demarco,demarco
wundersames,miraculous
oberschicht,upper class
gemisch,mixture
verstümmelte,mutilated
nagelt,nails
moderatorin,moderator
gepfiffen,whistled
hufen,hooves
büchsen,cans
dink,drink
miro,miro
vorgesorgt,provisions made
farbig,colored
ramsch,junk
individuellen,individual
bewachte,guarded
zählten,counted
kontaktdaten,contact details
spat,late
verschrieb,prescribed
macgregor,macgregor
ausgebaut,expanded
staut,traffic jam
durchbringen,to pull through
lahmlegen,paralyze
fatalen,fatal
vermerken,note
hingeschmissen,threw away
midlife-crisis,midlife crisis
frühlingsrollen,spring rolls
schleudert,hurls
pazifist,pacifist
anwesens,presence
amtierenden,incumbent
fitnessraum,fitness room
gitarrenklänge,guitar sounds
folterkammer,torture chamber
rüdiger,Rüdiger
bezirksgefängnis,district prison
zip,zip
marthas,Martha's
fo,fo
bonnies,bonnies
deveraux,deveraux
gießerei,foundry
halfter,holster
freikommt,comes free
cs,cs
türknauf,doorknob
fjodor,fyodor
anriefst,you called
vasen,vases
xerxes,Xerxes
schlechteren,worse
konzepte,concepts
tschechen,Czechs
rechtmäßiger,lawful
amüsante,amusing
haftung,liability
scharfsinn,acumen
geschichtsbüchern,history books
levine,Levine
weltbeste,world's best
siri,Siri
rechnest,are you calculating
fender,fender
marlott,marlott
verstecktes,hidden
zoos,zoos
dinieren,dine
fotografisches,photographic
adolphe,adolphe
ausgelastet,fully booked
raufklettern,climb up
sarajevo,Sarajevo
bespitzeln,spy
landsitz,country estate
fet,fet
vergißt,forgets
lügender,lying
aussitzen,wait it out
weltwunder,wonders of the world
stadtplan,map
misslingt,fails
frauenarzt,gynecologist
entfernst,remove
büste,bust
paralleluniversum,parallel universe
spast,spasm
unversucht,unattempted
gerhardt,Gerhard
idealismus,idealism
wegzuschicken,to send away
gefährdeten,endangered
dillinger,dillinger
daã,daã
ehrgeizige,ambitious
erzieht,educates
zeitrahmen,timeframe
bison,bison
weiteratmen,Keep breathing
vertretern,representatives
unbeobachtet,unobserved
ninas,Nina's
videomaterial,video material
betatscht,groped
rassistin,racist
aufn,onn
kjartan,kjartan
klimpert,clinking
tadashi,tadashi
rauswurf,expulsion
schwüre,oaths
autoritäten,authorities
prego,prego
zungenkuss,French kiss
disher,disher
befürworte,advocate
w-was,w-was
zeugte,witnessed
gefã,gefã
flüchte,escape
sarek,sarek
angeschafft,acquired
wächterin,guard
rufnummer,phone number
stierkampf,bullfight
plissken,pleats
ronja,Ronja
abgeschieden,secluded
patriotische,patriotic
gesteigert,increased
einlage,insert
yippie,yippee
verkehrslärm,traffic noise
poplar,poplar
belles,belles
gordons,Gordon's
salamander,salamander
tiefem,deep
auseinanderhalten,distinguish
einzubeziehen,to include
strawberry,strawberry
kleriker,cleric
zurückgefahren,reduced
sensationelle,sensational
anhängsel,appendage
workshop,workshop
vergräbt,buried
regens,regens
sentimentaler,sentimental
supercool,super cool
müßten,would have to
eingehst,you go into
parkservice,parking service
sonniger,sunny
schwerfallen,to be difficult
camino,camino
hochkommt,comes up
linux,Linux
narnia,Narnia
lido,lido
toga,toga
katey,Katey
gültigkeit,validity
stabiler,stable
tempelritter,Templar Knights
bonnet,bonnet
ergänzt,added
riggins,riggins
neils,Neils
süchtiger,addict
variationen,variations
ayse,ayse
starts,starts
allerschönste,most beautiful
einsparungen,savings
ausstrahlen,radiate
glückskind,lucky child
contessa,countess
enkels,grandson
regionalen,regional
15-jährigen,15-year-old
überfalle,ambushes
wacklig,shaky
fünfziger,fifties
charlie36,charlie36
eldon,Eldon
verbeuge,bow
fehlalarm,false alarm
slow,slow
raf,raf
großartigsten,greatest
nuschelt,mumbles
rollfeld,runway
echsen,lizards
pfähle,stakes
einsteins,Einstein's
herumtreiben,loitering around
excelsior,excelsior
polizistenmörder,police killer
kosovo,Kosovo
reinschicken,send it in
arbeitskleidung,work clothes
konkurrenzkampf,competition
voranzukommen,to make progress
telefonsex,phone sex
ziegelstein,brick
sadisten,sadists
baldige,soon
gereift,matured
ion,ion
beibringe,teach
gumbo,gumbo
raumanzug,spacesuit
räumung,eviction
augenhöhe,eye level
versenkung,sinking
deer,deer
abfliegen,depart
anfangt,begins
granville,Granville
zocker,gambler
schutzzauber,protective spell
maxi,maxi
hergefallen,attacked
halse,neck
bratkartoffeln,fried potatoes
gioberti,gioberti
unklaren,unclear
carcetti,carcetti
maki,maki
year,year
hinausgeworfen,thrown out
gadget,gadget
gekritzel,doodle
raum-zeit-kontinuum,space-time continuum
braithwaite,braithwaite
erhol,recover
prall,plump
beschreibst,describe
abdeckung,cover
sammel,collect
nicolai,Nicolai
schlüsselwort,keyword
synthetischen,synthetic
ermutigte,encouraged
geringfügig,slightly
sussex,Sussex
provisorische,provisional
überreagierst,overreact
ehrengäste,honored guests
aggie,Aggie
marylin,Marilyn
cruella,cruella
überspielen,overplay
erfüllten,fulfilled
vive,live
schrecklichsten,most terrible
antanzen,dance
getto,ghetto
blitzblank,spotless
fischbein,fishbone
sebastien,Sebastian
waverider,waverider
gravur,engraving
fleischwolf,meat grinder
beweglichkeit,agility
äquator,equator
scheißloch,shithole
glatten,smooth
privilegiert,privileged
gewänder,garments
bauchredner,ventriloquist
somerset,Somerset
staunt,marvels
beans,beans
optik,optics
dome,dome
glänzendes,shiny
feurige,fiery
weggestoßen,pushed away
segle,sail
realistischer,realistic
fahrern,drivers
gebrauchsanweisung,instructions for use
chandra,Chandra
presslufthammer,pneumatic hammer
verduftet,vanished
already,already
gert,gert
detoniert,detonates
riskierten,risked
dez,Dec
hektische,hectic
ausgestopft,stuffed
nordwestlich,northwest
kalk,lime
josefa,Josefa
mittelamerika,Central America
arbeitsstunden,working hours
erspartes,saved
bürgt,guarantees
rika,rika
gehstock,walking stick
überspielt,overwritten
wunderknabe,prodigy
katalogisiert,cataloged
pogo,pogo
schlafwandler,sleepwalkers
alliierte,allied
comprende,understand
nachfahre,descendant
tc,tc
gunilla,gunilla
werdegang,career
mentalist,mentalist
besatzungsmitglieder,crew members
mehrzahl,plural
fehlender,missing
construction,construction
qualifizierte,qualified
gewährleistet,guaranteed
ventilatoren,fans
passabel,passable
ronan,Ronan
mengele,Mengele
koji,koji
deva,deva
erscheinungsbild,appearance
sputnik,sputnik
flachmann,hip flask
verwarnt,warned
sommersprosse,freckle
beschuldigung,accusation
lachnummer,laughingstock
anschwellen,swelling
spielberg,Spielberg
beschäftigst,employ
sparschwein,piggy bank
ehrenvollen,honorable
boxey,boxey
bekämpfst,fight
viertels,quarter
gestaltung,design
tippfehler,typo
einmaliger,unique
niners,niners
pubs,pubs
mus,mus
komantschen,Comanche
zarter,delicate
weggeholt,taken away
vincke,vincke
cluster,cluster
psychotische,psychotic
auschecken,check out
regeneriert,regenerated
diamantring,diamond ring
ox,ox
genauere,more precisely
brant,brant
entlassungspapiere,dismissal documents
verlege,relocate
proteus,proteus
zustellen,deliver
widerfuhr,happened
cosa,cosa
undine,undine
stumpfes,blunt
strapazen,strains
witch,which
stryfe,stryfe
regte,stimulated
wenigste,least
pharmaceuticals,pharmaceuticals
pulsierende,pulsating
landmine,landmine
herbeigeführt,brought about
autodieb,car thief
gelistet,listed
runtergezogen,pulled down
sadistisch,sadistic
erübrigen,unnecessary
geblickt,looked
treck,trek
übermenschliche,superhuman
1o,10
evey,Eve
voigt,Voigt
erkundigungen,inquiries
ela,ela
mundwasser,mouthwash
schrottkarre,junk car
elizabeths,Elizabeth's
lerner,learner
zuko,zuko
christelle,Christelle
wüten,rage
vermeintlichen,alleged
rieke,Rieke
blitzableiter,lightning rod
buggy,buggy
gekochtes,cooked
hales,hales
lieblingsblumen,favorite flowers
apollonia,Apollonia
genetischer,genetic
protzig,pretentious
klargeworden,It became clear
bereute,regretted
kurzum,in short
beschleunigte,accelerated
wassertank,water tank
corona,corona
überraschenden,surprising
eigentums,property
craven,Craven
gare,gare
dynamics,dynamics
ränder,edges
schwesterlein,little sister
oh.,Oh.
scheitel,parting
verträumte,dreamy
josette,Josette
abrufen,retrieve
heteros,heterosexual
isi,isi
abgestritten,denied
stimm,vote
establishment,establishment
entzweit,divided
fickte,fucked
wasserturm,water tower
weidet,grazing
einschlief,fell asleep
kenzi,Kenzi
achtete,paid attention
apo,apo
latnok,latnok
überfliegen,fly over
pharaos,pharaohs
büfett,buffet
pokale,trophies
zwinger,kennel
financial,financial
aktenkundig,documented
psychologischer,psychological
schwinge,swing
vierer,four
abfolge,sequence
rino,rino
damn,damn
gewürzen,spices
gave,gave
maisbrot,cornbread
gesetzgebung,legislation
roxie,roxie
bowers,Bowers
standst,stands
creel,creel
phils,phils
herumschleichen,sneaking around
freisprechen,swear off
goodnight,Goodnight
entziehe,withdraw
hauptattraktion,main attraction
walnuss,walnut
verführte,seduced
kinderbuch,children's book
booty,booty
zeitstempel,timestamp
jüngeres,younger
vertrauliches,confidential
erforderliche,required
appelliere,appeal
betreibst,operate
genetisches,genetic
caspar,Caspar
liberace,Liberace
alices,Alice
einflößend,intimidating
selbsterhaltung,self-preservation
hardwicke,hardwicke
probierten,tried
luxuriös,luxurious
obdachlosenheim,homeless shelter
spätschicht,late shift
erholst,recover
wahrheitsserum,truth serum
gebührenden,due
schwielen,calluses
verliess,left
raider,raider
weiterzugehen,to continue
rangeht,approach
us-botschaft,US embassy
smithsonian,Smithsonian
erling,erling
fitnesscenter,fitness center
unwichtigen,unimportant
büffet,buffet
daenerys,Daenerys
irritieren,irritate
abstauben,dust
knödel,dumplings
dao,dao
reingeschlichen,sneaked in
verletzbar,vulnerable
podcast,podcast
seeley,Seeley
carlito,Carlito
queequeg,queequeg
akkurat,accurate
fahrlässig,negligent
seminare,seminars
diktatoren,dictators
düse,nozzle
bomb,bomb
spartan,spartan
ehrenvolle,honorable
lecks,leaks
abholte,picked up
oppenheimer,Oppenheimer
forschungszentrum,research center
ausgewählten,selected
gm,gm
dreidel,dreidel
restaurieren,restore
einzusehen,to view
unechte,fake
übereilen,rush
chanukka,Hanukkah
tollwütiger,rabid
telekinese,telekinesis
pädiatrie,pediatrics
surehand,surehand
klargestellt,clarified
recycling,recycling
winona,Winona
mittelmäßigkeit,mediocrity
freudenhaus,brothel
ch19fff8,ch19fff8
spanky,spanky
chruschtschow,Khrushchev
relevanten,relevant
abschlüsse,degrees
belästigst,most harassing
cannabis,cannabis
anschlags,attack
arabischer,Arabic
baskerville,Baskerville
badlands,badlands
segler,sailors
büstenhalter,bra
zoltan,zoltan
hilfreiche,helpful
mäßigen,moderate
ketamin,ketamine
aufmerksamer,attentive
verdrehst,twist
zuschaut,watches
hoben,lifted
obduktionsbericht,autopsy report
margarete,Margarete
nächstbeste,next best
schottlands,Scotland's
anderton,anderton
willigte,agreed
trist,dreary
columbo,Columbo
brüderschaft,brotherhood
versohle,sole
vollendete,completed
verhüten,prevent
gepunktet,dotted
zölibat,celibacy
tuba,tuba
fälscht,fakes
verziert,decorated
glühst,glow
hoffnungsschimmer,glimmer of hope
lotsen,guide
jauchzen,rejoice
jón,jón
bloods,bloods
varianten,variants
erstrahlen,shine
crandall,Crandall
hipster,hipster
erneutes,renewed
lebensweg,life path
explizit,explicit
gesellt,joined
verworren,confused
einberufung,summons
martok,Martok
cagney,Cagney
knöllchen,parking ticket
kinderlos,childless
herumzusitzen,sitting around
makaber,macabre
roggen,rye
sitzplatz,seat
wärmflasche,hot water bottle
übertriebene,exaggerated
ekelerregend,disgusting
überschuss,excess
blechen,pay up
hinauswerfen,throw out
alto,alto
ökonomie,economy
patriotisch,patriotic
fiept,beeps
biggi,biggi
spürbar,noticeably
platon,Plato
dicks,dicks
medizinstudent,medical student
hineinsehen,look inside
disketten,floppy disks
guerillas,guerrillas
wachhunde,guard dogs
teehaus,teahouse
händeschütteln,handshake
ollen,ollen
reibst,rub
lahmer,lame
bikes,bikes
wylie,wylie
kanonenkugel,cannonball
väterlichen,paternal
entflammt,ignites
tödlichste,deadliest
nunnally,nunnally
epizentrum,epicenter
emanuel,Emanuel
pfft,pfft
sabbert,drools
verschwieg,concealed
corrected,corrected
beaker,beaker
cottonmouth,cottonmouth
gebilde,formation
symbolisieren,symbolize
herzlose,heartless
experimentellen,experimental
radfahrer,cyclists
whitfield,Whitfield
cali,Cali
bänke,benches
kriecher,creeper
forschungsprojekt,research project
stammkunde,regular customer
betreffende,concerning
irena,Irena
genähert,approximate
hearst,hearst
parkwächter,parking attendant
unterstreichen,underline
witterung,weather
umkleidekabine,changing room
vorbeigelaufen,walked by
österreichischen,Austrian
kell,kell
topfit,in top shape
explorer,explorer
rätselhaften,mysterious
beretta,Beretta
schleimig,slimy
wespennest,wasp nest
vorschlage,suggestions
ausgewertet,evaluated
hausmannskost,home cooking
aufwuchsen,grew up
airline,airline
milizen,militias
paranoiden,paranoid
hande,hands
schoko,chocolate
spätere,later
kniescheiben,kneecaps
aline,aline
südwestlich,southwest
tadeln,reprimand
erweichen,soften
twittern,tweet
gedankenlos,thoughtless
fausto,Faust
dynamisch,dynamic
choice,choice
jiri,jiri
eierlikör,eggnog
errettet,rescued
taubheit,deafness
unterbewusst,subconscious
rostig,rusty
franklyn,Franklyn
obstgarten,orchard
gewalttaten,acts of violence
landessprache,national language
rescue,rescue
wiedergewählt,re-elected
streitig,disputed
körperbau,anatomy
nissan,Nissan
zwängen,to force
abilene,abilene
streberin,overachiever
gelehnt,leaning
fixen,fix
durchläuft,goes through
sortiere,sort
dorne,thorns
glockenturm,bell tower
ontario,Ontario
crain,carin
klamm,clamm
starteten,started
gaos,gaos
entleeren,empty
übliches,usual
kerr,kerr
versiegt,dried up
zweifach,two
kono,kono
volks,people
jeeps,jeeps
ferry,ferry
erachten,consider
bacall,bacall
versicherungsbetrug,insurance fraud
ehr,honor
phi,phi
figgis,Figgis
lal,lal
regentin,regent
hatake,hatake
frankfurter,Frankfurt
nüchternen,sober
adjutanten,adjutants
tendieren,tend
schlussverkauf,final sale
nachdenkliche,thoughtful
peña,peña
mercier,mercier
südkalifornien,Southern California
hd,HD
wikipedia,Wikipedia
stehts,always
nnte,nnte
smog,smog
normen,standards
wegwischen,wipe away
viech,creature
bos,bos
geplänkel,banter
carpentier,carpentier
vorwahlen,primary elections
formiert,formed
haette,would have
allegra,allegra
angeeignet,acquired
pull,pull
geburtstagen,birthdays
irisches,Irish
genom,genome
emiliano,Emiliano
durchmachten,went through
sous,sous
eheschließung,marriage
vorbau,stem
madsen,madsen
innehalten,pause
shakespeares,Shakespeare
bardame,barmaid
katharine,Katharine
energieversorgung,energy supply
befummeln,grope
gen.,gene.
caseys,caseys
namentlich,namely
riesenfan,huge fan
duggan,duggan
beauftragten,commissioned
blitzsauber,spotless
websites,websites
verbitterung,bitterness
reime,rhymes
mikaelsons,Mikaelsons
islamische,Islamic
manisch,manic
barkley,barkley
c.k.,c.k.
juristen,lawyers
hochmütig,haughty
radau,noise
coming-out,coming out
beanspruche,claim
semper,semper
concorde,Concorde
gefrierfach,freezer
türgriff,door handle
nervöses,nervous
gerungen,wrestled
dianas,Diana's
raubes,robbery
übernachtete,stayed overnight
heuschnupfen,hay fever
kirchenchor,church choir
organisches,organic
überfüllten,overcrowded
habgierig,greedy
spratt,Spratt
erwar,he was
rhythm,rhythm
isolationshaft,solitary confinement
johanne,Johannes
automechaniker,car mechanic
adem,adem
auszurotten,to eradicate
konkreter,more specifically
erforderte,required
verheerende,devastating
ante,ante
baylin,baylin
haß,hate
seska,seska
wintergarten,conservatory
majestätische,majestic
schnurren,purr
fotogen,photogenic
entwirft,designs
schüttelfrost,chills
type,type
anerkannte,recognized
deluca,deluca
menschenhand,human hand
schwarzenegger,Schwarzenegger
schrägstrich,slash
geringere,lower
wegwirfst,throw away
spit,spit
ritus,rite
langfristigen,long-term
ermittelte,determined
veräppelst,you're making fun of
schakale,jackals
wasserfälle,waterfalls
kalfa,kalfa
klavierspieler,piano player
beharren,insistence
pryor,pryor
trinkerei,drinking
logischerweise,logically
gedeutet,interpreted
lebensaufgabe,life's work
eisenstein,ironstone
chronisch,chronic
groucho,Groucho
stumpy,stumpy
sänfte,litter
behandelbar,treatable
shaughnessy,shaughnessy
rettungsboote,lifeboats
auseinandergerissen,torn apart
analogie,analogy
startrampe,launchpad
prada,Prada
surreal,surreal
zerdrücken,crush
legierung,alloy
ajax,ajax
zivilistin,civilian
realistische,realistic
häuptlings,chieftain
anzugucken,to look at
drängten,urged
luftschiff,airship
blutgefäße,blood vessels
spalding,Spalding
anwaltskammer,bar association
eingestanden,admitted
dio,dio
fai,fai
naturgewalt,natural disaster
ausgesandt,sent
überfährt,runs over
luce,luce
17-jährigen,17-year-old
pee,pee
gutgetan,well done
minor,minor
doodle,doodle
unmut,discontent
criminal,criminal
kalibriert,calibrated
léo,Leo
gabs,there was
ehrgeiziger,ambitious
gnom,gnome
steinchen,pebbles
10er,10s
heere,armies
gehemmt,inhibited
rowdys,rowdies
großwesir,Grand Vizier
source,source
verkleinert,reduced in size
frankies,Frankies
stussy,stussy
versüßt,sweetened
jamieson,jamieson
ends,ends
düsteres,gloomy
zecken,ticks
beatmen,ventilate
wiedererlangen,recover
beamtin,civil servant
hisst,hoists
supermärkte,supermarkets
tywin,Tywin
leonidas,Leonidas
begreiflich,understandable
kroko,crocodile
empfangskomitee,reception committee
landesweiten,nationwide
zeltlager,tent camp
bundesrichter,federal judge
laib,loaf
ritters,knights
allgemeinwohl,common good
jahrhundertwende,turn of the century
kartelle,cartels
singing,singing
brieföffner,letter opener
drogensüchtige,drug addicts
ruhr,Ruhr
jays,Jays
vorging,proceed
verwalte,manage
ausgerenkt,dislocated
nobis,nobis
beglückwünsche,congratulations
nuklearwaffen,nuclear weapons
baylor,baylor
calderone,Calderone
ziviler,civilian
limbo,limbo
dramatisches,dramatic
umgekrempelt,turned upside down
baff,baff
hooker,hooker
ansehnlich,attractive
wirte,hosts
lausiges,lousy
blasser,paler
idealer,ideal
anhörungen,hearings
entgleist,derailed
juilliard,Juilliard
schädelbruch,skull fracture
lichtes,light
adlai,adlai
eta,eta
protegé,protege
bevormunden,patronize
familienoberhaupt,head of family
gefahrenzone,danger zone
merde,merde
ye,ye
zusammenflicken,patching it up
shel,shel
verstieß,violated
klemm,clamp
dougs,Dougs
akley,Akley
saïd,saïd
reflexion,reflection
liebhaberin,lover
gastwirt,innkeeper
hieronymus,Hieronymus
bimse,bimse
reb,reb
brendans,brendans
erlöschen,extinguish
reena,reena
überwachte,supervised
voorhees,Voorhees
richtigstellen,correct
rodrick,Rodrick
schlaukopf,smarty-pants
redford,redford
stolpere,stumble
praktiziere,practice
euphorisch,euphoric
betört,bewitched
vollgetankt,fully fueled
hö,ho
süßstoff,sweetener
spielereien,games
achillesferse,Achilles heel
jarrod,jarrod
gestörter,disturbed
randys,Randy's
privatangelegenheit,private matter
willem,willem
ostberlin,East Berlin
simran,simran
zögernd,hesitantly
belastungen,loads
runtergespült,flushed down
untragbar,unacceptable
geölt,oiled
schüttelst,shake
brayden,Brayden
bongo,bongo
schweifen,wander
thee,the
schlauchboot,dinghy
extremitäten,extremities
vorbesitzer,previous owner
versohl,slapped
wehtat,hurt
ak,ak
giorno,giorno
mare,mare
verwitwet,widowed
unterweltler,underworld
gelenk,joint
zara,Zara
gepflastert,paved
mutierte,mutated
kader,squad
ishikawa,ishikawa
akuten,acute
roher,raw
alberta,Alberta
hauptes,main
rather,rather
schilf,reed
anbetteln,begging
lebensdauer,life
sachbearbeiter,clerk
intoleranz,intolerance
jara,Jara
geklaute,stolen
krätze,scabies
bewirten,entertain
bemalen,paint
soledad,solead
mörtel,mortar
efsun,efsun
treuhänder,trustee
isolierung,insulation
expo,expo
heiland,Saviour
ur,ur
vorzuenthalten,to withhold
leuchtendes,bright
wolverine,Wolverine
saying,saying
angestiegen,increased
hawkeye,hawkeye
abscheuliches,abhorrent
freiberuflich,freelance
redmond,Redmond
zapp,zapp
getty,getty
prozeß,process
autorisierte,authorized
pauke,timpani
vitalzeichen,vital signs
kontrovers,controversial
vertagung,adjournment
heraufbeschwören,conjure up
rückblick,retrospective
warnsignal,warning signal
raupen,caterpillars
sade,sade
geschenkpapier,gift wrap
kingsbridge,Kingsbridge
gaunern,crooks
ranhalten,Hold on
wants,wants
kanes,Kanes
beinhaltete,included
vorwirft,accuses
unsagbar,unspeakable
höhlenmensch,caveman
kaste,caste
einzufordern,to demand
prognosen,forecasts
weitergereicht,passed on
nugent,nugent
hurst,Hurst
gottesanbeterin,mantis
drac,drac
streets,streets
connery,Connery
frankel,Frankel
rassentrennung,racial segregation
kräftiges,strong
tommi,tommi
geschützten,protected
bezirken,districts
verbrechensbekämpfung,crime fighting
dusch,shower
klassenraum,classroom
ferrars,Ferrars
haskell,haskell
hundemüde,dog tired
morn,morning
anästhesie,anesthesia
kagan,kagan
offenlegung,disclosure
jägerinnen,huntresses
mater,mater
majestäten,Your Majesties
konstanz,Constance
wundermittel,miracle cure
brasilianische,Brazilian
mathematisch,mathematically
manage,manage
skills,skills
hatcher,hatcher
hinderte,hindered
logischer,logical
körnchen,grains
nützlichen,useful
ivanhoe,Ivanhoe
read,read
folgend,following
zamani,Zamani
seems,seems
piercings,piercings
erläutert,explains
fahrstunden,driving lessons
liberal,liberal
nager,rodents
akrobaten,acrobats
lebenswichtige,vital
surfbrett,surfboard
klärung,clarification
ausgequetscht,squeezed dry
cloe,cloe
pinto,pinto
mietkerl,rent guy
reinspaziert,Come on in
säubert,cleans
knechte,servants
disc,disc
todessehnsucht,death wish
unsichtbares,invisible
auflauern,ambush
durchgearbeitet,worked through
paraden,parades
runtergefahren,shut down
zurã,to
magere,meager
sicherheitsbereich,security area
zugangscodes,access codes
spaltung,cleavage
bet,bet
benoît,benoît
bannion,bannion
perhaps,Perhaps
eigne,own
haftanstalt,prison
elektroschock,electric shock
flächen,areas
gelegenen,located
epische,epic
scheinwerferlicht,headlight
umgenietet,riveted
bulimie,bulimia
ouvertüre,overture
herne,Herne
phantome,phantoms
bram,bram
verspäte,delayed
lynda,Lynda
blindlings,blindly
impala,impala
petter,Peter
leichtere,lighter
folterte,tortured
prustet,snorts
schlüter,Schlüter
olivias,Olivia's
weiterzukommen,to move forward
selbstbewusster,more self-confident
haag,The Hague
großmut,generosity
zurückreisen,return
glücksrad,wheel of fortune
beglaubigt,certified
meeresspiegel,sea ​​level
salome,Salome
ablief,expired
schlafgemach,bedroom
gemolken,milked
alltäglich,everyday
oakley,Oakley
holographische,holographic
chulak,chulak
blutwerte,blood test results
hegst,hegst
durchziehst,pull through
grauenvollen,horrible
eierkuchen,pancakes
wegnahm,took away
angelehnt,based on
shun,shun
liessen,let
probelauf,test run
babineaux,babineaux
schaurig,creepy
reingeworfen,thrown in
gegrilltes,grilled
hintertreppe,back stairs
zek,zek
haarnadel,hairpin
nagasaki,Nagasaki
maexchen,maexchen
fahndet,is searching
marzipan,marzipan
drive-in,drive-in
fleischklops,meatball
schlingen,loops
aleister,aleister
nichtmehr,no longer
weltberühmten,world-famous
anpasst,adapts
hühnerfarm,chicken farm
versorgte,supplied
sooo,sooo
vorlese,reading aloud
mormonen,Mormon
vertraulichkeit,confidentiality
mcmillan,McMillan
zelenka,zelenka
kübel,bucket
gestraft,punished
stabiles,stable
sallys,Sally's
kümmre,care
lauffeuer,wildfire
augentropfen,eye drops
lieblingsstelle,favorite place
seitentür,side door
einmarschiert,invaded
windbeutel,cream puffs
dienstmagd,maid
übergeht,transitions
gedankenleser,mind reader
varga,varga
ersatzteil,spare part
körperteilen,body parts
mil,mil
herumtragen,carry around
hundefänger,dogcatcher
wegschauen,look away
commanders,commanders
aufgebläht,swollen
pummelchen,chubby
okey-dokey,okay-dokey
stempeln,stamp
mineral,mineral
kaitlin,Kaitlin
reinzubringen,to bring in
monokel,monocle
vergrößere,enlarge
ränge,ranks
wendigo,wendigo
hawley,Hawley
judentum,Judaism
orientiert,oriented
bedeutendste,most important
technicolor,technicolor
breitete,spread
16-jährigen,16-year-old
chalky,chalky
morgendlichen,morning
jean-baptiste,Jean-Baptiste
rouen,Rouen
messenger,messenger
posttraumatische,post-traumatic
stargates,Stargates
phobie,phobia
löffelchen,spoonful
messerstecherei,stabbing
alleinlassen,leave alone
dummy,dummy
gael,Gael
bordelle,brothels
erhängte,hanged
scheibenwischer,windshield wipers
zerspringt,shatters
platziere,place
arztpraxis,doctor's office
laredo,laredo
erstarrte,frozen
nelke,clove
passepartout,passe-partout
unumgänglich,unavoidable
zusammenfügen,join together
zerhacken,chop up
iß,eat
notwendiges,necessary
bohrmaschine,drill
unterhältst,entertain
gekracht,crashed
gefürchtete,dreaded
expandiert,expands
hochwasser,flood
heldenmut,heroism
corrado,Corrado
erziehe,educate
melman,Melman
dortigen,there
konsistenz,consistency
fechter,fencer
cheney,Cheney
trott,trot
hypothetische,hypothetical
flugkörper,missile
jona,Jonah
das-,the-
reina,Reina
durchgefahren,drove through
füllten,filled
vampirjäger,vampire hunter
hütchen,hats
sägemühle,sawmill
osterhasen,Easter bunnies
schweinebacke,pig's cheek
ut,ut
neurologischen,neurological
heineken,heineken
griselda,Griselda
excuse,excuse
weiterfliegen,continue flying
survivor,survivor
halbtags,half-day
kühnsten,boldest
prägt,shapes
berufungsgericht,appeals court
gelenkig,flexible
hurenhaus,whorehouse
rangenommen,taken
präfekten,prefects
reibung,friction
hüah,hee-haw
umfällt,falls over
heit,day
capt.,capt.
amtshandlung,official act
carmilla,Carmilla
faschistischen,fascist
session,session
ehrenwert,honorable
großmütter,grandmothers
umweltschützer,environmentalist
boudoir,boudoir
geneviève,geneviève
moreland,moreland
schneekönigin,snow queen
kunstschule,art school
fabelhaftes,fabulous
olesons,olesons
bezichtigen,accuse
lektor,editor
erstaunlicherweise,surprisingly
befruchtet,fertilized
steinberg,Steinberg
raufbold,bully
abzusichern,to secure
polizeilichen,police
golfkrieg,Gulf War
feuernation,fire nation
hanswurst,Hanswurst
kampfstern,battle star
ausgestoßene,outcast
parish,parish
phantastische,fantastic
nachhut,rearguard
toros,toros
deut,German
rückst,back
einziehst,move in
leidenschaftlichen,passionate
ekelhafter,disgusting
zusetzen,add
fürsprecher,advocate
oink,oink
halbjahr,half a year
ungelöst,unsolved
rai,rai
bildnis,portrait
efraim,efraim
raufen,fight
ruber,ruber
ansporn,incentive
ausgewachsene,adult
semmeln,bread rolls
aden,Aden
rumschubsen,push around
abgedroschen,hackneyed
detektor,detector
émilie,Emilie
gehoert,heard
esser,eater
grass,grass
tobte,raged
bout,bout
kröger,Kröger
geistergeschichten,ghost stories
informativ,informative
handabdruck,handprint
trauerst,are you grieving
meinesgleichen,my kind
valiant,valiant
erschlägt,kills
vermachen,bequeath
scheißkarre,shitty car
missen,miss
anleger,investors
parkverbot,no parking
elektra,Elektra
u-bahn-station,subway station
trill,trill
besenstiel,broomstick
höfe,courtyards
verrieten,revealed
ungetüm,monster
riegelt,locks
baumeister,builder
matuschek,matuschek
defizit,deficit
verschollenen,missing
todeszone,death zone
jagdsaison,hunting season
plappert,chatters
vermutest,suspects
briefbeschwerer,paperweight
fürchterlicher,terrible
entweichen,escape
schärpe,sash
attica,attica
einfacheren,simpler
befürwortet,advocates
schoen,nice
ausgebildeten,trained
vorladungen,summonses
unas,unas
randel,Randel
tus,tus
kurtisane,courtesan
bonds,bonds
sonstwas,else
pod,pod
zweitrangig,secondary
anden,to the
rücksichtslose,reckless
poste,post
flower,flower
kristoffer,Kristoffer
auftrags,order
angehoben,raised
router,router
unerwarteter,unexpected
blitzt,flashes
legionäre,legionnaires
registrierten,registered
zustieß,happened
fossilien,fossils
petite,petite
faxgerät,fax machine
gekaut,chewed
größenwahnsinnig,megalomaniac
ausmisten,decluttering
fähnchen,flag
manga,manga
quasimodo,quasimodo
aisha,Aisha
hochgehoben,lifted
latimer,latimer
hoffa,Hoffa
aussichtspunkt,viewpoint
verprügelst,beaten up
bolzenschneider,bolt cutters
fütter,feed
tetsu,tetsu
wassermelonen,watermelons
beabsichtigte,intended
lissa,Lissa
magnesium,magnesium
bewohnbar,habitable
vidal,vidal
begutachtet,reviewed
chefredakteurin,editor-in-chief
aufzukreuzen,to show up
passé,passé
tsukiko,tsukiko
gerüchteküche,rumor mill
eck,corner
sprengkörper,explosive device
tiefschlaf,deep sleep
usher,usher
reiseroute,itinerary
brutzeln,sizzle
hinzufahren,go there
plattgemacht,flattened
tagchen,Hi
aktueller,current
momma,momma
unger,unger
beryl,beryl
fishers,fishers
plausible,plausible
behaglich,comfortable
blödian,idiot
anstarrst,stare
dashwood,dashwood
schändlichen,shameful
pujol,pujol
supergut,super good
downs,downs
oberschule,high school
engster,closest
rückgang,decline
jungfern,virgins
klimawandel,climate change
sichereren,safer
gewissem,certain
sima,sima
zwerchfell,diaphragm
traumes,dream
klassenfahrt,school trip
sporttasche,sports bag
bodenständig,down-to-earth
grantig,grumpy
bescheuertes,stupid
zusammenarbeite,collaborate
bemitleidet,pitied
flammenschwert,flame sword
ostwind,east wind
allens,everything
hauptcomputer,main computer
tide,tide
ausgehoben,excavated
woodrow,woodrow
blogger,blogger
trauten,trusted
fahrzeugs,vehicle
chess,chess
sniper,sniper
juanito,Juanito
laroche,laroche
nahestehen,close
schoner,beautiful
waffengeschäft,arms shop
entgegengesetzte,opposite
codiert,coded
gelöbnis,pledge
byrde,byrde
heraufbeschworen,conjured up
weihnachtslieder,Christmas carols
nachweisbar,verifiable
symposium,symposium
jobe,jobe
fünkchen,spark
chte,real
manitowoc,manitowoc
gesundheitswesen,healthcare
fate,fate
thronfolge,succession to the throne
überdeckt,covered
haleh,haleh
erwisch,caught
achille,Achille
conrads,Conrad's
fehlschläge,failures
bewirbst,are you applying
neune,new
lauwarm,lukewarm
playoffs,playoffs
entflohene,escaped
piraterie,piracy
was-,What-
checker,checker
fahrgemeinschaft,carpool
prachtvolle,magnificent
generieren,generate
stirnband,headband
jahrzehntelang,for decades
widerruf,revocation
heaulme,howl
bestimmungsort,destination
toleriere,tolerate
telegraph,telegraph
fluche,curse
zweideutig,ambiguous
rüstungen,armor
tellerrand,edge of the plate
entleert,emptied
skaten,skating
autobiografie,autobiography
revolutionieren,revolutionize
ziffer,number
portugiese,Portuguese
strapazieren,strain
prominenter,prominent
yachthafen,marina
eindeutiger,unambiguous
kaltherzig,cold-hearted
aussortiert,sorted out
salate,salads
reissen,tear
portugiesen,Portuguese
titelsong,title song
bundesbehörden,federal authorities
sickert,seeps
zubringen,bring to
grütze,groats
sergeants,sergeants
trüb,murky
tonto,tonto
edwardes,Edwardes
pessimist,pessimist
lapdance,lap dance
operations,operations
beschränkte,limited
nachahmung,imitation
bestatten,bury
geschöpft,drawn
joyful,joyful
rausging,went out
stooges,stooges
verzauberten,enchanted
verkriecht,hides
todesstern,Death Star
spiegelung,reflection
mathilda,Mathilda
durchgegeben,transmitted
tweed,tweed
slum,slum
bescheinigung,certification
hingenommen,accepted
raschelt,rustles
aragon,Aragon
tomatensoße,tomato sauce
kognitive,cognitive
angetroffen,encountered
vintage,vintage
zacken,pink
daytona,Daytona
genozid,genocide
bonne,bonne
weiterverfolgen,continue
arabella,Arabella
ausschreitungen,riots
beeindruckenden,impressive
befreist,free
notdienst,emergency service
barýþ,barýþ
mandi,mandi
kellers,Kellers
hallihallo,Hello Hello
amateuren,amateurs
reinhardt,Reinhardt
ning,ning
draufhaben,have it in them
runder,round
ermittlern,investigators
teufelin,devil
rauslässt,releases
giftiger,toxic
petri,petri
unabhängigkeitserklärung,declaration of independence
azrael,Azrael
zöllner,customs officer
sowjetischer,Soviet
haitianer,Haitian
kardiologie,cardiology
tschechische,Czech
17-jährige,17-year-old
züchter,breeder
beruflicher,professional
unhold,fiend
harpers,harpers
zurückbekomme,get back
klecks,blob
stadthaus,townhouse
sichten,view
gehorsamst,most obedient
standes,status
säugetier,mammal
klärst,clarify
begabten,gifted
geldautomat,ATM
spendete,donated
hendrik,Hendrik
bitcoin,Bitcoin
fraktionen,factions
lachende,laughing
bestärkt,reinforced
zahllosen,countless
fahrbahn,roadway
beklagten,complained
verbreiteten,widespread
himmelswillen,For heaven's sake!
ranges,ranges
gewieft,shrewd
ssr,SSR
megafon,megaphone
sammele,collect
parkst,park
empfindsam,sensitive
vorletzten,penultimate
geschichtsbücher,history books
orientierungssinn,sense of direction
laie,layman
botenjunge,messenger boy
streunende,stray
gebellt,barked
prellung,bruise
schmierige,greasy
innovativ,innovative
fremdenlegion,foreign legion
klügere,smarter
pornographie,pornography
bewach,guard
weihnachtsstimmung,Christmas spirit
materials,materials
außerordentlichen,extraordinary
sprengfalle,booby trap
uneingeladen,uninvited
kriegsgefangenenlager,prisoner of war camp
öfen,ovens
20-jährigen,20-year-old
gestüt,stud
heiligem,holy
kollidieren,collide
kollabierte,collapsed
cc,cc
faltet,folds
zurückweichen,retreat
heilst,heal
intimes,intimate
reling,railing
nähten,sews
freikarten,free tickets
svensson,svensson
arbeitsbedingungen,working conditions
herzlichst,most sincerely
bowlingkugel,bowling ball
stoney,stoney
wohnblock,apartment block
besessener,possessed
kiefern,pines
scheffeln,rake in
chauncey,chauncey
flexibilität,flexibility
eckat,eckat
trivial,trivial
vertrauensvoll,trustworthy
lägen,lie
c.j.,c.j.
weltbevölkerung,world population
nadir,nadir
epps,epps
dascha,dasha
kortex,cortex
ou,ou
hughie,hughie
bedrohst,threaten
coffy,coffee
durchhaltevermögen,perseverance
minh,minh
englischlehrer,English teacher
suppen,soups
nachzumachen,to imitate
genny,genny
schlägern,bats
würg,ugh
geröntgt,x-rayed
ritze,crack
obenauf,on top
saber,saber
abflussrohr,drainpipe
calamity,calamity
stepptanz,tap dance
hinzustellen,to put
behagt,enjoys
mms,mms
fregatte,frigate
leffingwell,Leffingwell
goode,good
isolierband,insulating tape
regierungsgebäude,government building
geklagt,sued
tight,tight
griesgrämig,grumpy
oregano,oregano
chapel,chapel
horizontal,horizontal
holzkohle,charcoal
laborratten,laboratory rats
armbruster,crossbow
beruhte,was based
polizeistaat,police state
hochgefahren,powered up
gelockert,relaxed
leberversagen,liver failure
lazar,Lazar
vonnöten,necessary
kostest,costs
lab,lab
lito,lito
eingehende,incoming
verweigerst,refuse
heroische,heroic
startschuss,starting signal
pearly,pearly
couture,couture
löffeln,spoon
tuscheln,whispering
doron,doron
zurechtkommt,copes
plattenladen,record store
turbinen,turbines
ängstliches,anxious
h.r.,h.r.
wasserflasche,water bottle
zielerfassung,target setting
spult,rewind
iljitsch,Ilyich
feenstaub,fairy dust
riesenarschloch,huge asshole
lax,lax
brüten,incubate
flats,flats
ägeus,Aegeus
akzeptierten,accepted
gemütlichkeit,coziness
reingehauen,went all out
wass,water
bummeln,stroll
verrutscht,slipped
headset,headset
tudor,Tudor
heraushalten,stay out
southfork,southfork
sharma,sharma
nachspionieren,spying
verkomplizieren,complicate
mirko,Mirko
ausgeteilt,distributed
jiddisch,Yiddish
draufmachen,on
frühlings,spring
albatros,albatros
fabien,Fabien
know-how,know-how
bas,base
penetration,penetration
vorfeld,in advance
periskop,periscope
kool,cool
babcock,babcock
hausieren,peddling
schnittstelle,interface
zugesprochen,awarded
sitcom,sitcom
gallone,gallon
gerichtsmediziners,forensic pathologist
wunderlich,whimsical
stattlicher,stately
freikarte,free ticket
knietief,knee-deep
résistance,resistance
sali,sali
besichtigt,visited
sonderagent,special agent
belaste,burden
highlight,highlight
straßenecken,street corners
lieblingsort,favorite place
parton,parton
vertreterin,representative
enthielten,contained
delegierte,delegates
vergrub,buried
sheldons,Sheldon's
darrow,darrow
implantieren,implant
garvin,garvin
brodelt,is bubbling
aufgetankt,refueled
schmerzensgeld,compensation for pain and suffering
konditorei,confectionery
zusammenschluss,merger
kanton,Canton
chocolat,chocolate
abgewartet,waited
durchforsten,browse
abgeglichen,matched
bewilligung,approval
borge,borrow
vorlieb,preference
raushaben,get out
raumkapsel,space capsule
entlastung,relief
besprühen,spray
schatzamt,treasury
kaffeekanne,coffee pot
oeuvres,works
kochkunst,culinary art
heimgebracht,brought home
abenteuers,adventures
aussetzt,suspends
gestrüpp,scrub
nebenraum,adjoining room
bracken,Bracken
hechelt,panting
anheuerte,hired
duc,duc
stapelt,stacks
passagen,passages
vergeudete,wasted
verplempern,squander
albertine,albertine
nachzügler,straggler
kreißsaal,Delivery room
urvampir,original vampire
yoyo,yoyo
badehaus,bathhouse
buhrufe,boos
cleve,cleve
schmerzhaften,painful
strickler,Strickler
manly,manly
naturkatastrophe,natural disaster
mantra,mantra
unreine,impure
singenden,singing
softie,softie
pedantisch,pedantic
malkovich,Malkovich
roarke,roarke
überflogen,skimmed
spitzenmäßig,excellent
rasputin,Rasputin
ransom,ransom
wohlfühlt,feels good
angibt,indicates
sprudelt,bubbling
moneypenny,moneypenny
vorzubringen,to bring forward
blutzellen,blood cells
guitar,guitar
trunken,drunk
kulturell,cultural
stanfield,stanfield
üb,üb
streichelte,stroked
schrapnell,shrapnel
geographic,geographic
wiedersiehst,see again
mordserie,murder series
froher,happier
tsui,tsui
airbags,airbags
mohr,Moor
rogan,rogan
tyra,Tyra
zusätzlicher,additional
miko,miko
pyle,pyle
gwyneth,Gwyneth
schwellen,swell
datest,datest
frostbeulen,frostbite
metropole,metropolis
kurzgeschichte,short story
zähe,tough
bump,bump
hinzunehmen,to accept
schleuderte,hurled
rasmussen,Rasmussen
amberson,amberson
klöster,monasteries
brit,British
halter,holder
begrenzung,limitation
putzig,cute
gestapelt,stacked
lockst,attract
jogger,jogger
inserat,advertisement
weihnachtsmänner,Santa Clauses
subventionen,subsidies
haaransatz,hairline
goldrichtig,absolutely right
which,which
schekel,shekel
guilala,guilala
angespuckt,spat on
dinosauriern,dinosaurs
verschulden,fault
ermächtigt,authorized
getting,getting
warrick,warrick
beunruhigendes,disturbing
stöckelschuhe,high heels
clou,clou
akustik,acoustics
überschwemmungen,floods
fsb,fsb
rücke,back
yvon,yvon
drogendeal,drug deal
greifer,gripper
ängstlicher,anxious
wheaton,wheaton
entlegenen,remote
delano,delano
zeitverschiebung,time difference
frömmigkeit,piety
mertens,Mertens
jagdhund,hunting dog
finesse,finesse
putzte,cleaned
kommentiert,commented
jungfräulich,virgin
eingezeichnet,marked
dargelegt,explained
heiner,Heiner
furchtlose,fearless
hinhören,listen
galiläa,Galilee
schlaglöcher,potholes
webseiten,websites
rajesh,Rajesh
trotteln,idiots
konsultiert,consulted
sicherheitsnetz,safety net
mclaren,McLaren
schirme,umbrellas
ruckzuck,in a jiffy
hereingelassen,let in
wärtern,guards
herumgeschnüffelt,snooping around
sichtungen,sightings
mak,mak
häufigste,most frequent
verantwortlichkeit,responsibility
wettkämpfe,competitions
hollys,hollys
stewardessen,flight attendants
stunk,stink
regentropfen,raindrops
förderer,sponsors
medizinschrank,medicine cabinet
pu,pu
tierney,Tierney
briens,Briens
doppelagentin,double agent
salinas,salinas
scheißteil,piece of shit
panzerfaust,Panzerfaust
argentinier,Argentinian
veritas,veritas
corinna,Corinna
musashi,musashi
kearney,Kearney
durchgekaut,chewed over
satellitenbilder,satellite images
happyend,happy ending
random,random
trotzig,defiant
absahnen,skim off the cash
mcgrath,McGrath
schussbereit,ready to fire
rausschmeißer,bouncer
nebenprodukt,by-product
potomac,potomac
zuzubereiten,to prepare
orang-utan,orangutan
exhumieren,exhume
moshe,moshe
schmort,simmers
exizor,exizor
wohlgefühlt,felt good
scheuern,scrub
kläglich,miserably
küchenmesser,kitchen knife
dienstweg,official channels
umfangreich,extensive
dyle,Dylan
flugdeck,flight deck
vampirs,vampires
rauskriege,find out
fußnägel,toenails
aurelio,aurelio
nä,na
piratenschiff,pirate ship
umhaut,knocks you down
friedvoll,peaceful
griesgram,grouch
r-2,r-2
einheizen,heat up
gunner,gunner
hydranten,hydrants
botanik,botany
rausgeschafft,got out
raffinesse,refinement
schlagfertig,quick-witted
geschworenengericht,jury trial
anzufreunden,to befriend
hochstaplerin,imposter
warlocks,warlocks
gaza,Gaza
rumsitzt,sitting around
verneinen,deny
ibuprofen,ibuprofen
seepferdchen,seahorse
morgendliche,morning
syncro,syncro
nidge,nidge
vollends,completely
agrestic,agrestic
patin,godmother
presseausweis,press pass
motorrädern,motorcycles
gekrallt,clawed
unterrichts,lessons
aufweist,exhibits
überdauert,survives
werkstätten,workshops
fratz,fratz
schwedin,Swedish woman
chuny,chuny
abgerichtet,trained
liberaler,liberal
drollig,funny
sture,stubborn
antworteten,answered
zeno,zeno
kubo,kubo
corrine,corrine
ergreifst,seize
führern,leaders
hinzusetzen,add
bedürftige,needy
keuchend,panting
wohlwollend,benevolent
eicheln,acorns
geisteskranker,mentally ill
schwarzpulver,black powder
gegenüberzutreten,to confront
obszöne,obscene
fenwick,Fenwick
hehe,hehe
fluchs,curse
glühwein,mulled wine
haruka,haruka
macintosh,macintosh
landru,landru
auszuräumen,to clear out
stummer,mute
festzunageln,to nail down
godseys,godseys
besudeln,defile
neblig,foggy
lemmon,lemon
sinfonie,symphony
stã,stã
mitessen,eat with us
bedienst,service
stinkendes,stinking
aschenbrödel,Cinderella
ellington,ellington
bärtige,bearded
unbeteiligt,uninvolved
quartiermeister,quartermaster
zerbrechliche,fragile
mitläufer,follower
saphira,sapphire
entgleitet,escapes
nacktes,naked
saurer,acidic
rauer,rougher
geburtstagstorte,birthday cake
albion,Albion
generälen,generals
irisa,irisa
trenn,separate
stoner,stoner
windmühlen,windmills
ersetzbar,replaceable
qualifizieren,qualify
hinzubekommen,to achieve
atmer,breather
streisand,Streisand
twister,twister
artist,artist
ebnen,level
ayesha,ayesha
dranzukriegen,to get it
familienangehörige,family members
atemgeräusche,breathing sounds
eingepfercht,confined
editor,editor
bestechlich,bribable
abzahlen,count
faxe,faxes
gelyncht,lynched
weggeschossen,shot away
süßigkeit,candy
sour,sour
zigeunern,gypsies
verhaltensweisen,behaviors
craigslist,craigslist
terrorakte,terrorist acts
wichtel,elf
enthaltsamkeit,abstinence
kugelhagel,hail of bullets
unterholz,undergrowth
exotisches,exotic
favoritin,favorite
lineal,ruler
ethnische,ethnic
schulausflug,school trip
silicon,silicon
datai,datai
ute,ute
gebogen,bent
pei,pei
eigenartiger,peculiar
magazinen,magazines
superstars,superstars
anrichte,sideboard
bärtigen,bearded
mott,mot
sauerstoffsättigung,oxygen saturation
alarmanlagen,alarm systems
noren,noren
fabriziert,manufactured
gegenwehr,resistance
resten,remains
stinkefinger,middle finger
picknicks,picnics
pädophile,pedophile
wegfährt,drives away
hierherkam,came here
sche,she
gewürz,spice
merritt,merritt
weites,further
chou,chou
ammenmärchen,old wives' tales
sesam,sesame
amish,Amish
abkühlung,cooling
chanson,chanson
maharadscha,Maharaja
hindenburg,Hindenburg
gewaltsame,violent
traditionelles,traditional
deauville,deauville
unerlaubten,unauthorized
ringsum,all around
unerschütterlich,unshakable
kanaken,Kanaks
jin-sung,jin-sung
christl,Christl
doom,doom
sprossen,sprouts
lockert,loosens
kleiderordnung,dress code
pressefreiheit,press freedom
ausstatten,equip
schluchten,gorges
adrett,neat
ignaz,ignaz
synchronisieren,synchronize
schen,schen
aufatmen,breathe a sigh of relief
festhielt,held
abhilfe,remedy
ungeschlagen,undefeated
os,os
urzeiten,prehistoric times
comedian,comedian
eskalation,escalation
geraldine,Geraldine
thiel,Thiel
kolibri,humming-bird
abtun,dismiss
inland,inland
schwerwiegend,serious
separaten,separate
eigentumswohnungen,condominiums
unbestreitbar,undeniably
türklinke,door handle
geringeren,lower
saukalt,freezing cold
ochmonek,ochmonek
vereine,clubs
fesch,stylish
willigen,willing
dreifaltigkeit,Trinity
geloben,vow
1a,1a
wasserdruck,water pressure
einzelhandel,retail
kritisierst,criticize
aufkommt,arises
zigmal,dozens of times
frontlinie,front line
nickt,nods
synapsen,synapses
fuchtel,wave
halbieren,halve
anregung,suggestion
besitzurkunde,deed
moskito,mosquito
persönlichem,personal
napier,Napier
räudiger,mangy
unkontrolliert,uncontrolled
kooperierst,do you cooperate
abschürfungen,abrasions
anhaltende,persistent
tapeten,wallpaper
falschspieler,cheater
zwist,dispute
gurgeln,gargle
anpflanzen,plant
fauna,fauna
ausharren,persevere
jabba,Jabba
bevorstehen,upcoming
süsser,sweet
vortag,previous day
giant,giant
fahrstil,driving style
zweitschlüssel,second key
tupac,Tupac
temporalen,temporal
pax,pax
spacecenter,spacecenter
minbar,minbar
deodorant,deodorant
eisenhut,monkshood
lieblingsgericht,favorite dish
gitarristen,guitarists
bequemes,comfortable
dädalus,Daedalus
abberufen,recall
hirnblutung,brain hemorrhage
americano,Americano
gedankenstimme,thought-voice
hobbits,hobbits
abscheulicher,abominable
vorgebracht,presented
ausfiel,failed
finnen,fins
okkulten,occult
acres,acres
ishii,ishii
spieltest,played
bodens,bodens
stereo,stereo
viechern,animals
zehnjährigen,ten-year-old
picken,pick
cantor,cantor
schummelt,cheats
antreffen,encounter
galaxy,galaxy
spektakulären,spectacular
haariger,hairy
elbe,Elbe
kirchliche,church
verwundung,wound
russischem,Russian
excusez-moi,excusez-moi
jeremys,Jeremy's
hergibt,gives
anbieter,provider
verzagen,despair
widrigkeiten,adversities
wendungen,turns
pippin,Pippin
geläufig,common
optimus,optimus
fabel,fable
schalldicht,soundproof
schmiedet,forges
schwächeren,weaker
snoopy,Snoopy
edmunds,Edmunds
maggy,Maggy
tuna,tuna
tietjens,tietjens
ooch,oh
deadshot,deadshot
glumpf,glumpf
indianischer,Indian
warnten,warned
universelle,universal
hammonds,Hammonds
arschgeigen,assholes
bubby,bubby
pringle,Pringle
erledigten,completed
brackett,bracket
stachelschwein,porcupine
ausgeknockt,knocked out
taktisch,tactical
elba,Elba
kontra,against
sklavinnen,slave girls
reinfahren,drive in
jagdhütte,hunting lodge
masons,Masons
athletisch,athletic
morland,morland
eiskaltes,ice-cold
generiert,generated
ludovico,Ludovico
selbstlose,selfless
heuern,hire
dürstet,thirsts
farragut,farragut
bespritzt,splashed
spendengala,fundraising gala
witt,witt
kennzeichnen,mark
gribble,gribble
kontaktlinse,contact lens
gehüpft,jumped
totzuschlagen,to kill
karp,carp
abnahm,weight loss
friedman,Friedman
fuma,fuma
kosmetikerin,beautician
vorgehaltener,held out
missetaten,misdeeds
angeborene,congenital
grabmal,tomb
hierin,herein
sandrigo,sandrigo
fountain,fountain
tetanus,tetanus
schnurstracks,straight up
meeresrauschen,sound of the sea
rikard,Ricard
grandmas,grandmas
vogt,Vogt
emmit,emmit
tippin,Tippin
klebst,stick
ursus,ursus
rash,rash
sameen,seeds
dolph,dolph
wegholen,remove
wörz,Wörz
munro,munro
pygmäen,pygmies
meißel,chisel
ambrosia,ambrosia
kriegsherr,warlord
petros,petrol
wohnungstür,apartment door
fachbereich,department
sommercamp,summer camp
lieblingssorte,favorite variety
gesundheitsministerium,Ministry of Health
arbeitsgruppe,working group
physikalischen,physical
smalls,smalls
abzuladen,to unload
vollkommenen,perfect
skalpiert,scalped
ungefähre,approximate
issa,issa
uneheliches,illegitimate
numero,number
babu,babu
vino,wine
vik,vik
machiavelli,Machiavelli
gabelstapler,forklift
raumschiffen,spaceships
irreführung,misleading
stasis,stasis
loren,loren
verarztet,treated
fischers,Fischer's
östrogen,estrogen
morgenröte,dawn
kikuchiyo,kikuchiyo
maries,maries
marschierten,marched
elway,Elway
gato,gato
fords,Fords
pups,farts
blumenmädchen,flower girl
vanderbilt,vanderbilt
fidschi,Fiji
unterstrichen,underlined
apu,apu
donkey,donkey
taschenuhr,pocket watch
mohinder,mohinder
blackwood,blackwood
auszukennen,to know
addams,Addams
müllschlucker,garbage swallower
techtelmechtel,affair
hertz,hertz
showdown,showdown
ungezwungen,casual
bimbo,bimbo
fortschicken,send away
blechmann,tin man
anführern,leaders
weins,wine
schnarche,snoring
einbrüchen,burglaries
mästen,fattening
verhätscheln,pamper
thors,Thor's
extraktion,extraction
nationalisten,nationalists
überboten,outbid
besessene,possessed
klängen,sounds
autowäsche,car wash
heuer,this year
überrennen,overrun
burner,burner
sicherheitsmaßnahme,safety measure
neurochirurg,neurosurgeon
fristlos,without notice
wyatts,wyatts
beschützerin,protector
rollschuhe,roller skates
konfus,confused
geschwätzig,talkative
rangelassen,allowed
aprikosen,apricots
malware,malware
paschtu,Pashto
knallkopf,hothead
hrafn,hrafn
allerliebst,Absolutely adorable
fächern,fan
verwundeter,wounded
arlen,arlen
schadenfroh,malicious
lachse,salmon
vorzudringen,to advance
gefallener,fallen
aufzufinden,to find
vorgetäuschte,fake
hinge,hinge
sagenhafte,fabulous
addieren,add
paper,paper
x-mal,x times
leerlauf,idle
junker,Junker
gestalkt,stalked
löwenherz,lionheart
scheppert,rattles
apparatur,apparatus
verweise,references
vanilla,vanilla
fernsehens,television
zugemutet,expected
nixie,nixie
hineinkommen,inside
boucher,boucher
shih,shih
doppelagenten,double agents
verbrauch,consumption
tässchen,cup
verglühen,burn up
streichst,delete
krümmt,bends
schweife,tails
geweitet,widened
torsten,Torsten
ria,ria
kindheitserinnerungen,childhood memories
wasserski,water skiing
convenio,convention
soiree,soiree
drugstore,drugstore
pilgern,pilgrimage
flugkontrolle,flight control
zurechtmachen,get ready
traumatisches,traumatic
consolidated,consolidated
männerabend,men's night
schutze,protect
zwickt,pinches
selbstmordattentäter,suicide bomber
umwerben,woo
entzückender,delightful
henk,Henk
nobelpreisträger,Nobel laureate
magna,magna
karls,Karl's
koloss,colossus
tanzstunden,dance lessons
ansprechend,appealing
abgebildet,depicted
delfinen,dolphins
dchen,girls
hintergehst,you betray
pflückt,picks
umhängen,hang over
seitenlinie,sidelines
falafel,falafel
reichtums,wealth
biberkopf,beaver head
mud,mud
zurechtgemacht,made up
vipern,vipers
halliday,halliday
talkshows,talk shows
erweiterten,expanded
lagos,Lagos
mandalore,mandalore
krippenspiel,nativity play
bezaubernder,enchanting
villefort,villefort
verlierern,losers
laborwerte,lab results
händchenhalten,holding hands
raffinierten,sophisticated
wohlgefallen,well-liked
ausbügeln,iron out
multipliziert,multiplied
suzan,suzan
bloch,bloch
warrior,warrior
ungläubig,unbelieving
verkehrsmittel,means of transport
himmelsherr,Lord of Heaven
friedl,Friedl
erfriere,freeze
strähnchen,highlights
straffen,tighten
explodiere,explode
schocks,shocks
wiederaufnahme,resumption
herfahren,drive here
hermetisch,hermetically
lacroix,lacroix
ravn,ravn
colts,Colts
absegnen,approve
begibst,you go
badest,badest
beatrix,Beatrix
prasselt,rains
darstellerin,actress
sachverhalt,facts
unwürdigen,unworthy
vorgetäuschten,fake
bergarbeiter,miners
18-jährige,18-year-old
sinnlichkeit,sensuality
bixby,bixby
buford,Buford
grabräuber,grave robbers
nagelneue,brand new
frozen,Frozen
einzuschließen,to include
aktives,active
janni,Janni
schneeflocken,snowflakes
überstehst,survive
vergöttern,to idolize
kafka,Kafka
einzutauschen,to exchange
legitimen,legitimate
farbton,shade
aufsparen,save
nachdrücklich,emphatically
befürworter,proponents
drohbriefe,threatening letters
dales,Dales
mutieren,mutate
barris,barris
angewandte,applied
islamabad,Islamabad
steilen,steep
fußabtreter,doormat
verschanzen,entrench
sukkubus,succubus
tops,tops
eintönig,monotonous
wolfs,wolfs
schaukelt,rocks
maschinengewehren,machine guns
alarmsignal,alarm signal
marit,Marit
verdunkeln,darken
märtyrerin,martyr
frauengefängnis,women's prison
irreparabel,irreparable
battosai,battosai
promotion,promotion
treiber,driver
ziegenkäse,goat cheese
un-lun,un-lun
anzuklopfen,to knock
sturzbetrunken,dead drunk
aarons,aarons
pflegekind,foster child
verlässlicher,reliable
henkersmahlzeit,last meal
wave,wave
hours,hours
beeinflusste,influenced
segelten,sailed
betrachteten,considered
finnischen,Finnish
bewunderten,admired
weiterlesen,Read more
rindern,cattle
polyester,polyester
pcp,PCP
geschriebene,written
r.j.,r.j.
privatisierung,privatization
stalking,stalking
skin,skin
überschattet,overshadowed
intensives,intensive
rickwaert,Rickwaert
erblindet,blinded
vips,VIPs
maßgeschneidert,tailor-made
putt,putt
wechseljahre,menopause
mojito,mojito
ausguck,lookout
farrow,farrow
kriegsrat,war council
jaclyn,Jaclyn
zilong,zilong
aufsässig,rebellious
muslimischen,Muslim
hilliard,hilliard
entbehrungen,deprivation
fußmassage,foot massage
maniac,maniac
firmenwagen,company car
saubergemacht,cleaned
militärakademie,military academy
physikalische,physical
conners,Connors
ugo,ugo
intimer,intimate
piers,piers
went,went
flugstunden,flight hours
ac,ac
geheimversteck,secret hiding place
filmes,films
zupfen,pluck
achtsam,mindful
gasmasken,gas masks
einsparen,save
anleihe,bond
windet,winds
aurel,Aurelius
selbstgemacht,homemade
riechsalz,smelling salt
sedja,sedja
pezuela,pezuela
effendi,effendi
sabina,Sabina
digest,digest
kirara,Kirara
rapha,rapha
firewood,firewood
gummis,rubbers
driften,drift
vorzulegen,to submit
höhepunkte,highlights
schwedischer,Swedish
edi,edi
ritalin,Ritalin
lobbyisten,lobbyists
erdgas,natural gas
kor,kor
utopium,utopium
mutierten,mutated
aufhetzen,incite
t.p.,t.p.
schwärme,swarms
juicy,juicy
beatmung,ventilation
sandten,sent
nudelsuppe,noodle soup
ungezogenes,naughty
hessington,hessington
durchlöchern,perforate
freigehalten,kept clear
wettbewerbe,competitions
lovell,lovell
kalibrieren,calibrate
vordrängeln,queue jumping
wassiljewitsch,Vasilyevich
karosserie,body
psychischer,psychological
jakarta,Jakarta
tum,tum
stromschnellen,rapids
widersprochen,contradicted
bedürftig,needy
steffi,Steffi
boni,bonuses
knife,knife
lehrerinnen,female teachers
quatermass,quarter measure
productions,productions
ians,ians
verwerfen,discard
strahlendes,radiant
ergebenen,devoted
leuchtete,shone
abzuweisen,to reject
zuweisen,assign
dachau,Dachau
hinwerfen,throw
plemplem,plemplem
einfühlungsvermögen,empathy
ästen,branches
abgeschworen,renounced
rabbiner,rabbi
eindringlingen,intruders
schwerfällig,cumbersome
bemannt,manned
deeds,deeds
grillparty,barbecue party
bezirksgericht,district court
ressort,resort
staatsanwaltes,public prosecutor
apart,apart
wirkungslos,ineffective
kontrollier,control
urheber,copyright
sanduhr,hourglass
penrose,penrose
wasserleitung,water pipe
blutlache,pool of blood
mitzufahren,to ride along
berufliches,professional
wandelte,transformed
dauerhaftes,permanent
führend,leading
dredd,dredd
zaubere,magic
fallakte,case file
aufzog,raised
arbeitstier,workhorse
süßem,sweet
glitter,glitter
unverheiratete,unmarried
wiederschauen,see you again
begrapscht,groped
führet,leads
röntgenblick,X-ray vision
bucklige,hunchbacked
nichtsein,nothingness
ausläuft,expires
kaue,chew
hilflosigkeit,helplessness
moments,moments
eingemauert,walled up
spirituelles,spiritual
nebenkosten,extra costs
drähten,wires
aufgebrachte,agitated
täuschungsmanöver,deception maneuver
nantucket,nantucket
hochzujagen,to blow up
gefühlsmäßig,intuitively
geir,geir
12-jährigen,12-year-old
vorschreibt,prescribes
abschätzen,estimate
uffe,uffe
pulitzer-preis,Pulitzer Prize
trafalgar,Trafalgar
kollekte,collection
trainingsanzug,tracksuit
gridley,gridley
davonzukommen,to escape
exorzist,exorcist
bundesstaaten,federal states
vergab,awarded
22er,22
frühlingsrolle,spring roll
urteilsverkündung,verdict
bewusstlosigkeit,unconsciousness
amina,amin
umfassenden,comprehensive
niedergemetzelt,slaughtered
bewaffnung,armament
hineinversetzen,put yourself in their shoes
sticken,embroider
großbritanniens,Great Britain's
spanierin,Spanish woman
schlachtbank,slaughterhouse
freiwild,free game
freigelegt,exposed
fbis,fbis
scannt,scans
gekoppelt,coupled
überschreite,exceed
baptisten,Baptists
seliger,blessed
andiamo,andiamo
pianistin,pianist
drifter,drifter
musikbox,jukebox
morello,morello
gillingham,Gillingham
kaputtgeht,breaks
rivalin,rival
heidnische,pagan
gewiesen,shown
bäumchen,small trees
shuttlerampe,shuttle ramp
hineinzuziehen,to pull in
rena,rena
rlich,honestly
taktgefühl,sense of tact
verbleibt,remains
ronson,Ronson
schielt,squints
pfadfinderin,Girl Scout
pfeifst,you whistle
drill,drill
beinchen,little legs
verhörs,interrogation
bros,bros
calling,calling
steinhart,rock hard
interest,interest
straßburg,Strasbourg
frauenkleider,women's dresses
belt,belt
tendiere,tend to
vector,vector
schibetta,schibetta
fez,fez
erträumen,dream
krankenbett,hospital bed
scheiterten,failed
eene,eene
maybourne,Maybourne
mystisch,mystical
bewacher,guard
bekanntgegeben,announced
freizusetzen,to release
wachablösung,Changing of the guard
gärtnern,gardening
analyst,analyst
sprüht,sprays
unbefleckte,immaculate
scheissegal,don't give a fuck
einsteigt,gets in
gackert,cackles
vorhandene,existing
hie,here
perfektionist,perfectionist
soto,soto
dov,dov
industriegebiet,industrial area
hybride,hybrid
zephyr,zephyr
geisterhaus,haunted house
kommend,coming
jägers,hunters
tarif,tariff
sitzengelassen,left sitting
spätes,late
wucher,usury
rumführen,tour
ersticht,stabs
gummizelle,rubber cell
einäscherung,cremation
zwinker,wink
spencers,Spencers
chatten,chat
verschwenderisch,wasteful
dächte,thinks
raubüberfalls,robbery
bastards,bastards
umarm,hug
zustands,condition
düfte,fragrances
sounds,sounds
kopiere,copy
boß,boss
gefaxt,faxed
kaidu,kaidu
ruhmes,fame
metalle,metals
raushauen,slam it all back
lieberman,lieberman
privatdetektivin,private detective
verleih,rental
bauers,farmer
neon,neon
aufwendig,elaborate
mimen,mime
urenkel,great-grandchild
milchgesicht,milk face
inhalieren,inhale
strukturiert,structured
beidseitig,both sides
comlink,comlink
aufsetzt,sets up
gewackelt,wobbled
auszuflippen,to freak out
claremont,Claremont
wm,World Cup
wendys,Wendy's
riesenbaby,giant baby
scorch,scorch
oceanic,oceanic
frühaufsteher,early bird
händigen,hand over
bildschirme,screens
weißrussland,Belarus
seriöser,reputable
rémi,Rémi
works,works
gefühlsduselei,sentimentality
retriever,retriever
einzustecken,to plug in
stillwater,stillwater
karosse,body
stack,stack
harumi,harumi
schmerzmitteln,painkillers
quinton,quinton
arztrechnungen,medical bills
kompost,compost
chon,chon
yoshi,yoshi
orangenen,orange
plünderung,plunder
preysing,preysing
viii.,viii.
aufblühen,to flourish
stitch,stitch
ortszeit,local time
erwähntest,you mentioned
überanstrengen,overexertion
khalil,khalil
juliens,Julien's
einschlug,impact
raushole,I'll get
blökt,bleats
strafrecht,criminal law
photoshop,Photoshop
ermutigung,encouragement
französischem,French
nachgeholfen,helped
odyssey,Odyssey
mannequin,mannequin
überragend,outstanding
lehnsherr,lord
koffeinfreien,caffeine-free
erfasse,capture
durchblutung,blood circulation
gekitzelt,tickled
soap,soap
sektionen,sections
mclintock,mclintock
kristian,Kristian
ergattern,grab
mittelberg,Mittelberg
sentox,sentox
gigantisches,gigantic
erfreuliches,pleasing
gefundenen,found
verschiffen,shipping
tréville,tréville
untergejubelt,foisted upon them
polente,police
blanco,blanco
comic-con,comic-con
seemeilen,nautical miles
österreichische,Austrian
litauen,Lithuania
einging,entered
schneepflug,snowplow
enigma,Enigma
beschlossene,decided
erbeten,requested
lymphom,lymphoma
elften,eleventh
zitierst,quote
layton,layton
näherst,near
notendurchschnitt,grade point average
abo,subscription
bögen,bows
recyceln,recycle
überzeugten,convinced
hausverwalter,property manager
sagenhaften,fabulous
rottweiler,rottweiler
verantwortungsvolle,responsible
manni,manni
aufgefasst,perceived
aufzufüllen,to refill
flow,flow
animalische,animal
umsätze,sales
rauchten,smoked
bedecke,cover
nachfühlen,empathize
verehrteste,most esteemed
zureden,to talk
anfeuerungsrufe,cheers
wels,catfish
christliches,Christian
laben,life
schulklingel,school bell
habicht,hawk
mozzarella,Mozzarella
stile,styles
erde-2,earth-2
geflutet,flooded
belüftung,ventilation
ekelhaftes,disgusting
hintun,put
smyth,Smyth
galina,galina
julianna,Julianna
lexx,lexx
glitt,glided
großherzig,generous
öffnungen,openings
kostenloser,free
secretariat,secretariat
knospen,buds
unterkühlt,hypothermia
mousse,mousse
behausung,habitation
bordkarte,boarding pass
fredo,Fredo
sole,sole
snickers,Snickers
fruchtbare,fertile
fraulein,miss
sashi,sashi
crime,crime
freibrief,carte blanche
nomi,nomi
katholischer,Catholic
overalls,Overalls
verleihung,award ceremony
robespierre,robespierre
junuh,junuh
ackroyd,ackroyd
verderbtheit,depravity
fernab,far away
winkeln,angles
garbo,garbo
gegrillten,grilled
bitterlich,bitterly
winkelmann,Winkelmann
randal,randal
abschließend,in conclusion
entweicht,escapes
gesäß,buttocks
julians,Julians
ladenschluss,store closing
brillanz,brilliance
zerstörerisch,destructive
investigation,investigation
feinschmecker,gourmet
manchem,some
gehabe,behavior
muntere,cheerful
mußtest,had to
durchzusehen,to review
lindholm,Lindholm
wasserbett,waterbed
zehnfache,ten times
beendigung,termination
ausgewachsen,fully grown
krischan,Krishna
balzac,balzac
eingewöhnen,settle in
bulstrode,bulstrode
tansania,Tanzania
wagnis,risk
terrors,terror
millennium-gruppe,millennium group
gefahrlos,safe
außeneinsatz,outdoor use
zahlmeister,paymaster
trigger,trigger
backenzahn,molar
theben,Thebes
josiah,josiah
mathelehrer,math teacher
henson,Henson
äuglein,little eyes
ausstopfen,stuff
sartre,Sartre
genossenschaft,cooperative
sojamilch,soy milk
grossartige,great
särgen,coffins
arischen,Aryan
tauber,deaf
flugzeit,flight time
unscheinbar,nondescript
durcheinanderbringen,to confuse
steile,steep
verdrängung,displacement
vorrätig,in stock
montez,Montez
einfluß,influence
masseuse,masseuse
befreiungsfront,liberation front
erfasste,recorded
trickbetrüger,con artists
maximaler,maximum
plattmachen,flatten
rettungssanitäter,paramedic
horchen,listen
gültige,valid
vorhaut,foreskin
schwächere,weaker
unmenge,a huge amount
alfalfa,alfalfa
verschließe,close
liliane,Liliane
getrauert,mourned
feldflasche,canteen
bonsai,bonsai
angewöhnt,habit
ausgeladen,unloaded
manner,men
vikings,Vikings
erdrosseln,strangle
ernsthaftigkeit,seriousness
kiwi,kiwi
bilderbuch,picture book
tv-show,TV show
kampfkünste,martial arts
ruanda,Rwanda
garantierte,guaranteed
gewäsch,washed
verlieb,in love
clips,clips
umdenken,rethink
sirenengeheul,siren wail
teilabdruck,partial print
crêpes,crêpes
schlägertypen,racket types
fingerhut,thimble
lidschatten,eyeshadow
bleek,bleek
funkelnden,sparkling
hodes,testicles
hievt,lifts
nichtsnutze,good-for-nothing
schlafsäcke,sleeping bags
herausragenden,outstanding
brülle,roar
beete,beds
umgesiedelt,relocated
griechisches,Greek
zwiebelringe,onion rings
grabes,grave
generalschlüssel,master key
treat,treat
muskat,nutmeg
katzenklo,litter box
duce,duce
thunderbird,Thunderbird
godwyn,godwyn
bevölkern,populate
schwang,swing
doran,doran
swain,swain
feels,feels
zugesichert,assured
spülbecken,sink
voyeur,voyeur
vereinzelte,isolated
jämmerliches,miserable
einband,cover
malcom,Malcolm
freibeuter,privateer
sachbeschädigung,property damage
mops,pug
rumgehen,walk around
ambrosius,Ambrose
verwandele,transform
badewasser,bathwater
mathews,Matthews
stalkerin,stalker
vorzuspielen,to play
ebola,Ebola
chicka,chicka
bumerang,boomerang
informationsquelle,source of information
pannen,mishaps
grisham,Grisham
background,background
spielerin,player
wimbledon,Wimbledon
darmspiegelung,colonoscopy
advokat,lawyer
cyber,cyber
gita,gita
eingelagert,stored
dust,dust
kraftfelder,force fields
geschehens,happening
christoffer,christoffer
kovak,kovak
begrüßte,welcomed
glaubwürdiger,more credible
fordernd,demanding
paley,paley
generalmajor,major general
nascar,NASCAR
potenz,power
kilos,kilos
mandrake,mandrake
laderampe,loading ramp
schwangerschaften,pregnancies
geldern,Geldern
unvollkommen,imperfect
roben,robes
dirigenten,conductors
knapper,narrower
schnappdudel,schnappdudel
alisha,alisha
zerquetschte,crushed
polnischer,Polish
andrés,Andrés
herumgehen,walk around
impotenz,impotence
schmerzte,hurt
streichhölzern,matches
grimasse,grimace
gesamter,entire
verscharrt,buried
pucci,Pucci
widerspenstig,rebellious
begießen,to pour
scratch,scratch
memory,memory
haushaltshilfe,household help
ungeahnte,unexpected
boeing,Boeing
hasi,bunny
scheffel,bushel
tauschst,exchange
vorstandsmitglieder,board members
l.a,l.a
mutterzelle,mother cell
caden,caden
grundy,grundy
vielversprechenden,promising
odi,odi
philosophische,philosophical
liegestützen,push-ups
gekämmt,combed
schhh,shhh
spielend,playing
council,council
aufschwung,upswing
margy,Margy
selbstsüchtige,selfish
peiniger,tormentor
fernsehstar,TV star
hochgearbeitet,worked up
seb,seb
anrechnen,credit
buff,buff
stauffenberg,Stauffenberg
überholspur,overtaking lane
krapfen,doughnuts
rausholst,you get out
nichtjetzt,not now
niño,niño
hermano,brother
freigeist,free spirit
katsu,katsu
paläste,palaces
vermassele,mess it up
buddhist,Buddhist
katsushiro,katsushiro
hindu,Hindu
verbietest,forbid
greggs,Greggs
prosa,prose
surprise,surprise
verliererin,loser
schäbiger,shabby
sinai,Sinai
foxtrot,foxtrot
babes,babes
essensreste,leftovers
zurückgibt,returns
traumatischen,traumatic
1.000-mal,"1,000 times"
streitkräften,armed forces
v8,v8
waruu,waruu
sydneys,Sydney
überwachungsbänder,surveillance tapes
herzfehler,heart defect
pritsche,bunk
eindämmung,containment
mamiya,mamiya
kompressor,compressor
verweichlicht,effeminate
keramik,ceramics
schmutzfink,slob
deponie,landfill
nippeln,nipples
empfanden,felt
oberinspektor,Chief Inspector
zufahrt,access
goldesel,golden goose
ehrbarer,honorable
rußland,Russia
entgegenbringen,meet
ingvar,ingvar
intro,intro
fröschen,frogs
vorliegenden,present
seelenverwandter,soulmate
mehdi,Mehdi
autopsien,autopsies
sonntage,Sundays
gezielte,targeted
grillt,grills
tora,Torah
gefrieren,freeze
spioniere,spies
orientierungslos,disoriented
grauenhaften,horrible
20-jährige,20-year-old
morgenrock,dressing gown
komplimenten,compliments
gewählter,elected
tita,tita
tatsu,tatsu
cyndee,cyndee
einparken,parking
gäule,horses
diensthabende,on duty
loswirst,get rid of
verguckt,in love
überheblichkeit,arrogance
unweit,not far
kontinuierlich,continuously
hanoi,Hanoi
beteiligte,involved
krim,Crimea
aufputschmittel,stimulants
wendete,turned
drohende,impending
unbefugt,unauthorized
näschen,nose
reitern,riders
schiesserei,shoot-out
allerbester,very best
hilfreicher,helpful
carrera,Carrera
verirrten,lost
verbreitest,spread
eldritch,Eldritch
prüften,checked
jinx,jinx
lolli,lolli
vorzeitigen,premature
herrschers,ruler
philosophisch,philosophical
latrine,latrine
alais,alais
umgestimmt,changed their mind
zierlich,dainty
multiplizieren,multiply
einreise,entry
geborenen,born
fünftel,fifth
ringkampf,wrestling
plakaten,posters
automobile,automobile
barbarischen,barbaric
wünschenswert,desirable
avignon,Avignon
glockengeläut,bell ringing
promoter,promoter
generalleutnant,lieutenant general
valance,valance
leonora,leonora
nã,n/a
zusammengetragen,compiled
opferten,sacrificed
michonne,michonne
einstufen,classify
ramiro,ramiro
satire,satire
feminismus,feminism
dekadent,decadent
playboys,playboys
faseln,babble
kampfhandlungen,combat operations
psychotherapie,psychotherapy
mcc,mcc
alarmglocken,alarm bells
aktivist,activist
hakenkreuz,nazi swastika
whiteside,whiteside
himmelblau,sky blue
pfiffig,smart
dienstschluss,End of service
skrupellose,unscrupulous
eleven,eleven
sprague,sprague
räucherstäbchen,incense sticks
shasta,shasta
stimulierend,stimulating
stehlt,steals
jugendstrafanstalt,juvenile detention center
pastis,pastis
cemil,cemil
durchforstet,scoured
mumien,mummies
lounds,lounds
kindlein,little one
lieblingsrestaurant,favorite restaurant
staubsaugen,vacuuming
geschwärzt,blackened
operative,operative
hofstadter,Hofstadter
glückspilze,lucky people
wurmlochs,wormhole
milena,Milena
support,support
unendlicher,infinite
muttern,mothers
dämonenblut,demon blood
erstbeste,first one
jarrett,Jarrett
tabby,tabby
erschließen,develop
rieb,rubbed
sicherheitsprotokoll,security protocol
streif,stripe
seismische,seismic
lebenswandel,lifestyle
begutachtung,assessment
berechnend,calculating
abzuheben,to take off
vettern,cousins
gejammert,complained
tierquälerei,animal cruelty
ismael,ismael
familienbetrieb,family business
klipp,clip
denzel,denzel
junk,junk
auda,auda
baumelt,dangles
aufteilung,division
jamaikaner,Jamaican
lhasa,Lhasa
zehnjährige,ten-year-old
purdy,purdy
wasserpistole,water pistol
spielzeugladen,toy store
musikanten,musicians
mündlichen,oral
superheldin,superheroine
lustmolch,lustmolch
weltraums,space
heeyong,heeyong
erhabenheit,sublimity
spurensuche,tracking
zeitweilig,temporarily
tückisch,treacherous
smithy,smithy
möbelstück,piece of furniture
störten,disturbed
burchell,Burchell
strauch,shrub
ergebnislos,without result
schlaftrunk,sleeping potion
atemberaubende,breathtaking
grüezi,Hello
kopfverletzungen,head injuries
blacky,blacky
vorschlägt,suggests
eingespannt,harnessed
ciark,ciark
gemachten,made
wildlinge,wildlings
schubkraft,thrust
unbeabsichtigt,unintentionally
winch,winch
ester,ester
glücksspiele,gambling
camembert,Camembert
past,past
wälzt,rolls
lefebvre,lefebvre
zuverlässigkeit,reliability
hervorbringt,produces
kombüse,caboose
abnormal,abnormal
überstehe,survive
persisch,Persian
deflektor,deflector
wolfman,wolfman
rager,rage
gliedern,structure
gepanzerten,armored
mafiaboss,mafia boss
dostojewski,Dostoevsky
kirsch,cherry
nachgibt,yields
tanzes,dance
stapleton,stapleton
hannas,Hanna's
porgy,porgy
torrio,torrio
hübschesten,prettiest
übermannt,overpowered
zsa,zsa
orm,form
keanu,Keanu
warfst,threw
freitagnacht,Friday night
kindesmissbrauch,child abuse
eisprung,ovulation
widerstrebt,resists
sat,sat
angehäuft,accumulated
kovar,kovar
gerader,straight
gegenspieler,opponent
zuru,to
weltalls,universe
anpassungen,adjustments
beklagst,complain
indianisch,Native American
schulleiterin,headmistress
aufzufangen,to catch
denunzieren,denounce
zwicken,pinch
stichen,sting
nordöstlich,northeast
mes,mes
campos,campos
dreckschweine,filthy pigs
kack,shit
wataru,wataru
vorstellungsgespräche,job interviews
unaufmerksam,inattentive
schlaffen,limp
kardiologe,cardiologist
blogs,blogs
vorprogrammiert,pre-programmed
mittelschicht,middle class
waldbrand,forest fire
iraker,Iraqis
robocop,robocop
stiftet,donates
rostet,rusts
rücksichtsloser,ruthless
praline,praline
schlamperei,sloppiness
lada,Lada
vernetzt,network
abspülen,rinse
martel,martel
rios,Rios
veröffentlichten,published
reingewaschen,cleansed
luann,luann
itchy,itchy
namenlose,nameless
drakes,drakes
liebschaften,love affairs
ignoranten,ignorant
grammophon,gramophone
amadeus,amadeus
blockierte,blocked
terroranschläge,terrorist attacks
gebüßt,atoned
x5,x5
sec,sec
mint,mint
warlow,Warlow
zoran,Zoran
herrschten,prevailed
meeren,seas
timbuktu,Timbuktu
edgware,edgware
piotr,Piotr
überliefert,handed down
vietkong,Viet Cong
losreißen,tear away
knechten,servants
grundstücks,property
macs,macs
rundes,round
barrymore,Barrymore
fackelt,torches
räuchern,smoking
table,table
anweisen,instruct
ziegler,ziegler
post-it,post-it
m5,m5
grasen,graze
odd,odd
krachte,crashed
edition,edition
verkümmert,stunted
fränze,fränze
beratungen,consultations
muldoon,muldoon
verhätschelt,pampered
goines,goines
ausreichende,sufficient
gallery,gallery
spe,spe
anforderung,requirement
funksignal,radio signal
kaida,al-Qaeda
aufgeblasene,inflated
hundi,dog
meisterwerke,masterpieces
techno,techno
sto,sto
schutzpatron,patron saint
fianders,fianders
darfur,that
poltergeist,poltergeist
abklappern,check them all out
obacht,watch out
heimgeschickt,sent home
würgte,choked
disput,dispute
seefahrt,seafaring
gefechtsstationen,battle stations
lauge,lye
rühmen,boast
tonny,tonny
griffbereit,within easy reach
dicksten,thickest
nachhaltig,sustainable
ramen,ramen
vortäuscht,pretends
tropez,Tropez
schieber,slider
identischen,identical
quillt,swells
vorgibst,pretend
bligh,bligh
vorherzusagen,to predict
bersten,burst
potters,Potters
perth,Perth
durchgehend,throughout
übersiehst,overlook
verdamme,damn
flügen,flights
instabile,unstable
hoffnungslosigkeit,hopelessness
äquivalent,equivalent
dickicht,thicket
käm,came
margherita,Margherita
skandalöse,scandalous
kritischem,critical
wildcats,wildcats
cheerios,cheerios
bediente,served
gelte,applies
marceau,Marceau
umlege,to
xifeng,xifeng
estes,estes
hochgeklettert,climbed up
einprägen,memorize
siedlern,settlers
basen,bases
unterstand,shelter
felswand,rock face
waldrand,edge of the forest
sprechchor,speaking choir
gebräunt,tanned
richelieu,richelieu
katapultiert,catapulted
asiatisch,Asian
boa,boa
trout,trout
hölzerne,wooden
pennies,pennies
kinderbücher,children's books
mogli,mogli
nihal,Nihal
geheul,howling
rauslocken,lure out
notizbücher,notebooks
organspender,organ donor
trooper,trooper
asenkerschbaumer,Asenkerschbaumer
abzuhören,to eavesdrop
pepi,Pepi
apotheken,pharmacies
culpa,culpa
streep,stripe
hüpfer,jumper
kimberley,Kimberley
sackgassen,dead ends
cailin,cailin
sangria,Sangria
lego,Lego
rezeptur,recipe
unähnlich,unlike
orly,orly
ho-ho,ho-ho
schuldspruch,guilty verdict
glasauge,glass eye
chev,chev
grauens,horror
countess,countess
tale,tale
heringe,herrings
einhaltung,compliance
verneint,denied
gewebeproben,tissue samples
familienfeier,family celebration
verhalt,behavior
begrüssen,greet
interferenz,interference
volkswagen,Volkswagen
danby,danby
indisponiert,indisposed
schaufensterpuppe,mannequin
furchtlosen,fearless
sprudeln,bubbling
chesapeake,Chesapeake
vernachlässigung,neglect
zubereitung,preparation
mannys,mannys
davos,Davos
chaussy,Chaussy
gesammelten,collected
plummer,plummer
praktisches,practical
siebert,siebert
marschiere,march
treme,treme
letterman,letterman
donnerschlag,thunderclap
gourmet,gourmet
mistkerlen,bastards
auszuleihen,to borrow
kelle,trowel
befreundeten,friendly
gülnihal,gülnihal
meckerst,complain
kerben,notches
zusammengefügt,joined together
jenson,Jenson
nugget,nugget
noreen,noreen
unzugänglich,inaccessible
buttons,buttons
davontragen,carry away
temporäre,temporary
analsex,anal sex
due,the
konsortium,consortium
staatliches,state
eingelaufen,arrived
alonso,alonso
gespaltene,split
höllenqualen,excruciating agony
janos,janos
guevara,Guevara
vernünftigste,most reasonable
voraussichtliche,expected
hinzurichten,to execute
schmerzliche,painful
soundcheck,soundcheck
nullpunkt,zero point
listig,cunning
zeta,zeta
s01e05,s01e05
halloween-party,Halloween party
dewitt,dewitt
gaffney,Gaffney
kanako,Kanako
bewohnen,occupancy
kinofilm,movie
stiefschwester,stepsister
ausgestanden,survived
vögle,birds
delorean,delorean
vaginas,vaginas
kontroversen,controversial
barden,bards
haftbar,liable
whatever,whatever
shields,shields
forschungsergebnisse,research results
elysium,Elysium
sheffield,Sheffield
campbells,Campbells
knacki,knacki
verdächtigst,suspicious
thoraxdrainage,thoracic drainage
glasisch,glassy
claw,claw
einschleimen,to ingratiate oneself
abzuwaschen,to wash
markierte,marked
shifu,Shifu
spore,spore
b.b.,b.b.
kyra,Kyra
magazins,magazines
märkten,markets
statische,static
dienstleistung,service
loslasse,let go
runterzuholen,to bring down
flecke,stains
verplant,planned
buckner,buckner
energies,energies
vila,villa
qaida,al-Qaida
pierson,pierson
übertragbar,transferable
grimaud,grimaud
fremdem,foreign
hierdurch,this
tuts,does
gepanzert,armored
health,health
nordwind,north wind
kühlschränke,refrigerators
flacher,flat
marschierte,marched
merkwürdigerweise,strangely enough
chiffre,cipher
pianisten,pianists
charter,charter
aktionären,shareholders
kraftlos,powerless
zündest,ignite
suaheli,Swahili
pettigrew,pettigrew
treasure,treasure
controller,controller
kaulder,Kaulder
blutrünstige,bloodthirsty
reynholm,reynholm
seifenblasen,soap bubbles
whitehead,whitehead
sachiko,sachiko
schlafrock,dressing gown
schlafzimmern,bedrooms
weihnachtslied,Christmas carol
lockeren,loosen
digby,digby
verhandelst,negotiate
gaspard,gaspard
wohngegend,residential area
bonzen,bigwigs
hakenzahn,hook tooth
doppelschichten,double layers
trügerisch,deceptive
snobs,snobs
elia,elia
umsiedlung,relocation
nixons,nixons
negativer,negative
skrupelloser,unscrupulous
dressiert,trained
unreife,immaturity
gefreiten,private
opal,opal
kaffees,coffees
formte,formed
points,points
pray,pray
zwanzigern,twenties
grausamste,most gruesome
umdrehst,turn around
auflisten,list
happiness,happiness
modifizierte,modified
lappalie,triviality
loops,loops
coyle,coyle
eingehe,enter
zedd,zedd
versengt,scorched
lolly,lolly
hinkam,came
himmlisches,heavenly
teii,teii
wissenschaftsoffizier,science officer
duncans,Duncan's
hoods,hoods
semesters,semesters
brainpower,brainpower
schachbrett,chessboard
piri,piri
manhattans,Manhattan
galaktischen,galactic
wegwirft,throws away
manipulierst,manipulate
ghislaine,Ghislaine
erdrücken,crush
gebildeten,educated
fiktive,fictional
daisys,daisies
kowloon,kowloon
gesicherte,secured
grégoire,Gregory
existierenden,existing
orlow,orlow
spezialistin,specialist
dezimiert,decimated
geheiminformationen,classified information
schulgelände,school grounds
subjekte,subjects
yea,yeah
kühlsystem,cooling system
hutton,hutton
slang,slang
kasim,Kasim
lucía,lucía
heilungsprozess,healing process
ivana,Ivana
rumgespielt,messing around
karabiner,carabiner
heizkörper,radiator
barley,barley
telegrafieren,telegraph
zuviele,too many
rasenden,furious
torero,bullero
gunny,gunny
taras,taras
roanoke,roanoke
maybelle,maybelle
chromosomen,chromosomes
beeindruckte,impressed
juliane,Juliane
kitano,Kitano
produktionsfirma,production company
gleichgestellt,equal
beelzebub,Beelzebub
erkenntnissen,findings
funktionierten,worked
tombola,tombola
frohsinn,joy
artischocken,artichokes
michels,Michels
lalala,lalala
gebrauchtes,used
schwachköpfen,dimwits
edam,edam
genügte,was sufficient
wettkämpfer,competitor
marein,marein
marschbefehl,marching orders
navarra,Navarre
bubbs,bubbs
sexappeal,sex appeal
traumas,traumas
bigelow,bigelow
fassten,summarized
vorstandsmitglied,board member
weitergegangen,continued
boing,Boeing
dobby,dobby
fixierung,fixation
elk,elk
abchecken,check
calderon,Calderon
mlle,mlle
devore,devor
mitzählen,count
zandt,Zandt
scullys,Scully's
standhält,withstands
ungewollte,unwanted
auslese,choice
eindeutiges,unambiguous
cavendish,cavendish
stoppten,stopped
mirjetzt,me now
zipfel,tip
rausgerannt,ran out
läsionen,lesions
balla,balla
gotteshaus,church
auspackt,unpacks
wachten,woke
peugeot,Peugeot
geologische,geological
klassik,classical
überlasten,overload
marat,Marat
pasteur,Pasteur
zauberformel,magic formula
onkologie,oncology
weinprobe,wine tasting
bösartiges,malignant
ultron,ultron
versorger,supplier
mädchenhaft,girlish
negerin,black woman
ljudmila,ljudmila
tonart,key
umrühren,stir
thorin,Thorin
allerhöchste,supreme
entzündete,inflamed
shreveport,Shreveport
glaber,glaber
torgeir,torgeir
ausführliche,detailed
blaskapelle,brass band
hrothgar,Hrothgar
sacken,sag
tacho,speedometer
spinnern,spinners
haldeman,Haldeman
subcommander,subcommander
entwirren,unravel
ausbrecher,escapee
reingucken,Take a look
muntert,cheers
hinterherlaufen,chasing after
raff,raff
herzurichten,to prepare
vail,vail
eingebüßt,lost
weinenden,crying
lateinische,Latin
vertikale,vertical
quartieren,quarters
hundebellen,dog barking
biologisches,biological
gemeinwohl,common good
abgetan,dismissed
cancan,cancan
auslöscht,extinguishes
catelyn,Catelyn
verpfänden,pledge
chemisches,chemical
hochrangiger,high-ranking
bademeister,lifeguard
einser,number one
schwätzchen,chat
silly,silly
probeessen,tasting
livius,Livy
aaarrrgghh,aaarrrgghh
ratsmitglied,council member
furio,furious
miri,miri
machtkampf,power struggle
konzession,concession
misserfolge,failures
festtag,holiday
shado,shado
richtlinie,guideline
terrell,terrell
trinkgelder,tips
slipper,slipper
preisrichter,judge
epischen,epic
airbag,airbag
deflektoren,deflectors
unbenutzt,unused
zing,zing
kampfunfähig,Incapable of fighting
kindlichen,child
manifestiert,manifests
schutzbrille,safety goggles
betreue,supervise
hoppy,hoppy
regenbögen,rainbows
nagle,nail
bereithält,provides
indiens,India
sodomie,sodomy
sümmchen,small sum
stoffen,materials
gütern,goods
niederzubrennen,to burn down
konventionellen,conventional
vichy,Vichy
merc,merc
floor,floor
bronchitis,bronchitis
erzog,raised
reisst,tears
mikrowellen,microwaves
symbolik,symbolism
bouquet,bouquet
diktiere,dictate
zobel,sable
picture,picture
florentine,florentine
rigby,Rigby
minotaurus,minotaur
zoeys,zoeys
vergangener,past
luftangriffe,air raids
ausgängen,exits
südwest,southwest
godfather,godfather
ausgeprägten,pronounced
briar,briar
boarding,boarding
budd,budd
namensliste,list of names
dhabi,Dhabi
toxische,toxic
mikros,micros
würgegriff,chokehold
exkommuniziert,excommunicated
aye-aye,aye-aye
beths,Beth's
zaghaft,tentative
geschähe,would happen
abmurksen,kill
umschreibung,description
strasser,Strasser
klöße,dumplings
nonsens,nonsense
bleu,blue
weiserthomas,weiserthomas
verwelken,wilt
klavierstunden,piano lessons
eigennutz,self-interest
borns,borns
jedwede,any
quittiert,acknowledged
rauszuziehen,to pull out
dekadenz,decadence
heitert,cheers
hairy,hairy
überschüttet,showered
dvd-player,DVD player
untergebene,subordinates
quantenphysik,quantum physics
leichenstarre,Rigor mortis
entchen,duckling
rubicon,rubicon
washburn,Washburn
kinderkriegen,having children
unbefugtes,unauthorized
sonderbericht,special report
weinstein,Tartaric acid
liebesbeziehung,romantic relationship
bekleckert,stained
bärenhunger,ravenous hunger
programmvorschau,program preview
verbeugung,bow
kinderlachen,children's laughter
purge,purge
couldn,can
hochland,highlands
heparin,heparin
chaotischen,chaotic
städter,city ​​dwellers
rechtsberatung,legal advice
proudly,proudly
glockenspiel,glockenspiel
exklusives,exclusive
schwenk,swivel
endgültiges,final
lebenspartner,life partner
yui,yui
wizard,wizard
meene,my
telefonkonferenz,telephone conference
léna,Léna
platzes,space
woodbine,woodbine
mantle,mantle
vineyard,vineyard
leidner,leidner
bestieg,climbed
john-boys,john-boys
bestform,best form
beruhigende,calming
ncls,ncls
rausfindest,find out
tagträume,daydreams
hochspannung,high voltage
tweets,tweets
marston,Marston
hypochonder,hypochondriac
rülpser,belch
seiteneingang,side entrance
ruinierten,ruined
sticks,sticks
iñigo,iñigo
paares,pair
feuerstein,flint
shilo,Shilo
kataloge,catalogs
lettland,Latvia
frans,frans
taka,taka
arty,arty
lozano,lozano
umberto,Umberto
schweigeminute,minute of silence
betriebsbereit,operational
bly,bly
notfallwagen,emergency vehicle
beeman,beeman
slide,slide
northwestern,northwestern
funkel,sparkle
delikatessen,delicacies
thorsten,Thorsten
bengtzon,Bengtzon
magoo,magoo
mitgedacht,thought through
cd-player,CD player
schleppten,dragged
öhm,umm
mannheim,Mannheim
aufgerollt,rolled up
subtiler,subtle
augenblicks,moment
auswaschen,wash out
unerträglichen,unbearable
trällert,trills
schauspielers,actor
ahn,ahn
polizeidienst,police service
dirigiert,directed
jagdgewehr,hunting rifle
ausblenden,hide
überhol,overtake
tokugawa,tokugawa
sumida,sumida
underground,underground
brauchbaren,usable
beijing,Beijing
football-spieler,football player
porte,port
promille,per mille
anseht,look
georgi,georgi
fastfood,fast food
sendern,broadcasters
sanftmütig,gentle
stabschefs,chiefs of staff
gummistiefel,rubber boots
jacko,jacko
umgestoßen,knocked over
träfe,would
guardia,guardia
amc,amc
freiheitsberaubung,deprivation of liberty
klassifiziert,classified
überdecken,cover up
betatschen,touch
beschränkten,limited
schecter,Schecter
devonshire,Devonshire
schlitzen,slit
reinbekommen,get it in
dynamite,dynamite
zuwachs,growth
erforsche,explore
unwahrscheinlichen,unlikely
eingeprägt,imprinted
messlatte,benchmark
sonntagnachmittag,Sunday afternoon
krauss,Kraus
bms,bms
verjährungsfrist,limitation period
staatsmann,statesman
verfügte,provided
memmen,cowards
beobachtungsgabe,observation skills
rosten,roast
gipfeltreffen,summit
krell,Krell
taystee,Tay tea
längeres,longer
kahle,bald
landau,Landau
shawna,Shawna
seeluft,sea ​​air
skilaufen,skiing
verflixter,darned
rains,rains
straffreiheit,impunity
hirogen,hirogen
rätsels,puzzle
zusammentrommeln,gather together
assassins,assassins
sonstigen,other
raumfähre,space shuttle
belehrung,instruction
phileas,phileas
beigesetzt,buried
tatet,tatet
fusionieren,merge
seitensprung,affair
invasoren,invaders
beschäftigten,employed
neary,neary
finnegan,finnegan
deprimieren,depress
zurückschauen,looking back
steuerst,control
fußmatte,doormat
darauffolgenden,subsequent
fälschte,fake
mieterin,tenant
naevia,naevia
unnütze,useless
tutu,tutu
paarweise,in pairs
grünkohl,kale
gothams,Gotham's
liebestrank,love potion
scheißtyp,shitty guy
mgm,mgm
rostige,rusty
wameru-forschungszentrum,wameru research center
pluspunkte,plus points
bewegliche,movable
verzwickt,tricky
muckis,muscles
drankommen,get your turn
unschlüssig,undecided
wegnimmst,take away
kaltblütigen,cold-blooded
gifford,Gifford
bluto,Bluto
tobbe,tobbe
mahmut,Mahmut
spezifischen,specific
ghostbusters,Ghostbusters
fairerweise,to be fair
drogenhandels,drug trafficking
kundendienst,customer service
tyree,tyree
sicherheitsverstoß,security breach
bucephalus,bucephalus
skeeter,skeeter
knebeln,gag
ahnungslosen,unsuspecting
ahnungslose,unsuspecting
furchtloser,fearless
stopfst,stuff
duty,duty
trachtet,strives
mecker,complain
bancroft,Bancroft
sina,Sina
bachmann,Bachmann
wohltätigen,charitable
paz,peace
canfield,canfield
tirol,Tyrol
und-und,and-and
tierwelt,wildlife
montpellier,Montpellier
zeitkapsel,time capsule
botanischen,botanical
indiskretion,indiscretion
fastenzeit,Lent
anpfiff,kick-off
kean,kean
edelsteinen,gemstones
teenie,teen
saftladen,juice shop
rassel,rattle
grundregel,basic rule
befruchten,fertilize
sellars,sellars
hochzeitsmarsch,wedding march
erobere,conquer
bangen,anxious
wirwerden,we will
sponsern,sponsor
sterbender,dying
cannoli,cannoli
quetsch,squeeze
betrügerische,fraudulent
wegzugeben,to give away
farmhaus,farmhouse
sao,sao
tie,tie
aguirre,aguirre
zerteilt,divided
skandinavien,Scandinavia
kopfzerbrechen,headache
hierbleibt,stay here
lauschte,listened
gaukler,juggler
granatwerfer,grenade launcher
vergeudung,waste
trapez,trapez
leichenschmaus,funeral feast
ziegenmilch,goat's milk
sterile,sterile
einzuschleusen,to infiltrate
okkulte,occult
essensgeld,food money
literarischen,literary
wooley,wooley
aufgeblasenen,inflated
hafenarbeiter,dockworker
borgst,borrow
laufwerk,drive
warteschlange,queue
verbranntes,burnt
reeve,reeve
losfliegen,take off
linde,linden
tricksen,trickery
zugfahrt,train journey
förderlich,conducive
entblößen,bare
stativ,tripod
abermals,once again
cthulhu,Cthulhu
grüss,Greetings
doomsday,doomsday
griechenlands,Greece
möbliert,furnished
unbeantwortet,unanswered
having,having
aufstellt,sets up
mem,mem
brest,brest
abberline,abberline
erwidere,reply
curtin,curtin
bok,book
privatgelände,Private
posiert,poses
autobots,Autobots
privilegierten,privileged
zusammentreiben,gather
henkel,handle
buckman,buckman
willkürliche,arbitrary
rüberschicken,send over
tendiert,tends
miep,meep
huss,huss
übten,practiced
scrubs,scrubs
poolhaus,pool house
matsumoto,matsumoto
verprügle,beat up
hereinlegen,to fool
syrer,Syrian
angabe,information
edit,edit
ubba,ubba
oktoberfest,Oktoberfest
sträuben,resist
velrans,velrans
spocks,Spock's
irakischen,Iraqi
anbinden,tie
klaustrophobisch,claustrophobic
zurückfällt,falls back
permanenten,permanent
lansing,lansing
regler,regulator
dastehe,there
zurückbringst,bring back
kale,kale
gespickt,studded
campion,champion
kippst,tip
gabelung,crotch
fracking,fracking
gebürgt,guaranteed
remake,remake
bits,bits
schlafzimmerfenster,bedroom window
capisce,capisce
mikrophon,microphone
hamlin,hamlin
werkzeugkiste,toolbox
macallan,Macallan
geschichtsbuch,history book
kleinkriegen,break
stream,stream
spaziere,walk
pistazien,pistachios
amüsanter,amusing
abgab,surrender
lauda,lauda
polizeiakte,police file
dämme,dams
hergefunden,found here
reign,reign
verbuchen,book
bracht,brought
jenni,Jenni
sachlage,situation
keyser,keyser
resolution,resolution
kartentricks,card tricks
vogelhaus,birdhouse
sienna,Siena
einlieferung,delivery
niederlande,Netherlands
kindermörder,child murderer
trommler,drummer
südsee,South Seas
schaffung,creation
kommerzielle,commercial
zusammenrücken,move closer together
fbi-hauptsitz,FBI headquarters
kitschige,kitschy
gershwin,Gershwin
cia-agenten,CIA agents
arnett,arnett
eigenwillig,eccentric
coq,coq
abbricht,cancels
getreu,true
muskelkraft,muscle power
steifer,stiffer
geländes,terrain
salzsäure,hydrochloric acid
regiere,govern
zugeführt,supplied
sesemann,Sesemann
geologie,geology
haddie,haddie
lita,lita
angriffsplan,attack plan
beauftrage,commission
schlawiner,rascal
angry,angry
beharrt,insists
joaquín,joaquín
appleby,appleby
pastrami,pastrami
masseria,masseria
crank,crank
zellengenosse,cellmate
büroklammer,paperclip
resi,resi
padma,padma
einvernehmen,agreement
erweitere,expand
donnas,donnas
lobster,lobster
kopilot,co-pilot
gequälte,tormented
r-zwo,r-zwo
geisterwelt,spirit world
sanne,Sanne
pancake,pancake
karens,Karen's
köstlicher,delicious
zugeschrieben,attributed
northumberland,Northumberland
chandier,changer
sammlerstück,collector's item
seiji,seiji
airways,airways
unbefugten,unauthorized
doge,doge
auflehnen,rebel
bitterer,bitter
geschaufelt,shoveled
jebediah,jebediah
drops,drops
gesichtszüge,facial features
hornblower,hornblower
schmitthenner,schmitthenner
tian,tian
zierde,ornament
künstlerischer,artistic
salons,salons
sterb,die
infusionen,infusions
reinigungsmittel,cleaning agents
konstruktiv,constructive
niederer,lower
zauberkünstler,magician
fotografierst,photograph
pfaffe,priest
kartoffelpüree,mashed potatoes
fussel,lint
constanze,Constanze
droh,threat
shepherds,shepherds
ausgeschnitten,cut out
hochzuheben,to lift
colvin,Colvin
stadthalle,town hall
machtlosen,powerless
geringem,low
judäa,Judaea
sadistische,sadistic
spontaner,spontaneous
zusammenschließen,join
surf,surf
bricks,bricks
unterzugehen,to perish
demolieren,demolish
guess,guess
angreifst,attack
michala,michala
rausschmiss,expulsion
comin,comin
zensuren,grades
blaise,Blaise
klingonenschiff,Klingon ship
punktet,scores
umweltschutz,environmental protection
angepackt,tackled
singleton,singleton
zachariah,Zachariah
kampfstil,fighting style
vollständiges,complete
superkräften,superpowers
fema,fema
sirs,sirs
normalisiert,normalized
resistance,resistance
parr,parr
hänger,trailer
verwelkt,withered
zitronensaft,lemon juice
aufräumt,cleans up
uneingeschränkte,unrestricted
zurückkamst,came back
graceland,Graceland
hingeführt,led
zerstörerische,destructive
kotzte,vomited
meehan,meehan
shame,shame
lebensgefährtin,life partner
karikatur,cartoon
kodai,kodai
quax,quax
verfilmt,filmed
dreyfus,Dreyfus
schreite,step
liane,liane
symmetrisch,symmetrical
dagesessen,sat there
hartmut,Hartmut
aufder,on the
revidieren,revise
jup,yup
lynly,lynly
säuferin,drunk
respektabel,respectable
shady,shady
schlafentzug,sleep deprivation
hinfällt,falls
barbra,barbra
schnapsidee,crazy idea
fahrzeugschein,vehicle registration document
karibu,caribou
boatwright,boatwright
beläuft,amounts to
anwählen,select
jugendfrei,suitable for all ages
eindrang,intrusion
unterkiefer,lower jaw
resistent,resistant
sandman,sandman
gegenseitiges,mutual
angelrute,fishing rod
feuchtes,damp
killmer,killmer
whenke,whenke
belastendes,stressful
korrespondent,correspondent
gilde,guild
hier.,here.
tatis,tatis
baywatch,Baywatch
highways,highways
keitel,Keitel
vierhundert,four hundred
schwerelos,weightless
mailer,mailer
pauly,Pauly
stocken,stall
10-jährigen,10-year-old
potsdam,Potsdam
aggressives,aggressive
fortging,departing
octave,octave
zöpfen,braids
fliegerei,aviation
rettungsring,lifebuoy
tash,tash
widersprüchliche,contradictory
verschlüsseln,encrypt
megans,megans
ángeles,ángeles
hodensack,scrotum
sycamore,sycamore
wolfsblut,wolf's blood
kürzliche,recent
noches,still
culebras,culebras
eingenistet,nested
00ffff,00ffff
fanatisch,fanatical
muff,muff
adal,adal
eisenbahnen,railways
festivals,festivals
vermint,mined
padischah,padishah
deutschem,German
puderzucker,powdered sugar
aufrechten,upright
wanderten,wander
schilddrüse,thyroid
teleportiert,teleported
angedreht,turned
dringe,urgent
merve,merve
staatlicher,state
dulcinea,dulcinea
schnüre,cords
abgeflogen,departed
sühnen,atonement
einzustehen,to stand up
effektivität,effectiveness
nasenlöcher,nostrils
elfmeter,penalty
clouds,clouds
royalle,royal
schlüssels,key
gefolgsmann,follower
regiments,regiments
arno,Arno
ansteigen,increase
schier,sheer
kanzlerin,chancellor
beweisaufnahme,Taking of evidence
galvin,Galvin
schriftstück,document
gewichst,masturbated
heiteres,cheerful
datas,data
kohler,Kohler
embryos,embryos
aufgedrängt,imposed
springsteen,springsteen
motorradunfall,motorcycle accident
verweist,refers
evergreen,evergreen
presseerklärung,press release
díaz,díaz
botaniker,botanist
wellness,wellness
fatah,fatah
heartbeat,heartbeat
grillfest,barbecue
schmiergelder,bribes
juniors,juniors
sabber,drool
magnifique,magnifique
erderwärmung,global warming
anlegestelle,landing stage
einliefern,deliver
zweigstelle,branch
d-day,d-day
weltliche,secular
moogie,moogie
schuluniform,school uniform
derlei,such
nikos,Nikos
seel,soul
adeligen,noble
telex,telex
minami,minami
ralston,ralston
nini,nini
shounen,shounen
videospielen,video games
raube,robbery
abonniert,subscribed
anbetet,worships
törichter,foolish
schulung,training
safran,saffron
neuestem,latest
palazzo,palazzo
schleierhaft,mysterious
kampfspuren,battle scars
einzahlungen,deposits
entmutigend,daunting
ishtar,ishtar
andren,other
hornissen,hornets
strömte,flowed
gruppensex,group sex
paiges,paiges
herzrasen,racing heart
unterstützend,supporting
kavaliere,cavaliers
gustaf,Gustaf
verkompliziert,complicated
unruhigen,restless
endzone,endzone
manipulierten,manipulated
sani,sani
demütigt,humble
bergdorf,mountain village
käufern,buyers
einhalb,half
escalade,escalade
landis,landis
nis,nis
geschiedenen,divorced
aue,floodplain
reinlässt,lets in
erbeben,tremble
schallwellen,sound waves
säufst,drink
luci,Luci
bedauerlichen,regrettable
weinkarte,wine list
pil,pil
schnüren,lace
likes,likes
sechsjährige,six-year-old
wiedereröffnung,reopening
jacobi,Jacobi
doria,doria
beliebtes,popular
grausige,gruesome
summ,sum
bendix,bendix
angeekelt,disgusted
bishops,bishops
apps,apps
gaspar,gaspar
gehirnwellen,brainwaves
nachzustellen,to recreate
kosteten,cost
notgroschen,emergency fund
tatbestand,facts
folgendem,the following
dupré,dupré
exzellentes,excellent
azur,azure
kumpanen,buddies
plünderungen,looting
wirksame,effective
stepford,Stepford
synonym,synonym
rosemonde,rosemonde
wagenladung,wagonload
rollschuh,roller skate
verlustes,loss
ono,ono
leidenden,suffering
stage,stage
kämm,comb
chuy,chuy
countrymusik,country music
daniele,Daniele
benachbarten,neighboring
regenschirme,umbrellas
ähnelte,resembled
vertraglich,compatible
geheimfach,secret compartment
thomson,thomson
piak,piak
schuhmacher,shoemaker
tragbaren,portable
aufhebt,cancels
spiritualität,spirituality
wunschliste,wish list
transportierte,transported
böhmen,Bohemia
minds,minds
kojima,Kojima
prothesen,prostheses
nordwärts,northwards
iona,Iona
machtwort,authoritative statement
vite,vite
rezian,rezian
lebhafter,lively
innings,innings
mundi,mundi
reanimation,resuscitation
mindesten,at least
euter,udder
jaden,jade
handtüchern,towels
droschke,cab
zylonische,Cylon
kohlkopf,cabbage
schrecklaut,terrifyingly loud
biowaffe,bioweapon
lannisters,Lannister's
heathers,heathers
kämme,combs
jemima,jemima
fortbringen,transport
cinema,cinema
fed,fed
kurios,curious
medizinschule,medical school
football-spiel,football game
vorspann,opening credits
antikes,antique
kopflose,headless
luftballon,balloon
commissario,commissario
vertun,waste
quayle,quayle
aljoscha,alyosha
eizelle,egg cell
anklagepunkt,charge
thronsaal,throne room
eisdiele,ice cream parlor
kellern,cellar
krokodilen,crocodiles
fortgelaufen,ran away
harsch,harsh
getratscht,gossip
zudrehen,turn it off
meggie,Meggie
sonnige,sunny
verzichtserklärung,waiver
riders,riders
leth,leth
unmittelbaren,immediate
durchgebrochen,broken through
greenleaf,greenleaf
daan,daan
slash,slash
anwerfen,start
autopanne,car breakdown
fahrschule,driving school
abgeleitet,derived
arav,arav
nogoro,nogoro
fernbeziehung,long-distance relationship
versuchsperson,test subject
blödeste,stupidest
tagelöhner,day laborers
vorzubeugen,to prevent
entschlossener,determined
tafelrunde,Round table
menstruation,menstruation
gros,large
anschieben,push
pigalle,pigalle
authentizität,authenticity
verführerin,temptress
huston,Houston
geschmacks,taste
rostov,Rostov
sabbath,Sabbath
zerronnen,vanished
genieren,embarrasse
bajonette,bayonets
gefall,like
faszinierte,fascinated
durchbrach,broke through
abgestumpft,dulled
aylin,aylin
blecha,blecha
chain,chain
vitalität,vitality
lauch,leek
thruster,thruster
tribbiani,tribbiani
véro,véro
maximalen,maximum
verhielten,behaved
translation,translation
aufzufrischen,to refresh
unauffälliger,less conspicuous
pepa,Pepa
geheimrezept,secret recipe
dido,dido
vorzeichen,sign
umzugswagen,moving van
stromleitungen,power lines
terran,terran
empfindlicher,sensitive
geklatscht,clapping
geek,geek
zivilisierter,civilized
allemann,everyone
brutstätte,hotbed
aufträgen,orders
vi.,vi.
körperwärme,body heat
hoh,hollow
stränden,beaches
gehenlassen,let go
rumänen,Romanians
operandi,operandi
duvall,duval
gegnerin,opponent
reality-show,reality show
ruinier,ruin
schrubbe,scrub
ex-ehemann,ex-husband
rickie,Rickie
meinungsfreiheit,freedom of expression
döner,döner
hofnarr,court jester
diözese,diocese
offensichtlicher,obvious
marianna,Marianna
einsacken,bag
bestialisch,bestial
rmã,rmã
dassey,dassey
tulse,tulse
scheißladen,shithole
silbernes,silver
julián,Julián
erhebst,raises
dealst,dealst
lebenswichtigen,vital
unbewaffnete,unarmed
gemixt,mixed
frederica,Frederica
fristen,deadlines
frühjahrsputz,spring cleaning
sock,sock
susannah,Susannah
rough,rough
semiramis,Semiramis
variation,variation
goo,goo
entsetzliches,horrific
dörrfleisch,dried meat
legba,legba
rosengarten,rose garden
manege,circus ring
bindeglied,connecting link
mitgearbeitet,collaborated
akio,akio
waco,waco
eingekesselt,surrounded
concha,concha
stromquelle,power source
tosca,Tosca
vorbildlicher,exemplary
schussbahn,shooting trajectory
verführe,seduce
aufhältst,stay
rückhalt,support
krebsgeschwür,cancerous tumor
iwo,iwo
liebesszene,love scene
schiefen,slant
bedeutungslosen,meaningless
variieren,vary
speiseplan,menu
junko,junko
geräts,device
barbas,barbas
alys,alys
clarkes,Clarkes
zusammengestoßen,collided
wehte,blew
rüberkommt,comes across
weltberühmt,world famous
schürhaken,poker
facharzt,specialist
großbuchstaben,capital letters
schöpfers,creator
mulch,mulch
mitteilt,informs
gómez,gómez
versprochenen,promised
pfuschen,botch
rhetorisch,rhetorical
überlieferung,tradition
bestehende,existing
zeigtest,showed
netzhaut,retina
visor,visor
eingeschneit,snowed in
mayla2012,mayla2012
besticht,captivates
regelmäßiges,regular
anrufliste,call list
bonny,bonny
clinch,clinch
couchtisch,coffee table
philibert,Philibert
gefällts,likes
sharpe,Sharpe
hindernissen,obstacles
halteverbot,no stopping
milano,Milano
baumstämme,tree trunks
simsalabim,simsalabim
whitlock,Whitlock
episch,epic
zustimmte,agreed
rarität,rarity
pru,pru
jamies,jamies
armreif,bracelet
kindersitz,child seat
zielgeraden,home straight
heidelberg,Heidelberg
margeir,Margeir
klapperschlangen,rattlesnakes
geschäftspartnerin,business partner
sly,sly
hle,hle
quinns,Quinns
combo,combo
kakteen,cacti
vergast,gassed
danko,Danko
operativ,surgical
moderiert,moderated
angstlaute,sounds of fear
fring,fring
erdolcht,stabbed
sle,sle
aufschneider,show-off
gannon,gannon
fehlgeleitet,misguided
latina,Latina
scheußlicher,hideous
faa,faa
reddle,reddle
lügnern,liars
todfeind,mortal enemy
midas,Midas
mitteilte,announced
schalteten,switched
nachmittage,afternoons
knattern,rattling
sobel,sobel
geblockt,blocked
trap,trap
überflüssigen,superfluous
unmöglichkeit,impossibility
erhoffte,hoped
wampe,belly
stromstoß,electric shock
wham,wham
umsorgt,cared for
ausschreiben,tender
mahagoni,mahogany
jahrelanger,years
haggerty,haggerty
crocodile,crocodile
canton,canton
lenker,handlebars
doofer,stupid
ergebene,devoted
fragliche,questionable
attentäterin,female assassin
ottos,Otto's
jeffersons,Jefferson's
schuhcreme,shoe cream
mucke,mosquito
geheimbund,secret society
tachykardie,tachycardia
katastrophalen,catastrophic
geologe,geologist
rosebud,rosebud
siringo,siringo
väterliche,paternal
mutterland,motherland
kreuzungen,intersections
schmerzerfüllt,painful
fügten,added
mordverdächtigen,murder suspect
fuego,fire
ginas,Gina's
schwalben,swallows
eintracht,Eintracht
carpe,carpe
angeflogen,flown in
klavierspielen,play the piano
mordmotiv,motive for murder
anfahren,start
weiß.,white.
kandahar,Kandahar
zufügt,adds
kartells,cartels
reaktoren,reactors
türgeräusch,door noise
vaterlandes,fatherland
pippa,Pippa
hinkomme,how to get there
ehrgefühl,sense of honor
bedeutungen,meanings
garnett,garnet
frauenhaus,women's shelter
saffron,saffron
jeopardy,jeopardy
gr,gr
schonungslos,ruthless
eisbeutel,ice pack
whitley,Whitley
weapon,weapon
bimmeln,ringing
fernzubleiben,to stay away
heilbutt,halibut
levon,levon
julianne,Julianne
jabbar,jabbar
kindergeschrei,children's cries
impulskraft,impulse force
milli,milli
schippe,shovel
sicherheitsabteilung,security department
bienchen,little bee
twins,twins
jervis,jevis
schuldscheine,promissory notes
warja,warja
verblendet,deluded
mardon,Mardon
reader,reader
jeeter,jeeter
alsbald,soon
piè,piè
urteilst,judge
lieblingssendung,favorite show
zugenagelt,nailed shut
expertise,expertise
louisville,Louisville
anno2512,anno 2512
attention,attention
schulmeister,schoolmaster
fünfjährige,five-year-old
kerne,kernels
fancie,fancie
admirals,admirals
zehe,toe
anstecker,pin
beherrschten,mastered
hubble,Hubble
voraussicht,forecast
saphir,sapphire
bürokrat,bureaucrat
monitoren,monitors
wildhüter,gamekeeper
zuließ,allowed
schläfen,sleep
galway,Galway
reiseziel,destination
nachzujagen,to chase
vorangeht,preceding
rudere,row
kurdisch,Kurdish
danas,danas
lotse,pilot
carols,Carols
witzbolde,jokers
defcon,defcon
kusanagi,kusanagi
schutzanzug,protective suit
kolossal,colossal
provozier,provoke
heerführer,military leader
gencoin,gencoin
zahlende,paying
ladentisch,counter
nachbarschaftswache,neighborhood watch
bindend,binding
putzfrauen,cleaning ladies
leisen,quiet
fosters,fosters
ausgeblutet,bled out
peterman,Peterman
staubigen,dusty
fischfutter,fish food
besäufnis,drunkenness
versprühen,spray
würzen,season
verbale,verbal
bim,bim
lissy,Lissy
gesalbt,anointed
isolierte,isolated
modellen,models
bewähren,prove their worth
möbelpacker,furniture movers
abartigen,deviant
wortspiele,wordplay
enkelkindern,grandchildren
eingeborenensprache,native language
lusche,loser
elementar,elementary
mäht,mows
auslässt,omits
fahnenmast,flagpole
braust,roars
delenn,delenn
befremdlich,strange
kniff,trick
reingeschaut,I looked inside
verträumt,dreamy
neunzig,ninety
lives,lives
faust-sama,Faust-sama
silverman,silverman
naylor,naylor
todds,Todds
kanye,Kanye
überwältigenden,overwhelming
ridgeway,ridgeway
interner,internal
fiedel,fiddle
hartem,hard
hoffnungsvolle,hopeful
nygma,nygma
verzählt,miscounted
teammitglied,team member
aaa,aaa
transformator,transformer
rosalind,Rosalind
ausfallend,abusive
idiotisches,idiotic
lochs,holes
lka,lka
blütezeit,flowering period
hüterin,guardian
strolchi,Strolchi
spielball,ball
humanitären,humanitarian
durchzuschneiden,to cut
auszuleben,to live out
koriander,coriander
miststücke,bastards
einsatzbefehl,deployment order
unsichere,uncertain
mehrfachen,multiple
verseuchten,contaminated
ex-knacki,ex-convict
designierte,designated
cammy,cammy
torvald,Torvald
gerückt,moved
uhu,owl
airforce,Air Force
kyi,kyi
medlock,medlock
protestant,Protestant
cooley,cooley
lisette,Lisette
exposé,expose
butterbrot,buttered bread
ohrringen,earrings
scanlon,scanlon
eingebildeten,imagined
verwirrst,confuses
kostbarste,most precious
maloney,maloney
kutter,cutter
presidente,presidents
maison,maison
richterlichen,judicial
sekou,sekou
unwissentlich,unknowingly
humvee,Humvee
bilderrahmen,picture frames
ott,ott
hinzulegen,to lay down
eyeliner,eyeliner
crook,crook
halfst,helped
sedativum,sedative
örtchen,small town
kursänderung,course change
p.j.,p.j.
verhütungsmittel,contraceptives
wine,wine
immense,immense
himalaja,Himalayas
hamel,Hamel
yuka,yuka
einarbeiten,integrate
basketballspieler,basketball player
gesülze,drivel
nischt,nothing
fortescue,fortescue
gleichwertig,equivalent
dennison,Dennison
verdana,verdana
verbundene,associated
finanzielles,financial
mageren,lean
verschüttete,spilled
hosenstall,fly
two-face,two-face
glaser,glazier
generaloberst,Colonel general
rothaarig,redhead
entdeckst,discover
zo,zo
rubio,rubio
talmud,Talmud
gummiband,rubber band
selbstredend,self-evident
üppige,lush
lf,lf
bermuda,Bermuda
heiligste,holiest
kham,kham
bedienungsanleitung,user manual
bestehenden,existing
14-jährige,14-year-old
intelligenteste,most intelligent
abnimmst,you lose weight
murder,murder
luo,luo
methodisch,methodically
amazone,Amazon
throne-tier,throne animal
schleudersitz,ejection seat
maßstäben,scales
bewundernswerte,admirable
lieblingssohn,favorite son
niggas,niggas
pixel,pixel
ausgebrütet,hatched
weasley,Weasley
gefälschter,fake
bekannteste,most well-known
zusammenzuziehen,to move together
ehrlichste,most honest
überdenke,reconsider
forestier,forester
aufkriegen,get it open
stadtmauern,city ​​walls
gastronomie,gastronomy
pennington,Pennington
naquadria,naquadria
mor,more
gedenkgottesdienst,memorial service
newcastle,Newcastle
ungereimtheiten,inconsistencies
unlängst,recently
porters,porters
menschengestalt,human form
ä,a
vetternwirtschaft,Nepotism
denunziert,denounced
heiko,Heiko
testfahrt,test drive
verlockung,enticement
verna,Verna
nachzuahmen,to imitate
vernachlässigte,neglected
spaz,spa
verpfeife,rat them out
vergreift,escalates
pathologen,pathologists
tschechischen,Czech
s01e08,s01e08
fahrlässige,negligent
kampfmaschine,fighting machine
anhöre,listen
privatflugzeug,private jet
dämonin,demoness
verfeinern,refine
mikroskopisch,microscopic
kloake,sewer
unfreiwillig,involuntarily
erdkunde,geography
informierten,informed
spin,spin
burroughs,Burroughs
jurek,jurek
liddell,Liddell
pleasant,pleasant
s02e01,s02e01
schrittmacher,pacemaker
anatole,Anatole
broccoli,broccoli
albernheiten,silliness
erkranken,become ill
erzielte,achieved
glücklichsein,to be happy
rechtsprechung,jurisprudence
tanzunterricht,dance lessons
sortiment,range
colum,column
königinmutter,queen mother
eigelb,egg yolk
intimsten,most intimate
kermie,kermie
gepflogenheiten,customs
verschroben,cranky
schlichtes,simple
alphas,alphas
magellan,Magellan
stattfanden,took place
misslungen,failed
incorporated,incorporated
angesehensten,most respected
mcgraw,mcgraw
audra,audra
spieße,skewers
jimenez,Jimenez
urteils,judgment
befähigt,enables
sicherheitsteams,security teams
eindrucksvolle,impressive
shanes,Shanes
gaviria,gaviria
layout,layout
rack,rack
jennas,Jenna's
fingst,you
krull,Krull
pluspunkt,plus point
piscatella,Piscatella
hergehört,listened
flaggschiff,flagship
thermoskanne,thermos flask
vitus,Vitus
auszutragen,to carry out
milligan,milligan
aussperren,lock out
visconti,Visconti
tapferkeitsmedaille,medal for bravery
cowboyhut,cowboy hat
corvax,corvax
operationsbasis,base of operations
weihnachtskarten,Christmas cards
telefonierten,phoned
wildfremden,complete strangers
tigerin,tigress
ansichtssache,It's a matter of opinion.
dadrin,in it
fußnote,footnote
bamford,bamford
cravat,cravat
japst,gasps
mitchells,Mitchell's
quicklebendig,lively
kaltblütige,cold-blooded
imposant,impressive
aufleuchten,light up
uzi,Uzi
alarmiere,alert
volksarmee,People's Army
bluthunde,bloodhounds
troubadour,troubadour
niederträchtigen,despicable
apocalypse,apocalypse
lesters,Lesters
zweifelsfall,In case of doubt
leiteten,led
raubmord,robbery-murder
lastwagenfahrer,truck driver
schaben,scrape
aufschnitt,cold cuts
kissinger,Kissinger
klebrigen,sticky
telepathen,telepaths
gewaltsames,violent
servier,serve
unechten,fake
ausspreche,pronounce
vulkaniern,vulcanize
nagelneuen,brand new
vorangekommen,progress
pinkerton,pinkerton
nyx,nyx
schlendern,stroll
sm,sm
zerbrichst,break
ausgedient,obsolete
getappt,tapped
peso,peso
allwissend,omniscient
ackern,plow
gewittert,thunderstorm
mitnichten,Not at all
regenwasser,rainwater
meera,Meera
polizeiakademie,police academy
f.b.i.,f.b.i.
schwebst,floating
traditioneller,traditional
herzelinde,Herzelinde
dunkelste,darkest
krankenhausbett,hospital bed
dazusetzen,add
verfärbt,discolored
abgesoffen,drowned
banion,banion
unbekanntem,unknown
wichst,masturbates
schaufelt,shovels
anrücken,approach
rumgeknutscht,made out
bodie,bodie
chefetage,executive floor
überzeugungskraft,persuasiveness
mistviecher,pests
stimmungen,moods
verhökert,sold off
einundzwanzig,twenty-one
verkohlen,char
weggejagt,chased away
zunahme,increase
tombstone,tombstone
widersprichst,you contradict
kriterium,criterion
konstitution,constitution
verdorbenes,spoiled
postet,posts
bic,bic
mitgehe,come along
ansprichst,address
aime,aime
riga,Riga
augusto,Augusto
defiance,defiance
stew,stew
gefürchteten,dreaded
muerte,death
bestandsaufnahme,Inventory
dreister,brazen
affekt,affect
aufgeblüht,blossomed
huck,huck
transportschiff,transport ship
suggeriert,suggests
rostow,Rostov
ausschusses,committee
monks,monks
einfängt,captures
halil,Halil
wegzuschaffen,to remove
carli,carli
herumgekommen,got around
führerin,female leader
fernfahrer,truck driver
sommerlager,summer camp
moonlight,moonlight
gewunken,waved
glassplitter,glass shards
unerlaubte,unauthorized
hamdi,hamdi
faselt,rambles
liebkosen,caress
nullmaterie,null matter
asuka,asuka
target,target
stürz,fall
schreiberling,scribbler
berichtest,report
feathers,feathers
feuerwasser,firewater
undichten,leaking
enter,enter
menschenkenner,People person
toxine,toxins
brutkasten,incubator
geschildert,described
auslagen,expenses
einzutreiben,to collect
mangas,manga
juchhu,hooray!
fluchtgefahr,risk of flight
hörsaal,lecture hall
baek,bake
aufbrach,set off
beduinen,Bedouins
stofftier,stuffed animal
lui,lui
decima,decima
wahnsinniges,insane
skaara,skaara
lohengrin,Lohengrin
befahren,drive
signalhorn,bugle
geldmittel,funds
draculas,Dracula
zylonischen,Cylon
disa,disa
heuert,hires
vernichteten,destroyed
frame,frame
blutrünstig,bloodthirsty
originalität,originality
geldverdienen,earn money
nachttopf,chamber pot
belastungsstörung,stress disorder
boyce,boyce
kacka,poop
hak,hak
friseuse,hairdresser
eingewöhnt,acclimated
adoptierten,adopted
sopran,soprano
monogam,monogam
vorzutragen,to present
camel,camel
bandwurm,tapeworm
rasender,raging
precrime,precrime
bespricht,discusses
hängten,hung
godric,godric
morbus,morbus
signals,signals
greenhorn,greenhorn
kultivierte,cultivated
angola,Angola
desiree,desiree
ödipus,Oedipus
benachteiligt,disadvantaged
disziplinarverfahren,disciplinary proceedings
stiefbruder,stepbrother
zurschaustellung,display
roussel,roussel
sok,sok
einquartiert,quartered
alpträumen,nightmares
paw,paw
degas,degas
untergangs,downfall
lobte,praised
administration,administration
microsoft,Microsoft
kästen,boxes
6-mal,6 times
hume,hume
kläffen,barking
umwerfenden,stunning
dutchman,Dutchman
benachrichtigung,notification
wimperntusche,mascara
samstagnacht,Saturday night
mullen,mullen
auspusten,blow out
trumps,Trump's
ersehnte,longed-for
gefeit,immune
heucheln,hypocritical
wibbel,wiggle
blender,blender
rendite,return
verziehst,You spoil
arbeitslosengeld,unemployment benefit
sepsis,sepsis
brakebills,brakebills
engagierter,dedicated
bemessen,measure
gebraut,brewed
einschussloch,bullet hole
martys,marty's
sprinkler,sprinkler
trilogie,trilogy
gutenachtgeschichte,bedtime story
hafenmeister,harbor master
fleet,fleet
drums,drums
murren,murmur
dylans,Dylan's
dynamic,dynamic
schober,schober
geröll,scree
nisten,nest
kinney,kinney
gaalan,gaalan
devin,devin
charlton,Charlton
chronischen,chronic
randalls,Randall's
geklammert,clamped
jovan,Jovan
reinbitten,invite in
arastoo,arastoo
erstrahlt,shines
harrow,harrow
farms,farms
edgars,Edgar's
ragt,protrudes
weiterkomm,move on
sonderausgabe,special edition
ausgewandert,emigrated
versagens,failure
tiefkühltruhe,deep freezer
hiv-positiv,HIV-positive
bezeuge,testify
cottle,cuttle
hungernde,starving
pfarrei,parish
zeitzone,time zone
verweigerung,refusal
ruhigstellen,calm down
wirren,confused
newlin,newlin
katalogisieren,catalog
errichteten,erected
startsequenz,start sequence
stahlwerk,steelworks
landarbeiter,farm worker
gizmo,gizmo
gennà,gennà
boxenstopp,pit stop
oberfeldwebel,sergeant
notstrom,emergency power
archy,archy
bindest,bind
todeskampf,death struggle
hippo,hippo
eiskönigin,Frozen
vierteln,quarter
spots,spots
newtons,Newton's
nackig,naked
rook,rook
erbricht,vomits
quetscht,squeezes
abzuschleppen,tow
uneins,disagree
liras,liras
ungehörig,outrageous
begriffsstutzig,slow to understand
missliche,unfortunate
mägde,maids
verrotte,rot
riesenhunger,huge hunger
beschwingt,lively
wallenstein,Wallenstein
brandwunden,burn wounds
vlies,fleece
durchgesickert,leaked
warn,warn
location,location
heureka,eureka
bekämst,you would get
entladung,discharge
brüchig,brittle
andauernde,ongoing
modak,modak
umrisse,outlines
kappt,cuts
sternschnuppen,shooting stars
monden,moons
kontinents,continent
zaubers,magic
schmuckkästchen,jewelry box
menschenmögliche,humanly possible
magnete,magnets
gesponnen,spun
says,says
margret,Margret
christines,Christine's
automatischer,automatic
angelhaken,fishing hook
parzelle,plot
schreibfehler,typo
luftfahrt,aviation
doughnut,doughnut
solly,solly
erkämpft,fought for
klingonischer,Klingon
amtierender,incumbent
kaffeebecher,coffee mug
silvana,Silvana
andauernden,ongoing
beschütz,protect
klavierunterricht,piano lessons
verschleudert,squandered
ginn,ginn
leger,casual
cordell,cordell
amyas,Amyas
geteilte,shared
punchy,punchy
quai,quay
zurückgibst,return
zweitgrößte,second largest
frobisher,frobisher
rallye,rally
weichteile,soft tissues
hightower,hightower
anstalten,institutions
zwieback,zwieback
stöhnend,groaning
está,está
ökonomischen,economic
fortgeführt,continued
erkämpfen,fight for
austauschbar,interchangeable
spinnerin,spinner
auszuarbeiten,to develop
lastenaufzug,freight elevator
masten,masts
widerstanden,resisted
fehlfunktionen,malfunctions
würzig,spicy
galerien,galleries
fournier,fournier
zukunftspläne,future plans
zugedrückt,pressed down
trüge,deceptive
frikadellen,meatballs
billigem,cheap
ladefläche,loading area
trog,trough
ärztlicher,medical
boykottieren,boycott
dichters,poet
wielange,how long
eingefordert,demanded
vertragsbruch,breach of contract
handelsabkommen,trade agreement
sozialstunden,community service
mutt,mutt
lamas,llamas
furchterregende,terrifying
schwips,tipsy
abtransport,removal
lucretia,Lucretia
hlen,hlen
canaan,canaan
profiler,profiler
gazpacho,gazpacho
kirre,crazy
pfarrers,pastor
zeitungsjunge,newspaper boy
außenhülle,outer shell
pussies,pussies
doofes,stupid
absolvent,graduate
repräsentantenhaus,House of Representatives
atul,atul
niedermachen,put down
leno,leno
yuria,yuria
paff,puff
fanclub,fan club
sheen,sheen
verschlossener,sealed
trader,trader
kraftstoff,fuel
narzissmus,narcissism
kumar,Kumar
martinshorn,siren
anbricht,dawns
hinfahre,go there
ambiente,ambiente
urmel,Urmel
días,days
aufschauen,look up
hotelbar,hotel bar
heiligsten,holiest
üppigen,lush
u2,u2
hirns,brains
rebellischen,rebellious
homes,homes
highlander,Highlander
tector,tector
mütterliche,maternal
blödheit,stupidity
leander,Leander
unterschieden,distinguished
bürgerpflicht,civic duty
keppler,Keppler
southside,southside
pinglet,pinglet
täuschungen,deceptions
abgeschreckt,deterred
ausspülen,rinse
kollektiven,collective
bakshi,bakshi
gestreikt,went on strike
kursen,courses
zurückgestellt,postponed
überspannt,overstretched
radioaktives,radioactive
dizzy,dizzy
fiktiv,fictitious
verbessere,improve
gasmaske,gas mask
sicherheitsalarm,security alarm
winner,winner
anagramm,anagram
micawber,micawber
namenlos,nameless
rosy,rosy
preiselbeeren,cranberries
verleugne,deny
speisekarten,menus
unehrlichkeit,dishonesty
clays,clays
natalja,Natalja
söldnern,mercenaries
skunk,skunk
soze,soze
beantwortete,answered
tätowierte,tattooed
brösel,crumbs
fluchtwege,escape routes
sigi,Sigi
umprogrammieren,reprogram
mixt,mix
folgsam,obedient
nomen,noun
peppi,peppi
lazy,lazy
thora,Thora
dal,dal
jüngern,younger
vittoria,Vittoria
bürgschaft,guarantee
qualifizierter,qualified
borneo,Borneo
funktionierendes,functioning
zugedreht,turned off
ls,ls
schimmert,shimmers
wiedergabe,reproduction
diamonds,diamonds
comment,comment
kopfschmuck,headdress
comfort,comfort
türschloss,door lock
ausgemustert,discarded
kamil,Kamil
niedergemacht,destroyed
stabilisatoren,stabilizers
copper,copper
finalisten,finalists
protokolliert,logged
good-bye,Goodbye
bistja,You are
mathematischen,mathematical
rotznasen,runny noses
tracks,tracks
vorsorge,preventive care
toomey,toomey
überbrückung,bridging
krisensitzung,crisis meeting
geistesblitz,flash of inspiration
scheuklappen,blinders
sprint,sprint
prom,prom
beschaffung,procurement
loo,loo
lüstern,lustful
sprachrohr,mouthpiece
jolinar,jolinar
einzuschränken,to restrict
lizenzen,licenses
entschlüsselung,decryption
neueren,newer
kläfft,barks
xy,xy
ak-47,AK-47
tobruk,Tobruk
franklins,franclins
sadler,Sadler
reinlegt,is fooling
leaf,leaf
ergibst,yields
kitten,kitten
unbequeme,uncomfortable
bleichgesichter,palefaces
aufgeholt,caught up
loskommen,get away
anschlüsse,connections
schreienden,screaming
eigentümerin,owner
heckt,hatches
portman,Portman
macon,macon
klingonisch,Klingon
kurzgeschlossen,short-circuited
verschrottet,scrapped
narbengewebe,scar tissue
unabhängiges,independent
mittleres,medium
ersteigert,auctioned
johs,John
lovett,lovett
patentieren,patent
hirni,brain
naiver,naive
mutterinstinkt,maternal instinct
wiederauferstehen,resurrect
atomraketen,nuclear missiles
ankamst,arrived
erzdiözese,archdiocese
bain,bain
griffins,griffins
zusammenpasst,fits together
jehova,Jehovah
golfball,golf ball
zana,Zana
tibbs,tibbs
dienstfrei,off duty
sanni,sanni
evolet,evolet
percys,Percy's
angefragt,requested
durchgedrungen,penetrated
makellosen,flawless
firestorm,firestorm
nachforschung,investigation
shangri-la,shangri-la
loved,loved
longworth,longworth
ehrgeizigen,ambitious
stockdunkel,pitch black
paganini,Paganini
vergütung,compensation
haarbürste,hairbrush
goldenem,golden
diensthabenden,on duty
tötungen,killings
totti,totti
akustische,acoustic
hirnlose,brainless
tars,tars
galra,galra
vermittle,mediate
türrahmen,door frame
planchet,planchet
anketten,chain
humpty,humpty
aufenthaltsgenehmigung,residence permit
medizinstudenten,medical students
charon,charon
bezeichnest,designate
kraus,curly
wal-mart,Walmart
ausmerzen,eradicate
zugeknallt,slammed shut
mutmaßungen,speculations
ringfinger,ring finger
chameleon,chameleon
emblem,emblem
streifenhörnchen,chipmunk
rausspazieren,go for a walk
ater,older
rums,rums
barista,barista
geologen,geologists
degra,degra
konsens,consensus
höllenhunde,hellhounds
genna,genna
souvenirladen,souvenir shop
plündert,plunders
rileys,Riley's
o-saft,orange juice
presto,presto
einschaltet,turns on
worthington,worthington
beobachtungsposten,observation post
pee-wee,pee-wee
präsentierteller,presentation plate
durchsprechen,discuss
erzieherin,educator
entlohnen,pay
bogotá,bogotá
kürbiskuchen,pumpkin cake
verantwortungsvoller,responsible
verwechselte,confused
zischl,zischl
sportlichen,sporting
gründerin,founder
calle,calle
zogst,pulled
normalisieren,normalize
bestechungsgelder,bribes
insektenspray,insect spray
mundtot,silenced
geldscheine,banknotes
vesper,vesper
constantin,Constantin
piccadilly,Piccadilly
überzeugter,convinced
xanadu,xanadu
anzuregen,to encourage
vollzieht,completes
augustin,Augustin
übermaß,excess
gilliam,gilliam
verschwitzten,sweaty
osmanischen,Ottoman
aufeinandertreffen,meet
naiven,naive
nüchternheit,sobriety
thibault,thibault
abschlussprüfungen,final exams
aufständische,insurgent
michal,Michael
entgegenstellen,oppose
anfängen,begin
taipeh,Taipei
fork,fork
amnesty,Amnesty
bliebst,stayed
joakim,joakim
montrose,montrose
derbe,coarse
gesundheitliche,health
search,search
mignon,mignon
raffi,Raffi
überwachst,monitored
göttinnen,goddesses
mangelhaft,inadequate
lothringen,Lorraine
befangenheit,bias
ventress,ventress
huf,hoof
riddler,Riddler
kreditwürdigkeit,credit-worthiness
kolya,kolya
streichermusik,string music
dna-spuren,DNA traces
schönheitskönigin,beauty queen
bezeichneten,designated
flugzeuges,aircraft
silverado,silverado
mikkel,mikkel
zerzaust,disheveled
beiboot,dinghy
entourage,entourage
unwiderstehliche,irresistible
chatswin,chatswin
schuldeingeständnis,Admission of guilt
jette,jette
wendt,wendt
trittbrettfahrer,opportunists
dreifaches,triple
payton,payton
körperfunktionen,bodily functions
stadträte,city ​​councilors
umkehr,reversal
reederei,shipping company
kandidatinnen,female candidates
durchschlafen,sleeping through the night
push,push
geheimhalten,Keep secret
liefer,delivery
magi,magic
salisbury,Salisbury
gepolter,thumping
windrichtung,wind direction
klingende,sounding
centurio,centurion
laughlin,laughlin
desertieren,desert
trenchcoat,trench coat
finish,finish
beurlauben,leave of absence
kojak,kojak
annähern,approach
kleidchen,dress
cowan,cowan
offensiv,offensive
kuala,Kuala
schals,scarves
abstrakte,abstract
linguchon,linguchon
hofdamen,ladies-in-waiting
missbilligen,disapprove
zurückziehe,withdraw
techno-musik,techno music
verseuchung,contamination
higher,higher
reichstag,Reichstag
kribbelig,tingly
schnappschuss,snapshot
maréchal,marshal
stampft,stamps
uuh,ooh
firmament,firmament
tanzstunde,dance lesson
verwirrende,confusing
hedgefonds,hedge funds
ocho,ocho
kartenhaus,house of cards
stillt,breastfeeding
pazifischen,Pacific
giftspritze,poison injection
riesenparty,huge party
zudröhnen,to blast
wiederbringen,recover
enthüllte,revealed
rubens,Rubens
lemur,lemur
halbmond,crescent moon
verfälscht,distorted
derzui,derzui
zurückzukriegen,to get it back
shakaar,Shakaar
anleitungen,instructions
blakely,Blakely
hüpfburg,bouncy castle
besorgniserregend,worrying
sicherheitspolizei,security police
scoob,scoob
neutralität,neutrality
adelige,noble
floty,floty
übertönen,drown out
klackern,clacking
sweater,sweater
seuchenschutzbehörde,disease control authority
blanken,blank
leichteres,lighter
sprichwörtlich,proverbial
irrtümer,errors
ritterlich,chivalrous
kusch,shush
geheimcode,secret code
typs,types
zunähen,sewing it up
abschleppdienst,towing service
steigende,rising
colada,colada
stund,hour
matsuko,matsuko
ausflippst,freak out
unterhaltszahlungen,alimony payments
umkamen,died
firmenpolitik,company policy
hausherrin,landlady
inschallah,God willing!
latham,Latham
hoboken,hoboken
erprobt,tested
ersaufen,drown
kommilitonen,fellow students
spaßige,fun
mcclure,McClure
emanzipation,emancipation
turning,turning
stallbursche,stable boy
männlein,male
absieht,anticipates
fertigmacht,finishes
mangelnder,lack of
ankleiden,dress
geprellt,defrauded
tubus,tube
schürt,fuels
stromkabel,power cable
weggerissen,torn away
versprüht,sprays
kazumi,Kazumi
fälschlich,erroneously
hingeworfen,thrown down
treville,Treville
kyuzo,kyuzo
bezüge,references
gesell,social
streitsüchtig,quarrelsome
züchte,breed
ungleich,unequal
zauberers,magician
hypnotiseur,hypnotist
dannen,then
durchwahl,extension
vergnügens,pleasure
betrinke,get drunk
übermittlung,transmission
ältestenrat,council of elders
nachgucken,check
marriott,Marriott
vermasselte,botched
jonni,jonni
schauspielunterricht,acting lessons
gunmar,gunmar
plädiere,I plead
ankurbeln,boost
verschleppen,to abduct
lockdown,Lockdown
forsche,research
diakon,deacon
unverkennbar,unmistakable
devils,devils
evangeline,Evangeline
teebeutel,teabag
vertretbar,justifiable
babysachen,baby clothes
friedensstifter,peacemaker
durchschnitten,average
kir,kir
doller,doller
jenner,Jenner
kalibers,calibers
achtmal,eight times
engere,closer
kampagnen,campaigns
instabilen,unstable
verlässlichen,reliable
gap,gap
sabata,sabata
boxe,box
erdbeer,strawberry
eheleute,married couple
spukhaus,haunted house
verhaftest,arrest
nagut,Okay
irakische,Iraqi
rayborn,Rayborn
gegebenheiten,circumstances
bedrohlicher,threatening
mmmm,mmmm
schwindsucht,consumption
fischmarkt,fish market
kragenweite,collar size
kala,kala
abrasieren,shave
yonkers,yonkers
kinderbetreuung,childcare
peitscht,whips
hintreten,step
festhältst,hold on
angle,angle
kanonenboot,gunboat
rotzbakke,snot
aufzuschneiden,to cut
traktoren,tractors
psychospielchen,mind games
tauchgang,dive
eingraben,bury
fettigen,greasy
taubert,taubert
salander,Salander
übelnehmen,take offense
gentry,gentry
fertigwerden,finish
svartman,svartman
kindererziehung,child rearing
rumspricht,Word gets around
naqahdah,naqahdah
efeu,ivy
illia,illia
unterrock,petticoat
koitus,coitus
lisi,lisi
begründete,justified
ponce,Ponce
entgegenzutreten,to oppose
fütterung,feeding
partikeln,particles
vorsätze,resolutions
schwächeanfall,fainting spell
süßwarenladen,confectionery shop
keisha,keisha
hüpfte,jumped
überreaktion,overreaction
liegenbleiben,to lie down
umzuwandeln,to convert
verhexen,hex
nathans,Nathan
argwohn,suspicion
attraktionen,attractions
cowgirl,cowgirl
höchstbietenden,highest bidder
mcmahon,mcmahon
plauderei,chat
recherchierte,researched
erschießung,shooting
lächele,smile
blutsbrüder,blood brothers
ausreißerin,runaway
brautstrauß,bridal bouquet
verwicklung,involvement
abzuschrecken,to deter
relikte,relics
ansprachen,address
erwird,he will
perimeter,perimeter
bedauernswerten,regrettable
blossoms,blossoms
glitzernden,glittering
monroes,Monroes
wasserbomben,water balloons
mosambik,Mozambique
genovien,Genoa
miserablen,miserable
lächerlichste,most ridiculous
cord,cord
herzblut,heart and soul
sängerinnen,singers
verwettet,bet
bärbel,Bärbel
verletzlichkeit,vulnerability
besessenen,possessed
kleist,Kleist
unterteilt,subdivided
ausschreibung,tender
preußischen,Prussian
enterben,disinherit
lebensabend,old age
runterkommst,come down
erschütterte,shook
ukrainer,Ukrainians
symphony,symphony
elyse,elyse
jugendgefängnis,juvenile prison
dagestanden,stood there
sicherheitskontrolle,security check
belladonna,belladonna
wirkstoff,active ingredient
stoßdämpfer,shock absorber
vergewaltige,rape
vorbereiteten,prepared
stockt,stalls
boz,boz
daiquiri,daiquiri
verrücktheiten,Madness
ungeliebt,unloved
moderieren,moderate
huxley,Huxley
farn,fern
kühlung,cooling
salazars,Salazar's
brunt,brown
flunder,flounder
marktes,market
bälger,brats
baran,baran
herausragend,outstanding
herumzuschnüffeln,to snoop around
nobby,nobby
schlappe,limp
franchise,franchise
bradbury,Bradbury
richy,richy
unaufrichtig,insincere
blutrünstigen,bloodthirsty
biggie,Biggie
lallend,slurring
beigeben,add
einrahmen,frame
krister,Krister
gelegentliche,occasional
shamoto,shamoto
shizuku,shizuku
matterhorn,Matterhorn
abwirft,throws
shishio,shishio
bedrohliches,threatening
ewigem,eternal
fever,fever
römisches,Roman
zitierte,quoted
teenagerin,teenager
seemänner,sailors
barometer,barometer
entspringen,originate
modisch,stylish
lille,Lille
föderationsschiff,Federation ship
vorbehalt,reservation
globaler,global
seany,seany
sprechgesang,spoken word
massagesalon,massage parlor
anzeigetafel,scoreboard
fatty,fatty
steckdosen,electrical sockets
hock,hock
eingehüllt,wrapped
poldi,poldi
gefrorenes,frozen
abenteuerlich,adventurous
rumzuspielen,to mess around
reinkriegen,get it in
angerempelt,bumped
kalkuliert,calculated
sahnehäubchen,The icing on the cake
rer,rer
tutti,tutti
schwertfisch,swordfish
konzentrierten,concentrated
tausendfach,thousands of times
hufschmied,farrier
anchovis,anchovies
schädeldecke,skullcap
cherbourg,Cherbourg
bonney,Bonney
schießübungen,shooting practice
gaunerei,fraud
freibier,free beer
milner,Milner
primitiver,primitive
silberdollar,silver dollar
verhandele,negotiate
gemäht,mowed
fremdenführer,tour guide
mädchenschule,girls' school
reinfällt,falls in
mireille,Mireille
kitzelig,ticklish
anlaufstelle,contact point
abzusuchen,to search
kniest,kneels
zivilbevölkerung,civilian population
battlestar,battlestar
spärlich,sparse
teigtaschen,dumplings
manifestation,manifestation
elfte,eleventh
dünkirchen,Dunkirk
negern,negren
müllsäcke,garbage bags
prallte,bounced
herumgetrieben,wandering around
verschränken,interlock
karine,Karine
nautilus,nautilus
fortbestehen,continue
tessie,Tessie
musikgeschäft,music store
minerva,Minerva
analphabeten,illiterate
roar,roar
lebhaften,lively
weltberühmte,world-famous
stichhaltig,valid
blutdurst,bloodlust
reingelaufen,walked in
mahir,Mahir
zustehen,to be entitled
tischtuch,tablecloth
capito,capito
sexspielzeug,sex toys
ordnungshüter,law enforcement
zurückrufst,call back
railroad,railroad
jörgen,Jörgen
babou,babou
sinkende,sinking
alarme,alarms
artefakten,artifacts
tschaikowski,Tchaikovsky
getürkt,faked
wolga,Volga
hauptteil,main part
sozialistische,socialist
kleinerer,smaller
struensee,struensee
legend,legend
dichterin,poetess
schlappohr,floppy ear
umkehrung,reversal
alatriste,alatriste
jian,jian
tiefschlag,low blow
bonanza,bonanza
flauschig,fluffy
fiddler,fiddler
villiers,Villiers
krimskrams,knick-knacks
veräppelt,mocked
cindys,Cindy's
angestrengte,strained
truhen,chests
gatorade,Gatorade
tüchtigen,capable
geldübergabe,money handover
fjord,fjord
sia,sia
abgeklärt,clarified
abregen,calm down
benzintank,fuel tank
rhythmisch,rhythmical
nisse,nisse
madgett,madgett
deportation,deportation
pupille,pupil
lebkuchen,gingerbread
raubst,rob
alchemie,alchemy
wüst,desolate
shizuko,shizuko
angina,angina
zerquetsche,crush
unverschlossen,unlocked
selbstsüchtiger,selfish
partyservice,party service
stöbern,browse
satanisten,satanists
nylon,nylon
biblische,biblical
rikichi,rikichi
herztransplantation,heart transplant
anzustoßen,to initiate
lemuren,Lemurs
mickrige,meager
greenpeace,Greenpeace
zufriedenzustellen,to satisfy
teenies,teens
tunichtgut,good-for-nothing
vinyl,vinyl
caderousse,caderousse
pontifex,pontifex
aufwachraum,recovery room
seo,SEO
tanne,fir
mendel,Mendel
verdun,Verdun
geschäftsidee,business idea
tigern,tigers
briarcliff,briarcliff
darkness,darkness
sexier,sexier
slink,slink
selbstmordmission,suicide mission
ertrinkst,drown
schnüffle,sniff
gulag,gulag
nettie,nettie
wiederzugeben,to reproduce
host,host
kunsthochschule,art college
auslegung,interpretation
osmanen,Ottomans
blackburn,blackburn
zurückdenken,thinking back
anjou,Anjou
hautkrebs,skin cancer
renaldo,Renaldo
leibarzt,personal physician
trostlosen,bleak
flugbegleiterin,flight attendant
hinterhältiges,treacherous
macchiato,macchiato
zerfrisst,corrodes
vorbeiging,passed by
revenge,revenge
feed,feed
störend,disturbing
ccpd,ccpd
hingearbeitet,worked towards
elterliche,parental
besucherin,visitor
vorreiter,pioneer
persische,Persian
menschenkind,human child
vulva,vulva
weitsicht,foresight
cherien,Cherien
spielkameraden,playmates
lópez,Lopez
sassenach,Sassenach
0rdnung,order
loxley,Loxley
törichtes,foolish
kaleb,Caleb
dna-analyse,DNA analysis
gefuttert,eaten
schuyler,Schuyler
vegan,vegan
vertrauenslehrer,School counselor
drachenkrieger,dragon warrior
unsicherheiten,uncertainties
pfifferling,chanterelle
zeltplatz,campsite
kajak,kayak
dutt,bun
ansteckung,infection
kontraproduktiv,counterproductive
schlagkraft,impact
behinderter,disabled
hausordnung,house rules
menschsein,Being human
camerons,Cameron's
wettkämpfen,compete
vorbereite,prepare
gesöff,drink
vermindern,reduce
morast,morass
kreditwürdig,creditworthy
fensterputzer,window cleaner
rumliegt,lying around
vorstands,board
liebhabern,lovers
tümpel,pond
rosé,rose
eingeschenkt,poured
selmak,selmak
monastario,Monastery
luftdicht,airtight
schikanen,harassment
aufzuschlitzen,to slash
bedeckte,covered
vorgesprochen,interviewed
verblutete,bled to death
knutscht,kisses
broke,broke
sharky1980,sharky1980
blutenden,bleeding
authentische,authentic
latour,latour
zentner,hundredweight
geldeintreiber,debt collector
bombenangriff,bombing
pins,pins
entlohnt,paid
musikalisches,musical
renly,renly
schönheitschirurg,cosmetic surgeon
großspurig,cocky
impossible,impossible
blindenhund,guide dog
fungiert,functions
mitziehen,pull along
marderhunde,raccoon dogs
misstraue,distrust
verkümmern,wither
jaffe,jaffe
hürmüz,hürmüz
reinsetzen,sit inside
steiler,steeper
verheerenden,devastating
wohlan,well then
depesche,dispatch
aufgehalst,saddled
wegschnappen,snatch it away
vivienne,Vivienne
radiowellen,radio waves
hirnstamm,brainstem
crying,crying
gisele,Gisele
implosion,implosion
lasch,limp
gequirlte,whisked
zärtlichen,tender
gerissenen,cunning
mobiltelefone,mobile phones
verkehrs,traffic
reinschleichen,sneak in
täterin,perpetrator
überwältigte,overwhelmed
indizienbeweise,circumstantial evidence
pinkelte,peed
craddock,craddock
wichtigstes,most important
verlockendes,tempting
waliser,Welsh
konfiguration,configuration
begünstigte,beneficiaries
aufgezeigt,demonstrated
schlummer,slumber
kollegium,college
bukowski,Bukowski
frivol,frivolous
spielkarten,playing cards
öle,oils
ungar,Hungarian
interstellaren,interstellar
strafvollzug,prison
potentiell,potentially
spähtrupp,reconnaissance patrol
natã,natã
schwämme,sponges
teach,teach
lieblingsteil,favorite part
tragbar,portable
verpestet,polluted
niederschlag,precipitation
aufdie,on the
göttlichkeit,divinity
dereks,dereks
baptist,baptist
warpfeld,warp field
protestantischen,Protestant
handfesten,tangible
day-day,day-day
vorbote,harbinger
dawkins,Dawkins
jahrelangen,years
anno,anno
schmierst,smear
raubten,robbed
chubby,chubby
heroisch,heroic
zuschreiben,attribute
streifenpolizist,patrolman
verbüßt,served time
johansen,Johansen
aufwirft,raises
strangulation,strangulation
hope1403,hope1403
spezialagent,special agent
stockend,halting
bunkern,bunker
steuerte,controlled
puzzleteil,puzzle piece
lockenwickler,hair curlers
zärtlicher,tender
konstanten,constant
schwankungen,fluctuations
einmarsch,invasion
höchstform,peak form
unbefriedigend,unsatisfactory
bläschen,bubbles
leids,suffering
zyankali,cyanide
dunja,Dunja
spürhunde,Sniffer dogs
entflohener,escaped
sosa,sosa
obergruppenführer,Obergruppenführer
aufhängt,hangs
mirandas,mirandas
karloff,Karloff
eingerissen,torn
abgearbeitet,completed
handelsminister,trade minister
12-jährige,12-year-old
rotten,rotten
nirrti,nirrti
lagerung,storage
5th,5th
duchemin,Duchemin
verewigt,immortalized
cake,cake
gedämpfter,subdued
weibe,female
s02e03,s02e03
scheichs,sheikhs
beckwith,beckwith
schlagabtausch,exchange of blows
vorbereitete,prepared
sheng,sheng
reaktionszeit,reaction time
gefilde,fields
statuten,statutes
caesars,Caesars
langjähriger,long-term
prolet,prolet
erträge,yields
synapse,synapse
überzeugendes,convincing
playback,playback
fürsorgliche,caring
sas,sas
jeannot,Jeannot
leckerli,treats
privatklinik,private clinic
weitblick,long-term view
salamanca,Salamanca
schnelleren,faster
schulaufführung,school performance
zurückerobert,recaptured
einkauft,shops
europäischer,European
stef,stef
ausschaut,looks
verkorkste,botched
bohr,drill
zufälliger,random
allerwichtigsten,most important
giscard,giscard
angeborenen,congenital
versiegelten,sealed
systemherren,system masters
erwecke,awaken
geleuchtet,illuminated
hummeln,bumblebees
pont,pont
petrie,petrie
zusicherung,assurance
aruba,Aruba
industrieller,industrial
afghanischen,Afghan
flötenspiel,flute playing
schmeiss,throw
blutrot,blood red
subway,subway
thurman,Thurman
jiminy,Jiminy
wicker,wicker
hühneraugen,corns
nazarener,Nazarenes
renten,pensions
wahrscheinlichste,most likely
drogensüchtigen,drug addicts
ezequiel,ezequiel
gebräuche,customs
scusi,scusi
unterzutauchen,to submerge
goscinny,Goscinny
computerprogramm,computer program
ozonschicht,ozone layer
bebbanburg,Bebbanburg
lehrstuhl,chair
stillsitzen,sitting still
einäschern,cremation
stützpunkte,bases
filmabend,movie night
gesprächsfetzen,snippets of conversation
tinas,Tina's
weihnachtsgeld,Christmas bonus
verneigt,bows
cimbom1905,cimbom1905
seco,seco
schliess,close
plackerei,drudgery
privatunterricht,private lessons
narcos,narcos
guerilla,guerrilla
jüngst,recently
dara,dara
eruption,eruption
suchaktion,search operation
literweise,liters
knipsen,snap
verärgere,annoy
addiert,add
supersoldaten,super soldiers
autovermietung,car rental
medellín,Medellín
standbild,still image
vermiest,spoiled
ausgeprägte,pronounced
wirtschaftsprüfer,auditor
einlenken,give in
schwanensee,Swan Lake
hubschraubern,helicopters
duu,duu
umkrempeln,turn upside down
ezri,ezri
stehenlassen,leave
fleur,fleur
merdle,Merdle
bullauge,porthole
heimzukehren,to return home
konstrukt,construct
karriereleiter,career ladder
quinjet,quinjet
hebammen,midwives
herzinfarkte,heart attacks
pferdemist,horse manure
absägen,saw off
renjie,renjie
stachen,stung
handyempfang,mobile phone reception
tico,tico
verspätungen,delays
schulbildung,education
proleten,proletarians
guadalupe,Guadalupe
kriegshelden,war heroes
folgern,conclude
abhörgerät,listening device
cyper,cyber
tarrant,tarrant
radu,radu
turnschuh,sneaker
internetseite,website
drinbleiben,stay inside
schröter,Schröter
hoo,hoo
ashe,ashe
sitzenbleiben,remain seated
abgase,exhaust fumes
mittäterschaft,complicity
eingeflößt,instilled
angelausflug,fishing trip
belohne,reward
pris,price
kreuzfahrtschiff,cruise ship
huan,huan
gute-nacht-kuss,good night kiss
weiterbringen,to advance
ausgeschüttet,poured out
walmart,Walmart
unfassbare,unbelievable
sorata,sorata
kamerateam,camera crew
kurzfilm,short film
abkratzt,scrapes off
deaktiviere,deactivate
durchdrang,penetrated
dahinterkommen,to find out
reds,reds
zusammenzufügen,join together
vernichtest,destroy
anzustrengen,to exert oneself
abzuwischen,to wipe
schmarrn,nonsense
reinbeißen,bite into it
erlebnissen,experiences
zusammenzukommen,to come together
südöstlich,southeast
imperiale,imperial
betriebe,businesses
taut,thaws
loras,loras
maritza,Maritza
pflichtbewusstsein,sense of duty
skrupellosen,unscrupulous
filmrolle,film reel
fait,fait
tinder,Tinder
kallen,call
beweismitteln,evidence
afghanen,Afghans
racquetball,racquetball
bequemeres,more comfortable
liegenden,lying
spielplan,schedule
anhaltendes,persistent
milky,milky
abgefuckte,fucked up
hoheitsgebiet,sovereign territory
bischofs,bishop's
zuckerrohr,sugar cane
limitierte,limited edition
raccoon,raccoon
zweifelhafte,dubious
strupp,Strupp
patt,stalemate
paartherapie,couples therapy
nintendo,nintendo
sonderling,eccentric
sokka,sokka
zuführen,supply
neddy,neddy
unbeweglich,immobile
selbstdisziplin,self-discipline
zheng,zheng
leutnants,lieutenants
kodiert,encoded
taurus,Taurus
roque,roque
organischer,organic
exportieren,export
wingman,wingman
ora,ora
juju,juju
siralos,siralos
thousand,thousand
stoke,stoke
schafskopf,sheep's head
sehnerv,optic nerve
unbesiegbare,invincible
kopfhörern,headphones
lunar,lunar
jonathans,Jonathan
zehrt,consumes
tappt,taps
schulleitung,school management
bowden,Bowden
hinne,hin
gemusst,had to
kindskopf,child's head
feuerstelle,fire pit
gekuschelt,cuddled
widersetzte,resisted
teilzuhaben,to participate
heime,homes
palo,palo
vehement,vehement
trimester,trimester
gepoppt,popped
dachdecker,roofer
erdacht,conceived
igen,igen
abgelegene,remote
tuvia,Tuvia
elektromagnetischer,electromagnetic
geisterjäger,Ghost hunter
loswird,gets rid of
todsünden,deadly sins
rosetti,rosetti
warrens,Warrens
fedex,FedEx
zweiundzwanzig,twenty-two
kosh,kosh
rauschgiftdezernat,narcotics division
symbiose,symbiosis
rumgesprochen,Word got around
traumhafte,dreamlike
rumzustehen,to stand around
lauteten,were
schuldlos,blameless
leichenteile,body parts
grundbesitzer,landowner
natacha,natacha
mirakuru,mirakuru
tsa,tsa
fortgeschrittener,advanced
goldgräber,gold diggers
barbarossa,Barbarossa
herausgezogen,pulled out
erjetzt,he now
stripes,stripes
geächtet,ostracized
luftwaffenstützpunkt,air force base
massengrab,mass grave
freifahrtschein,free ticket
einkaufsbummel,shopping spree
predigte,sermon
saudis,Saudis
marky,marky
wiederholungstäter,repeat offender
aufpeppen,spice it up
untot,undead
verschrotten,scrap
saboteure,saboteurs
lundgren,Lundgren
prahlte,boasted
eineiige,identical
chemical,chemical
proportionen,proportions
unglücks,misfortune
marcels,Marcel's
draufhauen,hit it
deadlysins,deadlysins
blickten,looked
androhung,threat
estrada,estrada
neunmal,nine times
shah,Shah
elektroauto,electric car
schnäpse,spirits
vollzeitjob,full-time job
muharrem,Muharram
ernährer,breadwinner
pummelig,chubby
windstoß,gust of wind
zurückbekommt,gets back
unterton,undertone
beschützten,protected
eisnation,ice nation
übriggeblieben,left free
abtransportiert,removed
midge,midge
höflichkeitsbesuch,courtesy visit
auswerfen,eject
errichtete,erected
montieren,assemble
schweif,tail
eleonore,Eleonore
weltanschauung,worldview
gepfählt,impaled
pepito,pepito
s01e06,s01e06
accord,accord
sparkasse,savings bank
nummeriert,numbered
jaspers,Jaspers
espn,ESPN
blühenden,blooming
fertigzustellen,to complete
schuhgeschäft,shoe store
ausbrennen,burn out
herumspielen,playing around
fonda,fonda
zouri,Zouri
comme,comme
gamble,gamble
gebrechen,deficiencies
neigte,tended
einkassiert,collected
versuchsobjekt,test subject
antillen,Antilles
fawn,fawn
überhäuft,overflowing
hado,hado
treadwell,treadwell
silberstücke,silver pieces
seesack,duffel bag
fußböden,floors
handgemenge,Scuffle
happening,happening
goffredo,goffredo
klammere,bracket
bidet,bidet
ausgekugelt,dislocated
solid,solid
opfergaben,offerings
olympic,Olympic
regional,regional
kelche,chalices
aussteige,get out
abgewöhnt,weaned
schnuckelig,cute
anzog,dressed
doinel,doinel
aufwiedersehen,Goodbye
sturen,stubborn
mittelmäßigen,mediocre
hausgast,house guest
äußerlichkeiten,appearance
hedwig,Hedwig
privatparty,private party
namenstag,name day
makellose,flawless
boyz,boyz
zeliha,zeliha
streibig,streibig
lebowski,Lebowski
rã,rã
lowenstein,Lowenstein
teresas,Teresas
hervorheben,point out
losschlagen,strike
gemischtwarenladen,general store
recken,stretches
hl,hl
kleeblatt,cloverleaf
witzfiguren,comic figures
falschheit,falsehood
gull,gull
friedensverhandlungen,peace negotiations
cree,cree
nights,nights
christkind,Christ Child
glasscheibe,glass pane
schweigegeld,hush money
misa,misa
gurgelt,gargles
muchacho,muchacho
todesfee,banshee
lidocain,lidocaine
kulturelles,cultural
dringendsten,most urgent
durchdrehe,go crazy
ausgedehnt,extended
staatsdiener,civil servant
endo,endo
schlummern,slumber
herbeizuführen,to bring about
konditor,confectioner
jugendliebe,youthful love
pilgerreise,pilgrimage
rauferei,brawl
ferox,ferox
rebellisch,rebellious
dagobert,Scrooge McDuck
pappas,Pappas
tippst,types
kängurus,kangaroos
vollstreckung,enforcement
küchendienst,kitchen service
platzanweiser,usher
jauchzt,cheers
lines,Lines
janina,Janina
übergewichtig,overweight
zuzüglich,plus
fehlerhaften,faulty
lorca,Lorca
shaitana,shaitana
sonnenschirm,parasol
ulysses,Ulysses
uv-licht,UV light
indes,however
chisum,chisum
geburtstagskarte,birthday card
fentanyl,fentanyl
oates,oates
pappy,pappy
destabilisieren,destabilize
selbstlosigkeit,selflessness
verruckt,crazy
newly,new
provozierst,you provoke
hanley,Hanley
äusserst,extremely
knackis,knackis
anzubauen,to cultivate
kriegsherren,warlords
gemenon,gemenon
parbat,parbat
übervorsichtig,overcautious
architektin,architect
rausgehauen,ripped out
beschönigen,to embellish
aktienmarkt,stock market
physisches,physical
allerschlimmste,worst
vorhattest,you planned
pulsieren,pulsation
naturgesetze,laws of nature
arrhythmie,arrhythmia
lohnliste,payroll
mitsu,mitsu
frischluft,fresh air
su-jin,su-jin
bewogen,moved
leibhaftige,real
illustrierte,illustrated
programmen,programs
flüssigem,liquid
zusiehst,watch
auflockern,loosen up
petersons,Petersons
suvarov,suvarov
elektromagnetisches,electromagnetic
flossie,flossie
hitzewallungen,hot flashes
sonett,sonnet
reinhängen,hang in
nanotechnologie,nanotechnology
herberts,Herbert
belohnungen,rewards
split,split
eugenie,Eugenie
unbefleckten,immaculate
künftiger,future
mordred,Mordred
joosep,joosep
grashalm,blade of grass
grobes,rough
bühnen,stages
anlaufen,start
wasserstoffbombe,hydrogen bomb
anklageschrift,indictment
assistentinnen,assistants
piercing,piercing
vollnarkose,general anesthesia
elektronischer,electronic
würge,gag
satellite,satellite
boomt,booming
tragischerweise,tragically
angeblicher,alleged
cleaner,cleaner
geldsack,money bag
harmonika,harmonica
voreingenommenheit,bias
scheinwerfern,headlights
eun-young,eun-young
angekreuzt,ticked
aussähe,would look
bodenlose,bottomless
schnappschüsse,snapshots
tyrannisiert,tyrannized
kidd,kidd
fundamentale,fundamental
rao,rao
davonfliegen,fly away
verteidigungssystem,defense system
hinauswillst,you want to go out
heckenschütze,sniper
verschmutzen,pollute
animiert,animated
krankgemeldet,reported sick
embolie,embolism
einmische,mix
planken,planks
jodeln,yodel
schädigung,damage
verzerrungen,distortions
gewachst,waxed
phipps,Philipps
kochendes,boiling
bö,bo
seniorenheim,retirement home
gunnery,gunnery
fahrlehrer,driving instructor
bürgerkriegs,civil war
pferdescheiße,horse shit
verprassen,squander
bolognese,bolognese
jahrgangs,year
scheißtür,shit door
grandpas,grandpas
anmaßung,presumption
lash,lash
verschnaufpause,breather
seifenblase,soap bubble
aufgeregter,excited
cohens,cohens
echos,echoes
trauerrede,eulogy
venture,venture
swallow,swallow
holländisch,Dutch
liebschaft,love affair
netzen,nets
tunfisch,tuna
zuckte,flinched
raustreten,step out
samenspender,sperm donor
hogg,hogg
verbrechers,criminal
beschlagnahmten,seized
revers,reverse
hadschi,Haji
ersatzbank,substitute bench
mishima,mishima
bagatelle,bagatelle
herzkrank,heart disease
setauket,setauket
chou-heung,chou-heung
erkennbaren,recognizable
aalglatt,slippery as an eel
modesto,modesto
hiya,hiya
gesundheitlichen,health
ronnies,Ronnie's
heizer,heater
mcclaren,McClaren
provo,provo
ungezogene,naughty
lombardi,Lombardi
vierfache,quadruple
kanaan,Canaan
carney,carney
auskenne,I know
meridian,meridian
chao-li,chao-li
herzloser,heartless
geringes,low
wesir,vizier
vorauszusehen,to be expected
lebensmittelgeschäft,grocery store
plunkett,plunkett
umkommt,dies
verklickern,explain
verglüht,burns up
gehorchte,obeyed
ranjit,ranjit
mclean,mclean
research,research
notier,note
backgammon,backgammon
glashaus,greenhouse
hochlegen,lift
wortlos,wordless
usc,usc
verzogene,distorted
linebacker,linebacker
filmstudio,film studio
lungenflügel,lung
aufmacher,opening
zentrales,central
plünderten,looted
nose,nose
styropor,styrofoam
autumn,autumn
überschüssige,excess
abgeknöpft,unbuttoned
fettige,greasy
höret,listen
zeugung,conception
siegreichen,victorious
wehwehchen,minor ailments
banale,banal
windows,windows
crump,crump
shara,shara
steckengeblieben,stuck
inhaliert,inhaled
schauspielschule,acting school
undurchdringlich,impenetrable
raheem,raheem
kiyomaru,kiyomaru
bewährungshelferin,probation officer
ausgewachsenen,fully grown
strip-club,strip club
geschwindelt,cheated
mofa,moped
beschimpfte,insulted
stallone,Stallone
verschreibt,prescribes
reservisten,reservists
tob,tob
bedauerliche,regrettable
vergewaltigten,raped
bower,bower
tug,tug
rustikal,rustic
s02e02,s02e02
ferrante,Ferrante
klerus,clergy
alleingelassen,left alone
pero,pero
cronus,cronus
elfie,elfie
verbesserten,improved
geschlossenes,closed
abenteuerlustig,adventurous
buckaroo,buckaroo
kuroda,kuroda
handfeuerwaffen,handguns
fahrstunde,driving lesson
hongsawadi,hongsawadi
onkologen,oncologists
naresuan,naresuan
geschärft,sharpened
geheizt,heated
mizushima,Mizushima
überlagert,overlaid
rhinozeros,rhinoceros
kernkraftwerk,nuclear power plant
weiterreichen,forward
ausraubt,robs
geschont,spared
fischsuppe,fish soup
prepaid-handy,prepaid mobile phone
huntzberger,huntzberger
aufgreifen,pick up
wochenschau,newsreel
bedurfte,required
erweckung,revival
tarantel,tarantula
charismatisch,charismatic
rauchzeichen,smoke signals
skyline,skyline
sandi,sandi
koennte,could
beocca,beocca
clamp,clamp
pfaden,paths
forschern,researchers
soir,evening
hoer,listener
alljährlichen,annual
analphabet,illiterate
derb,coarse
tageszeitung,daily newspaper
lehman,Lehman
geiz,stinginess
pignon,pignon
käfern,beetles
hemlock,hemlock
rud,rud
niederlanden,Netherlands
ideales,ideal
rebhuhn,partridge
dankend,thank you
bedauerlicher,regrettable
trends,trends
vorbeilaufen,walk by
rückständig,backward
easton,Easton
napf,bowl
nerviger,annoying
staus,traffic jams
drift,drift
abgrunds,abyss
kevlar,kevlar
gehütet,guarded
zugestanden,admitted
zugehörigkeit,affiliation
coffin,coffin
vorübergehender,temporary
déjà,déjà
schulbücher,schoolbooks
winkle,angle
slaughter,slaughter
jett,jett
urlaubs,vacation
mcallister,mcallister
portraits,portraits
harolds,Harold's
michse,michse
santi,santi
mojitos,mojitos
av,av
duh,you H
ece,ece
iger,iger
lübeck,Lübeck
kôichi,koichi
triumphe,triumphs
grabkammer,burial chamber
xian,xian
alvo,alvo
heldenhafter,heroic
attraktivste,most attractive
abzocke,rip-off
verfeindet,hostile
weißglut,white heat
endergebnis,final result
westham,Westham
rottenmeier,Rottenmeier
duroc,duroc
piggott,piggott
kommerziell,commercially
nobles,noble
engeren,closer
westwood,Westwood
geschützte,protected
gerrard,Gerrard
militärgefängnis,military prison
fabienne,fabienne
kampfgeschrei,battle cry
zitterten,tremble
arbeitserlaubnis,work permit
mondoberfläche,lunar surface
täusch,deceptive
gewichen,yielded
mixe,mixes
sogge377,sogge377
babel,babel
händel,trade
schärft,sharpens
toy,toy
rottmann,Rottmann
tekin,tekin
anwaltschaft,legal profession
rezitieren,recite
hilfloses,helpless
entwürdigend,degrading
discomusik,disco music
iwf,IMF
bewußtsein,consciousness
kerrigan,Kerrigan
befehlshabender,commanding officer
gebärdensprache,sign language
angelst,fishing
fruchtsaft,fruit juice
stotternd,stuttering
traubensaft,grape juice
zersetzen,decompose
kraulen,crawl
auszubreiten,to spread
toots,toots
delancey,delancey
unsichtbarkeit,invisibility
gilson,gilson
looping,looping
kommentaren,comments
optischen,optical
wiederkriegen,get it back
kochend,boiling
zugekommen,received
forscherin,researcher
eierpunsch,eggnog
unvorhergesehene,unforeseen
serienmörders,serial killer
hirne,brains
schockwelle,shockwave
rumknutschen,making out
nutzer,user
schimpfte,scold
haustieren,pets
platzierten,placed
og,og
zerkratzen,scratch
notlüge,white lie
tätlicher,physical
schmolz,melted
firewalls,firewalls
wax,wax
schoker,shocker
heilmann,Heilmann
aldridge,Aldridge
nebensache,minor matter
schulsystem,school system
chaotische,chaotic
erkundigte,inquired
okja,OK
kurbeln,crank
lani,lani
frampton,frampton
nordirland,Northern Ireland
wolfsrudel,wolf pack
nui,nui
ghosts,ghosts
beteuert,asserts
zurückschrecken,recoil
flanell,flannel
würdelos,undignified
mitverschwörer,co-conspirator
schächte,shafts
vibe,vibe
maike,maike
aufgedunsen,bloated
rike,rike
schuljahres,school year
sota,sota
gefechte,battles
sturzbesoffen,dead drunk
fluren,corridors
äxte,axes
bescherte,bestowed
bühnenbild,stage design
mietshaus,apartment building
entgleisen,derail
neutron,neutron
deane,deane
raffst,do you get
anführungszeichen,quotation marks
dwyer,dwyer
leicester,Leicester
heimischen,local
verwanzen,bug
uneingeschränkt,unrestricted
cave,cave
einsiehst,you see
hauptenergie,main energy
chalet,chalet
ausbau,expansion
unerwünschten,unwanted
abkriegt,gets it
einschnitte,cutbacks
einarmigen,one-armed
silla,Silla
t.s.,t.s.
fehlgeburten,miscarriages
widow,widow
jota,jota
lausebengel,rascal
benzinkanister,petrol can
unwissenden,ignorant
unreinen,impure
gerippe,skeleton
mütterlichen,maternal
nutzbar,usable
solarium,solarium
scholl,Scholl
anschaute,looked
aymes,aymes
led,led
aufzuschlagen,to open
betrachter,viewer
tyrannisieren,bullying
vesuv,Vesuvius
mayumi,Mayumi
aufzulegen,to hang up
sammys,Sammy's
wettete,bet
steeles,steeles
katjuscha,Katyusha
hamza,hamza
tröstete,comforted
chaucer,chaucer
jahrzehnts,decades
spinning,spinning
blacklist,blacklist
koenig,king
unermessliche,immeasurable
nanaka,nanaka
yalcin,yalcin
buren,Buren
werbebranche,advertising industry
messung,measurement
cirque,cirque
saad,Saad
nebels,fog
errechnet,calculated
duschst,shower
casaubon,casaubon
endsieg,final victory
rausschmeißt,throws out
unterbreitet,submitted
turniere,tournaments
arbeits,work
geheimtür,secret door
schulweg,school route
barhocker,bar stool
mahlt,grinds
felton,felton
einprogrammiert,programmed
blackbird,blackbird
erwählte,chosen
fremdkörper,foreign body
orléans,Orleans
astronom,astronomer
aksel,Aksel
glaubs,believe
zentren,centers
abrechnungen,billing
demi,demi
umzieht,moves
spreu,chaff
stace,stace
informatik,computer science
statist,extra
verdreschen,beat up
perrier,Perrier
gevatter,godfather
blamier,embarrassing
gotho,Gotho
glockenschläge,bell chimes
huntoon,huntoon
easter,Easter
tremaine,tremaine
widerwärtige,disgusting
schabbach,schabbach
bloßer,mere
geiss,Geiss
kumbaya,kumbaya
americans,Americans
punisher,punisher
geringerer,lesser
wegener,Wegener
pferch,pen
folterten,tortured
zeitrechnung,chronology
samenbank,sperm bank
pennst,sleep
saublöd,utterly stupid
abgemagert,emaciated
brentwood,Brentwood
rüschen,frills
sympathisanten,sympathizers
onion,onion
akrobat,acrobat
vaughan,Vaughan
zugangskarte,access card
mmm-hmm,mmm-hmm
ersteche,stab
wr,wr
unterernährt,malnourished
explodierenden,exploding
schrottkiste,junk box
brillantes,brilliant
reinhard,Reinhard
halifax,Halifax
kandinsky,Kandinsky
überanstrengt,overworked
grrr,grrr
explodierende,exploding
daya,daya
eintragung,registration
pausieren,pause
knock,knock
slate,slate
essbare,edible
kollektive,collective
benennt,names
hayworth,hayworth
aprils,April
geranien,geraniums
foon,foon
torben,torben
lieblingsspiel,favorite game
walfänger,whaler
riesenapplaus,huge applause
waterford,Waterford
bridgeport,Bridgeport
jasna,jasna
lyne,lyne
hochschicken,send up
härteren,harder
geniestreich,stroke of genius
renato,Renato
herrmann,Hermann
einfachem,simple
pflegten,used to
heruntergefallen,fell down
gomorra,Gomorrah
zugestochen,stabbed
fürn,for
asiatischer,Asian
salerno,Salerno
anselmo,Anselmo
vagen,vague
wassja,Wassja
hinhaut,works
kosename,pet name
zusammenkratzen,scrape together
niña,niña
datteln,dates
versammelte,assembled
panco,panco
zusammenstehen,stand together
öre,öre
lebenslinie,lifeline
blackberry,blackberry
beispiellos,unprecedented
mhmm,mhmm
gemeingefährlich,Public danger
brings,brings
finnisch,Finnish
daumenabdruck,thumbprint
sou,sou
lahey,lahe
matze,matze
josephs,Joseph's
nonna,nonna
terroristischer,terrorist
brandenburg,Brandenburg
rubbeln,rub
intergalaktischen,intergalactic
knarzen,creaking
lonny,Lonny
höllischer,hellish
pistazie,pistachio
brandopfer,burn victims
giftiges,toxic
garstig,nasty
corcoran,corcoran
verbeult,dented
wärmstens,warmest regards
seltenheit,rarity
verknüpfen,link
angeschrieben,written
rannveig,Rannveig
maile,mail
stonehaven,Stonehaven
doucet,doucet
qualifizierten,qualified
spaghettifresser,spaghetti eaters
countys,counties
übergossen,doused
delegieren,delegate
verängstigten,frightened
unterhaltsamer,entertaining
champs,champs
vermeintlich,supposedly
homers,homers
zeki,zeki
überflieger,high-flyer
aufwühlen,to stir up
schneite,snow
billigsten,cheapest
beidrehen,turn around
überreizt,overstimulated
nostra,nostra
gewürfelt,rolled
gewitzt,clever
landsleuten,compatriots
appartment,apartment
wunders,wonders
isla,island
gouverneure,governors
humorvoll,humorous
nymphe,nymph
glückes,happiness
coran,Quran
abydos,abydos
luftgewehr,air rifle
eisern,iron
hypothesen,hypotheses
freisetzung,release
reagenzglas,test tube
grausig,gruesome
motoröl,engine oil
rosmarie,Rosmarie
venna,Venna
druckerpresse,printing press
koppeln,couple
herausfordernd,challenging
schulprojekt,school project
siebeneinhalb,seven and a half
vermindert,reduced
klemmte,jammed
kurierdienst,courier service
geweihten,consecrated
rimini,Rimini
greise,old people
file,file
geplatzte,burst
intubation,intubation
kurzzeitgedächtnis,short-term memory
spedition,forwarding
schlafprobleme,sleep problems
crewes,crewes
hehlerei,Receiving stolen goods
zugeschaltet,switched on
kontaktierten,contacted
schrotflinten,shotguns
roffe,roffe
überweist,transfers
hella,hella
wertschätzen,appreciate
u.n.,U.N.
koksen,cocaine
samthandschuhen,velvet gloves
colony,colony
ambitioniert,ambitious
getuschel,whispers
anas,Anas
weinstock,grapevine
haji,haji
gesundem,healthy
maggi,maggi
verwöhnten,spoiled
gebieterin,mistress
weggewischt,wiped away
unzivilisiert,uncivilized
toxikologische,toxicological
bodhi,Bodhi
ostwärts,east
stagg,stagg
heywood,heywood
widerwärtigen,disgusting
mally,mally
unverblümt,bluntly
linderung,relief
maskierter,masked
schielen,squint
meck,meck
zander,zander
einsetze,use
riesenärger,huge trouble
massakers,massacre
nebenhöhlen,sinuses
aufschlug,hit
rührselig,sentimental
milliardäre,billionaires
muto,muto
pk,pk
maigret,Maigret
trotwood,trotwood
adjektive,adjectives
sprengkraft,explosive force
anlasten,to blame
gespenstisch,spooky
yangs,yangs
verunglückte,accident
automatisches,automatic
jagdgründe,hunting grounds
popstar,pop star
exkremente,excrement
sombrero,sombrero
kognitiven,cognitive
takata,takata
prachtvollen,magnificent
störche,storks
landgut,estate
britischem,British
bowler,bowler
kaffeetrinken,drink coffee
pferdestärken,horsepower
patzer,blunder
viggo,viggo
abkürzen,abbreviate
savior,savior
mandel,almond
auswärtigen,foreign
sandberg,sandberg
merzien,mercenaries
vierteilen,quarter
med-lab,med-lab
fangzähne,canine teeth
marcelle,Marcelle
review,review
einleben,settle in
señoritas,señoritas
janssen,Janssen
cesares,Cesares
heuschrecke,grasshopper
beckys,Becky's
djinn-djinn,djinn-djinn
freitagmorgen,Friday morning
dortmund,Dortmund
angebettelt,begged
kleiderbügel,clothes hanger
narzissen,daffodils
to-do-liste,to-do list
mickrig,meager
digitales,digital
nächstgelegenen,nearest
toffee,toffee
hinstecken,put it away
einsamste,loneliest
ljuda,ljuda
gaffen,gawking
wischst,wipe
mortem,mortem
unwichtiges,unimportant
finder,finder
kapuzen,hoods
kriegsbemalung,war paint
frühschicht,early shift
caddie,Caddie
ärmelkanal,English Channel
pasha,Pasha
bozo,bozo
deppert,stupid
hinwillst,you want to go
lächel,smile
pina,pina
pips,beeps
pjotr,pjotr
soleil,soleil
caymans,Cayman Islands
tiramisu,tiramisu
treffsicherheit,accuracy
rauskamen,came out
botengänge,errands
überschreitest,exceed
ausrutschen,slip
boudreau,boudreau
patentochter,goddaughter
auburn,auburn
schüttele,shake
unterhemd,undershirt
stiehl,steal
hinläufst,you run there
shran,shran
hineingeboren,born into
essensmarken,food stamps
zugeflüstert,whispered
karakurt,Karakurt
ha-young,ha-young
fremdsprachen,foreign languages
kenntnissen,knowledge
lider,leader
cheerleading,cheerleading
administrator,Administrator
kotori,kotori
absacker,nightcap
ptolemäus,Ptolemy
rushmore,Rushmore
abprallen,bounce
fossa,fossa
gings,went
psychiatrisches,psychiatric
bestrebungen,efforts
tierhandlung,pet shop
synthetisch,synthetic
rekrutierte,recruited
tanzabend,dance evening
wiii,wiii
grimoire,grimoire
vinz,Vinz
chupacabra,chupacabra
hpd,hpd
verkehre,traffic
untersuchungsergebnisse,investigation results
bockig,stubborn
saftsack,juice bag
erlogen,a lie
intendant,intendant
sharkey,Sharkey
erfreue,delight
gebackenen,baked
baklava,baklava
gültigen,valid
nachtlager,overnight accommodation
schwänzchen,little tail
schwierigkeitsgrad,difficulty level
eisbahn,rink
bekräftigen,confirm
gegenangebot,counter-offer
goober,goober
reinschmuggeln,smuggle in
erlasse,enact
zapfenstreich,tattoo
fp,fp
sterbehilfe,euthanasia
verzichtete,waived
umgarnen,woo
mess,measure
verschwörungstheorie,conspiracy theory
chunk,Chunk
abweichende,deviating
tales,tales
grimaldi,Grimaldi
pelant,pelant
bewegungsfreiheit,freedom of movement
durchdrehst,go crazy
anette,Anette
schulfreundin,school friend
zurückgeschrieben,written back
bezweckt,aims
ausversehen,accidentally
investigations,investigations
maricruz,maricruz
ancient,ancient
anchorage,Anchorage
ziegelsteine,bricks
schamhaar,pubic hair
katies,Katie's
überraschungseffekt,surprise effect
testergebnis,test result
zufriedene,satisfied
losgelöst,detached
tonlos,soundless
unbestimmt,indefinite
ausfälle,failures
jindrich,Jindrich
teilnehmern,participants
abging,departed
bezweifel,I doubt
baldwin-schwestern,Baldwin sisters
chiharu,chiharu
abzusitzen,to serve
verdi,verdi
seehund,seal
schwindelgefühl,dizziness
pokerspieler,poker player
schlugst,hit
translations,translations
predator,predator
olav,Olav
gleichauf,on equal terms
joo,joo
chc0c0c0,chc0c0c0
sprengten,blew up
abenddämmerung,dusk
ohrwurm,earworm
peacock,peacock
klospülung,toilet flush
überwindung,overcoming
coughlin,coughlin
heißluftballon,hot air balloon
anhaltender,persistent
nachbarhaus,neighboring house
kneipenschlägerei,bar fight
mutterseelenallein,all alone
hisbollah,Hezbollah
wittere,smell
suse,suse
unehelichen,illegitimate
meistbietenden,highest bidder
transcript,transcript
peder,peder
algernon,algernon
rieten,advised
plaudere,chat
gutartig,benign
hilfsenergie,auxiliary energy
beet,bed
spielsucht,gambling addiction
harmonieren,harmonize
kens,kens
orchard,orchard
lieblingsstück,favorite piece
raubzug,raid
systemfehler,system error
ingenieurin,engineer
ausgetrieben,expelled
buddhisten,Buddhists
raph,raph
seilbahn,cable car
unverwüstlich,indestructible
volksmusik,folk music
seeger,seeger
teufelszeug,devil's work
zivilklage,civil lawsuit
herta,Herta
schülers,student
jiji,jiji
stowaway,stowaway
heimtückische,insidious
tribute,tribute
basel,Basel
weiterging,continued
niedergeschrieben,written down
3-d,3-d
färbung,coloring
tomie,tomie
yamada,yamada
urca,urca
zeros,zeros
lutsche,suck
schmerzfrei,pain-free
prep,prep
selbstgefälligkeit,complacency
herumfliegen,flying around
aufwühlende,disturbing
yoshie,yoshie
eingelegte,inserted
routineuntersuchung,routine examination
zustechen,stab
evtl.,possibly
kampftechnik,combat technique
starter,starter
wahrheitsgemäß,truthfully
cab,cab
wegrennt,runs away
geheimsache,top secret
baelfire,baelfire
pico,pico
fatbrat,fatbrat
kriegsveteran,war veteran
anika,Anika
muslimen,Muslims
roquefort,Roquefort
prozedere,procedure
droben,up
spesenkonto,expense account
kubikmeter,cubic meter
herangewachsen,grown up
committee,committee
installiere,install
traumland,dreamland
verschaffst,provide
eheberater,marriage counselor
schmunzelt,smiles
herausgenommen,removed
störsender,jammer
13-jährige,13-year-old
laude,laude
feldarbeit,fieldwork
saltzman,saltzman
turbolift,turbolift
unterlass,cessation
renommierten,renowned
riton,Riton
freddys,Freddy's
urteilsspruch,verdict
orangene,orange
kartoffelpuffer,potato pancakes
paroli,paroli
sicherheitsoffizier,security officer
haffner,Haffner
amtseinführung,inauguration
haudegen,swashbuckler
ausschweifungen,excesses
serbischen,Serbian
felsenfest,rock solid
eheringe,wedding rings
privatschulen,private schools
sandkorn,grain of sand
lev,lev
côte,côte
durchzumachen,to go through
auerbach,Auerbach
kisha,kisha
wandelnder,walking
einseitige,one-sided
ereignen,happen
prop,prop
misslichen,unfortunate
radek,Radek
stolziert,struts
kontinuität,continuity
immobiliengeschäft,real estate business
eri,eri
leichtathletik,athletics
jennifers,Jennifer
untersatz,base
schleimbeutel,bursa
p3,p3
schmerzenslaut,cry of pain
fänge,catches
kayo,kayo
mhn,mahn
arbeitsvertrag,employment contract
são,são
neunen,new
stolperst,stumble
sasas,sasas
holdings,holdings
jae,yes
parkway,parkway
individuums,individual
xan,xan
hennessy,Hennessy
jena,Jena
versace,Versace
verwahrlost,neglected
being,being
ngaio,ngaio
klammerte,clung
foyle,foyle
supi,great
ethyl,ethyl
vs,vs
ticks,ticks
veganerin,vegan
anzugs,suit
novick,Novick
flackern,flicker
bettys,Betty's
synthetisches,synthetic
ostdeutschland,East Germany
laugh,laugh
akzente,accents
bedeutungslose,meaningless
schicktest,sent
abschiedsfeier,farewell party
gefestigt,consolidated
blacklock,blacklock
uberhaupt,at all
goldschatz,gold treasure
übersetzungen,translations
sonderkommission,special commission
nervensägen,annoying people
stadtmitte,city ​​center
zurückbrachte,brought back
bettlägerig,bedridden
severus,Severus
edelmut,gallantry
merete,Merete
versteckter,hidden
nippen,sip
timon,Timon
grenouille,Grenouille
littleton,littleton
zersetzung,decomposition
zuck,twitch
hochzeitssuite,wedding suite
projektes,project
fouroux,fouroux
bookman,bookman
röcken,skirts
trugbild,illusion
lichtet,clears
verunstaltet,disfigured
menschenmassen,crowds
umworben,courted
dazuzugehören,to belong
dakara,dakara
dragan,Dragan
melba,melba
auszufragen,to question
unwohlsein,malaise
tab,tab
patriotischen,patriotic
defi,defi
verfeinert,refined
abändern,modify
limette,lime
sightseeing,sightseeing
thraker,Thracian
naturwissenschaft,natural science
spontaneität,spontaneity
culper,culper
rosette,rosette
velasco,velasco
blackwater,blackwater
missing,missing
16-jähriger,16-year-old
versinke,sink
vermittelte,mediated
rausstellen,put out
naa,naa
drogenkonsum,drug use
östlicher,eastern
jurassic,Jurassic
flip-flops,flip-flops
zentralkommando,central command
einreisen,enter
ernestine,Ernestine
clegg,clegg
panisches,panic
gesprächsstoff,Conversation topic
tafelsilber,silverware
beekman,beekman
gleichgesinnte,like-minded people
fingiert,fabricated
coolidge,Coolidge
tunis,Tunis
geldhahn,money tap
imperialismus,imperialism
flik,flip
stilllegen,shut down
a.d.,a.d.
maggio,Maggio
hickory,hickory
gesamtsumme,total
drogendealern,drug dealers
nagetier,rodent
herumtreibt,wandering around
anlächeln,smile
zerplatzen,burst
gitterstäbe,bars
polizeilich,police
westley,Westley
hound,hound
kopflos,headless
cissie,cissie
harriman,harriman
hentai,hentai
aufbricht,departs
dogge,Great Dane
redselig,talkative
fremdling,stranger
auseinanderreißen,tear apart
fußballmannschaft,football team
afraid,afraid
luau,luau
aquarius,aquarius
ruhte,rested
s01e07,s01e07
shinwell,Shinwell
names,names
amtliche,official
sinnbild,symbol
leibgarde,bodyguard
hämisches,malicious
kash,cash
unbesiegbaren,invincible
platzwunde,laceration
einsichten,insights
andersons,Andersons
reiters,riders
hartnäckiger,persistent
felt,felt
destabilisiert,destabilized
gaunt,gaunt
triebtäter,sex offender
festgelegten,determined
ermuntern,encourage
finlay,finlay
feinkostladen,delicatessen
rumläufst,walking around
schlangenbiss,snakebite
estland,Estonia
erübrigt,unnecessary
errate,guess
molekularstruktur,molecular structure
finsteres,dark
krabs,Krabs
ätsch,Ha!
einhandeln,trade
bakterielle,bacterial
vixen,vixen
luftmatratze,air mattress
aufgesprungen,jumped up
debakel,debacle
mitterrand,mitterrand
billigere,cheaper
mitbringsel,souvenir
elementare,elementary
begrab,bury
solonius,Solonius
entzweien,divide
nachste,next
gezwitschert,tweeted
lauerte,lurking
wicket,Wicket
verdonnert,sentenced
vögelte,birds
nachgekommen,complied
zurückließen,left behind
iverson,iverson
minirock,miniskirt
mixtur,mixture
lygia,lygia
upload,upload
asuna,asuna
leichteren,lighter
kaneda,kaneda
breitseite,broadside
clu,clu
loggins,logins
erotischer,erotic
besuchsrecht,visitation rights
reiseplan,itinerary
wildfang,wild child
verwicklungen,entanglements
schützin,female shooter
trinkerin,drinker
potthässlich,ugly
ankotzt,disgusts
daryll,daryll
deus,deus
stet,stet
statistische,statistical
seton,seton
exklusivinterview,exclusive interview
kamine,fireplaces
herhaben,have here
zuschieben,push
herzkammer,heart chamber
einfacheres,simpler
riesengroßer,gigantic
wegkomme,get away
superbowl,Super Bowl
monteur,fitter
metin,Metin
ambition,ambition
lausanne,Lausanne
stromausfälle,power outages
leighton,leighton
organisator,organizer
wiedergänger,revenant
zeichentrickfilm,animated film
aneignen,acquire
gadreel,gadreel
mieder,bodice
yoshimura,yoshimura
astro,astro
strenges,strict
durchgeschüttelt,shaken up
stilinski,stilinski
tödlichsten,deadliest
überrollen,overrun
fig,fig
toru,toru
polizeiberichte,police reports
dobermann,Doberman
bündig,flush
handrücken,back of hand
ökonomische,economic
mensa,cafeteria
süßwasser,freshwater
abreißt,tears off
amaya,amaya
doppeldate,double date
abgründe,abysses
walkie-talkies,walkie-talkies
blutfleck,bloodstain
glorreich,glorious
margarethe,Margarethe
lammkeule,leg of lamb
komparsen,extras
zeitlimit,time limit
snowy,snowy
brummer,hummer
begrapschen,grope
zusammenfinden,come together
hey.,Hey.
beförderungen,promotions
mütterlich,maternal
annalen,annals
verscherbeln,Sell ​​off cheaply
banku,banku
abgefahrenen,crazy
hookstraten,hookstraten
kopflosen,headless
rauswirft,throws out
puzzleteile,puzzle pieces
geheimnisses,secret
ansätze,approaches
doesn,doesn
kaffeekränzchen,coffee klatch
hüpfe,jump
neiman,neiman
ansteckt,infects
verwöhne,pamper
sitzungssaal,meeting room
bestimmtheit,certainty
bombenanschläge,bomb attacks
rajiv,Rajiv
stockwerken,floors
laube,arbor
hoodie,hoodie
auffordert,requests
vereinbare,agree
eingedämmt,contained
dudelsack,bagpipe
sardine,sardine
steigenden,rising
tierschutz,animal welfare
fremdwort,foreign word
bainbridge,Bainbridge
getümmel,turmoil
freudiger,joyful
trying,trying
feuchtigkeitscreme,moisturizer
sonora,sonora
colombo,Colombo
mobiles,mobile
garrick,Garrick
milchpulver,milk powder
fahrscheine,tickets
hippe,hip
hygienisch,hygienic
koo,koo
unterdrücktes,suppressed
lastern,vices
g-kräfte,g-forces
faschistische,fascist
unstimmigkeit,discrepancy
gainey,Ganey
darstellungen,representations
schopf,forelock
aussen,outside
leitstelle,control center
bündnisse,alliances
strammen,tight
wechselkurs,exchange rate
legionär,legionary
alltags,everyday
streut,scatters
teilzeitjob,part-time job
geleite,escort
textilien,textiles
liliputaner,Lilliputians
ogata,ogata
leisesten,quietest
zurechtfinden,find your way around
ballaststoffe,dietary fiber
hwang,hwang
drinstecken,to be inside
risikos,risks
coupon,coupon
maskulin,masculine
schimpfe,scold
scorsese,scorsese
sakamoto,Sakamoto
schuldenfrei,debt-free
kochtopf,cooking pot
nervte,annoying
durchgestrichen,crossed out
sputen,hurry
pcs,pcs
zinn,tin
schütt,pour
mietfrei,rent-free
taijun,taijun
dienstreise,business trip
eskild,eskild
verheiratetes,married
ex-partner,ex-partner
rasierschaum,shaving foam
laborkittel,lab coat
tatkraft,energy
koller,Koller
mh-hm,mh-hm
cihan,Cihan
bekräftigt,confirmed
anzuzetteln,to instigate
cosmopolitan,cosmopolitan
willigt,agrees
duschvorhang,shower curtain
soßen,sauces
kopernikus,copernicus
klopfer,knocker
runterschalten,downshift
kicks,kicks
ghettos,ghettos
babelfisch,babel fish
howl,howl
einfädeln,threading
quahog,quahog
serenade,serenade
ativan,ativan
graydal,graydal
scheibenkleister,Damn it!
garance,guarantee
örtlicher,local
zurückgesetzt,reset
qualmen,smoke
grausigen,gruesome
shiner,shiner
isses,is it
absetzt,discontinues
reinschieben,push in
spokane,Spokane
drehkörper,bodies of revolution
übermittle,transmit
kamille,chamomile
selbstsucht,selfishness
raffaele,Raffaele
vorstandsvorsitzender,chairman of the board
ergötzen,delight
tracys,Tracy's
lark,lark
t-rex,t-rex
uppsala,Uppsala
spezialauftrag,special order
greenwood,greenwood
ermuntert,encouraged
carley,Carley
noa,noa
peitschenhiebe,whiplashes
blutbahn,bloodstream
reingeholt,brought in
perfektem,perfect
erfrierungen,frostbite
betreiber,operator
georgiana,Georgiana
schwesternstation,nurses' station
benannte,named
erwürgte,strangled
quaid,quaid
azumi,azumi
giften,poisons
ausbeuter,exploiters
mädelsabend,girls' night out
aufpolieren,polish
magenta,magenta
chandlers,Chandlers
auszunehmen,to exclude
izumi,izumi
hel,hel
gotti,godmother
umgab,surrounded
vorwort,foreword
mikrochips,microchips
ijon,iyon
gartenschlauch,garden hose
zweisamkeit,togetherness
klubhaus,clubhouse
scharlach,scarlet
schwingung,vibration
panem,panem
boo-boo,boo-boo
körperhaltung,posture
anzustecken,to infect
knalltüte,bag
sg-3,sg-3
knauserig,stingy
ableiten,derive
durchzubringen,to achieve
lenkung,steering
radkappen,wheel covers
jogginghose,jogging pants
esthers,Esther's
vorschlägst,you suggest
phuong,phuong
abstammen,descend from
anrede,salutation
ratatouille,ratatouille
marschierst,march
loszugehen,to start
reiterin,rider
segnete,blessed
kostümfest,costume party
elternteile,parents
großfürstin,Grand Duchess
zacharias,Zacharias
rituals,rituals
ressource,resource
kalinka,Kalinka
abzustatten,to pay
kommandoschiff,command ship
alright,alright
gorski,Gorski
abzurechnen,to be settled
ruhmreiche,glorious
hochkriegen,get up
miyamoto,miyamoto
strickt,knits
wimmelte,teeming
menschenmengen,crowds
heterosexuelle,heterosexual
ladehemmung,loading jam
watty,watty
hinzubringen,to bring
ruskin,ruskin
ico,ico
tappe,tappe
lasern,laser
gerätschaften,equipment
moto,moto
missgeburten,deformities
aux,aux
regierungsbeamte,government officials
erlösers,Redeemer
college-abschluss,college degree
korty,korty
capo,capo
abmelden,log out
ferkelchen,piglets
jagdmesser,hunting knife
jesper,jesper
less,less
calico,calico
ansässigen,resident
helenas,Helena's
viehtreiber,cattle herder
haggis,haggis
verschissener,fucking
unfähigen,incompetent
technikern,technicians
mitspielst,you play
ausstoßen,expel
hungry,hungry
uneinig,disagree
durchstoßen,pier
knoxville,Knoxville
giulietta,Giulietta
ikes,ikes
ingenieuren,engineers
privatsekretär,private secretary
zuleika,zuleika
croix,croix
pakistani,Pakistani
hasenfuß,coward
baroness,baroness
hansel,Hansel
sanae,sanae
einflößen,instill
schleimiger,slimy
etui,case
superidee,Great idea!
bohrte,drilled
schmerzenslaute,cries of pain
saugst,suck
willies,willies
luxushotel,luxury hotel
designt,designed
synergie,synergy
schwarzwald,Black Forest
energieverlust,energy loss
mitbewerber,competitors
unablässig,incessant
raumfahrer,astronaut
achteinhalb,eight and a half
krampfanfälle,seizures
leistenbruch,inguinal hernia
he-man,he-man
kontrollturm,control tower
tanzwettbewerb,dance competition
vine,vine
dürrer,dry
fatzke,fatzke
drohend,threatening
abgefuckten,fucked up
bewährungsausschuss,probation committee
djaq,djaq
derzeitiger,current
gewalttätiges,violent
verstärkten,reinforced
turniers,tournament
magnusson,magnusson
spöttelt,mocks
allianzen,alliances
marga,Marga
geseh,seen
gemeindemitglieder,community members
tucci,tucci
herunterfahren,shut down
bax,bax
auszumerzen,to eradicate
wischte,wiped
schraub,screw
klischeehaft,stereotypical
drogenkartell,drug cartel
stoppst,stop
kfc,kfc
operator,operator
pon,pon
buchclub,book club
lay,lay
polonius,Polonius
eldorado,Eldorado
bissel,a little
tüchern,cloths
sedgwick,sedgwick
grandiosen,magnificent
sicherheitsleuten,security guards
ängstlichen,anxious
cleverste,cleverest
rohling,blank
ignorierten,ignored
großkhan,Great Khan
staatskasse,state treasury
savastano,savastano
sicherte,secured
riesenhaufen,huge pile
blechdose,tin can
lügende,lying
antilope,antelope
schwirr,whir
quatsche,chatter
pullman,Pullman
goldfarb,gold-colored
pah-geister,pah-ghosts
ergattert,snagged
geburtshilfe,obstetrics
grässlicher,gruesome
genannter,mentioned
meinhard,Meinhard
kackwurst,turd
unbewusste,unconscious
obszönen,obscene
optimieren,optimize
saba,saba
atherton,atherton
strümpfen,stockings
specialist,specialist
unterstellungen,allegations
schummler,cheater
loris,Loris
gleichaltrigen,peers
bauerntrampel,farmer
netzwerken,networking
gürtelschnalle,belt buckle
beschieden,decided
bravo-rufe,bravo shouts
zetrov,zetrov
waldi,waldi
nachtschwester,night nurse
simona,Simona
verabredest,arranged
therapeutisch,therapeutic
atreju,atreju
gewordene,become
vierbeiner,four-legged friends
unmenschen,inhuman
mastani,mastani
schweigegelübde,vow of silence
raiko,raiko
sozialist,socialist
willkommensparty,welcome party
mitspiele,play
hufgetrappel,hoofbeats
rabauken,ruffians
coogan,coogan
vollstopfen,Stuff it full
chianti,Chianti
rettungsversuch,rescue attempt
consuelo,consuelo
lieblingssong,favorite song
überschritt,exceeded
überquerten,crossed
verneige,bow
tobbi,tobbi
rumzualbern,to fool around
kinderstation,children's ward
gewähr,guarantee
letztere,latter
schäbiges,shabby
warnst,warn you
gef,gef
offenhalten,keep open
reinspringen,jump in
lechero,lechero
meeker,meeker
sanborn,Sanborn
gärtnerei,nursery
hinreichenden,sufficient
wiederkehrt,returns
schafspelz,sheepskin
vizedirektor,deputy director
einkreisen,encircle
testeten,tested
gottfried,Gottfried
lehrbücher,textbooks
mahmud,Mahmud
mauritz,mauritz
kennys,Kenny's
eingießen,pour
überarbeitete,revised
betriebsrat,works council
mercado,mercado
endrunde,final round
fimpen,fimping
schäumt,foams
kniebeugen,squats
arbeitskollege,work colleague
anzuheben,to lift
dacier,Dacier
britannier,British
parieren,parry
eggsy,eggsy
freundschaftlichen,friendly
seeungeheuer,sea ​​monsters
costanza,Costanza
lilian,Lilian
konstruktive,constructive
trainingsprogramm,training program
rummacht,making out
aufwachten,woke up
wäscheleine,clothesline
quake,quake
lohan,Lohan
purpur,purple
joelle,joelle
emerenc,emerenc
roggenbrot,rye bread
leguan,iguana
managers,managers
fifty,fifty
europol,Europol
jungbrunnen,Fountain of youth
verriegelung,locking mechanism
quintessenz,quintessence
versauten,ruined
pailletten,sequins
auskratzen,scrape out
tauschhandel,barter
collie,collie
sitka,sitka
enteignet,expropriated
stephanies,Stephanie
lauscher,eavesdropper
pasa,pasa
kabarett,cabaret
milchshakes,milkshakes
natrium,sodium
intervenieren,intervene
putin,Putin
100-prozentig,100 percent
weiberheld,womanizer
geschehnissen,events
wiedererkennt,recognizes
werdenden,future
umziehe,moving
lebensbedrohlich,life-threatening
mauerblümchen,wallflower
elektrizitätswerk,power plant
promoviert,PhD
horik,horik
reduziere,reduce
internes,internal
nüchterne,sober
aufgespart,saved
versäumte,missed
luli,luli
hyun-seo,hyun-seo
diplome,diplomas
sportteil,sports section
amidala,Amidala
toshi,toshi
rückschritt,regression
gestreifte,striped
chiara,chiara
rasende,furious
maeve,maeve
schlaflos,sleepless
berglöwen,mountain lions
allenfalls,at most
putzmittel,cleaning products
neff,neff
stelzen,stilts
kentern,capsize
lädiert,damaged
schreckensherrschaft,reign of terror
waghalsig,daring
gebrechlich,frail
hinlegt,lies down
ungeschützten,unprotected
anfänglichen,initial
amarillo,yellow
schwulenbar,gay bar
uliamos,uliamos
18-jährigen,18-year-old
geburtsurkunden,birth certificates
sexsüchtig,sex addict
abklatschen,high five
lebenserhaltungssysteme,life support systems
speaker,speaker
müsliriegel,muesli bars
luftschächte,air shafts
kampieren,camping
verschönert,beautified
zins,interest
segelst,sail
verspätete,delayed
traualtar,wedding altar
sklaventreiber,slave driver
genehmigten,approved
orients,orients
rosenthal,Rosenthal
hus,house
spielzüge,moves
empfangshalle,lobby
vonstatten,take place
quack,quack
taki,taki
vollmachten,powers of attorney
unkenntlichkeit,unrecognizability
ersäufen,drown
zeng,zeng
überschwänglich,profusely
jills,Jill's
mikado,mikado
vanessas,Vanessa's
imitationen,imitations
malory,malory
muskelkater,sore muscles
boost,boost
irin,Irin
vervollständigt,completed
geölter,oiled
autopiloten,autopilot
gouda,Gouda
unterschieben,to slip in
beknackte,crazy
leihwagen,rental car
bestrafte,punished
alarmsirene,alarm siren
schmälern,narrow
rafiel,Rafiel
ferngesteuerte,remote-controlled
brandneuer,brand new
bundeskanzler,Chancellor
aufzuzeigen,to demonstrate
spikes,spikes
sms-ton,SMS tone
crabtree,crabtree
nachgeprüft,verified
toxisch,toxic
küchenboden,kitchen floor
umnieten,Knock them down
traci,traci
slogans,slogans
spreizt,spreads
blättert,flips
elendig,miserable
straferlass,pardon
unterstehe,subject
shores,shores
rubrik,category
sloanes,Sloanes
ebenezer,Ebenezer
maiwald,Maiwald
latten,slats
weideland,pastureland
kultivieren,cultivate
durchtrieben,cunning
wet,wet
bestach,bribed
wegschießen,shoot away
hauie,hauie
abschaltet,switches off
céline,Céline
denni331,denni331
widern,against
großrechner,mainframe
seidel,Seidel
stückes,piece
machado,machado
nachzulaufen,to chase after
dunkelhaarig,dark-haired
kokons,cocoons
wahlkampagne,election campaign
lagerhäuser,warehouses
unbewohnbar,uninhabitable
püree,puree
sakristei,sacristy
clock,clock
verkaufs,sales
atomen,atoms
grappa,grappa
eigenheiten,peculiarities
übersah,overlooked
schmetterlingen,butterflies
exekutionskommando,firing squad
holster,holster
duster,grim
amado,amado
schmachten,languish
nicklas,nicklas
laurens,Laurens
worldwide,worldwide
spross,offspring
sonderbarer,peculiar
hamm,Hamm
eragon,Eragon
zugeschnitten,tailored
freundschaftsbesuch,friendly visit
abzustreiten,to deny
feststeckt,stuck
arianna,arianna
dekans,dean
aktivposten,asset
bodenproben,soil samples
böschung,embankment
zulieferer,suppliers
herrschende,ruling
zurechtgekommen,coped
fernzusehen,watching television
wabash,wabash
überblicken,overview
darkhold,darkhold
bettwanzen,bed bugs
einnahmequelle,Source of income
toes,toes
rechtschaffenen,righteous
kifft,smokes weed
meechum,meechum
einflussreicher,influential
archimedes,Archimedes
hirnloser,brainless
gnu,gnu
gehirnblutung,cerebral hemorrhage
aktienkurs,share price
dubios,dubious
slattery,slattery
karpov,Karpov
tanzbein,dance leg
richtigem,correct
s11,s11
amp,amp
mortadella,mortadella
pfandleihe,pawnshop
win-win,win-win
zurückkäme,would return
schlachtruf,battle cry
beitrat,joined
relevante,relevant
brodeln,bubbling
gibsons,Gibsons
rinnstein,gutter
zentrifuge,centrifuge
einzufügen,to insert
bewohnten,inhabited
serpico,serpico
ungefragt,unsolicited
turnschuhen,sneakers
karlsson,Karlsson
neuguinea,New Guinea
bluts,blood
landmann,landman
lipton,lipton
nacktem,naked
zurücklaufen,run back
ungenügend,insufficient
aussätzigen,lepers
klientel,clientele
abbinden,tie off
grayza,grayza
zusammenfällt,coincides
unerlaubter,unauthorized
tragweite,scope
beschlagnahmung,seizure
produktiver,productive
kollaborateur,collaborator
drogenschmuggel,drug smuggling
kohlensäure,carbonic acid
jahresgehalt,annual salary
us-militär,US military
susy,Susy
brophy,brophy
friedenskorps,peace corps
bamm,boom
diplomatischer,diplomatic
fie,fi
melly,melly
rebirth,rebirth
schmeichelst,flatter
vernebeln,fog
rausspringt,jumps out
near,near
herzuholen,to get
schlüpfte,slipped
arcchancellor,archchancellor
mannix,mannix
speicherkarte,memory card
siezen,formal address
cheerio,cheerio
hhm,hhm
grundsätzen,principles
turing,Turing
idyllisch,idyllic
suliban,suliban
birma,Burma
schrillen,shrill
schlagmal,hit me
blütenblätter,petals
böcke,goats
zurückfordern,reclaim
vertreibst,drive
entrüstet,indignant
edelsten,most precious
unkonventionelle,unconventional
amandine,amandine
jenige,those
vertikal,vertical
belästigte,harassed
hyperion,hyperion
dageblieben,stayed
gelobten,promised
bewährungsanhörung,probation hearing
eingreiftruppe,intervention force
taschendiebe,pickpockets
reviers,district
dankbaren,grateful
plantagen,plantations
jjü,jjü
cia-agent,CIA agent
geschleust,smuggled
lebensgrundlage,livelihood
brünetten,brunettes
handwerklich,handcrafted
offenbare,reveal
dolittle,dolittle
piranha,piranha
rumerzählt,rumors circulated
heimen,homes
strampeln,pedaling
maiglöckchen,lily of the valley
robinsons,Robinsons
calabria,Calabria
skyes,skyes
umlegst,you
aladdin,Aladdin
knackte,cracked
pflücke,pick
abschiebung,deportation
kennung,identifier
iago,iago
montenegro,Montenegro
stibitzt,stole
vorratsraum,storage room
verschieb,postpone
machthaber,ruler
nettigkeiten,niceties
diebes,thief
schraubstock,vice
umgehungsstraße,bypass
zornige,angry
brainstorming,brainstorming
amamiya,amamiya
wellensittich,budgie
elche,moose
tael,tael
youssef,youssef
zerrissene,torn
luschen,loosen
geo,geo
liebeslieder,love songs
niederzulegen,to lay down
widerstandsfähig,resistant
partout,absolutely
unkooperativ,uncooperative
umgerannt,knocked over
duelle,duels
diddy,diddy
pässen,passports
parcours,course
aufgekommen,emerged
staatsoberhaupt,head of state
immobilienmaklerin,real estate agent
fransen,fringes
segment,segment
takayama,takayama
schleudertrauma,whiplash
j.c.,j.c.
sozialarbeit,social work
anwendungen,applications
sodawasser,soda water
nachwachsen,grow back
abhielt,held
française,French
mürrische,grumpy
schmutzwäsche,dirty laundry
erhebung,survey
verschollene,missing
hausierer,peddler
sherri,sheri
anbietest,offer
omnis,omnis
reagans,Reagan's
satzes,sentence
taue,rope
durchgebraten,cooked thoroughly
sozialleben,social life
geschäftsplan,business plan
weltraumstation,space station
x-men,x-men
riesengroßes,gigantic
ascanio,ascanio
robi,robi
attackierte,attacked
schweins,pig
crispin,crispin
langstreckensensoren,long-range sensors
beunruhigte,worried
lustvoll,pleasurable
schreibmaschinen,typewriters
schuldner,debtor
lyra,lyre
bachman,Bachman
seezunge,sole
mitschuld,complicity
dijon,Dijon
wunschtraum,wishful thinking
davongetragen,carried away
nuri,nuri
geblitzt,caught speeding
unbedeutendes,insignificant
alvy,alvy
njet,nyet
unklarheiten,ambiguities
kreationen,creations
britin,British woman
zuzumachen,to close
salben,anoint
brandbeschleuniger,fire accelerant
loszukommen,to get away
sause,sause
unausgeglichen,unbalanced
shakes,shakes
ahead,ahead
pädagogik,pedagogy
schlagermusik,Schlager music
rosarote,pink
schulfreunde,school friends
errötet,blushes
obskuren,obscure
zuhälterei,pimping
serbische,Serbian
rosine,raisin
suat,suat
chirurgischer,surgical
nachgiebig,yielding
zorniger,angry
zweifele,doubt
zurückpfeifen,call back
waten,wade
gorgo,gorgo
einnahm,took
glückssache,a matter of luck
adamsapfel,Adam's apple
alchemy,alchemy
südwärts,south
staatsgeheimnis,state secret
unterjubeln,sneakily
freibekommen,get time off
bauernmarkt,farmers market
ländliche,rural
bedeutsames,significant
bedeutsame,significant
geburtshelfer,obstetrician
playing,playing
gutherzig,kindhearted
tiefgang,depth
gehsteig,pavement
heimgefahren,drove home
seriöses,reputable
mub,mub
buffys,Buffy's
weltbild,worldview
farblos,colorless
gwynne,Gwynne
rasche,rapid
gestreiften,striped
wegzulocken,to lure away
quälgeist,tormentor
exhumierung,exhumation
beweises,proof
rothaariger,redhead
schleimigen,slimy
erstaunlichste,most amazing
auskennst,know
hauptperson,main character
zurückgereist,returned
hetzte,incited
verstauchung,sprain
eifriger,eager
zusammennehmen,combine
neuville,Neuville
warscheinlich,probably
starlight,starlight
biegung,bend
sadik,sadik
austrittswunde,exit wound
dwarves,dwarves
egoisten,egoists
entbinde,release
nonnatus-haus,nonnatus-haus
geziemt,befitting
dazugeben,add
cas,cas
vorangetrieben,advanced
dabehalten,retained
wildeste,wildest
kompensiert,compensates
schuljungen,schoolboys
catrina,catrina
riskantes,risky
vermeintliche,alleged
allerwertesten,most awful
gekreische,screeching
abschneide,cut off
greenville,Greenville
bride,bride
buttermilch,buttermilk
zerspringen,shatter
afrikanisch,African
fluggäste,passengers
skorbut,scurvy
sicherheitsberater,security consultant
recycelt,recycled
vertrocknete,dried out
panikraum,panic room
gesteinigt,stoned
damons,damons
inschriften,inscriptions
jingles,jingles
poltert,thunders
dreiundzwanzig,twenty-three
highlands,highlands
mookie,mookie
einbehalten,retain
anzuzapfen,to tap
tabor,tabor
schwimmteam,swimming team
pxxx,pxxx
schwerverbrechen,serious crimes
salina,salina
maschen,stitches
hexenbiest,Hexenbiest
hauptzeuge,main witness
prissy,Prissy
mckinney,McKinney
ärztekammer,medical association
bettnässer,bedwetter
steuerprüfung,tax audit
kretin,cretin
cougars,cougars
verursachst,caused
zurückdenke,Looking back
sikozu,sikozu
dembe,dembe
sekundenkleber,superglue
zumacht,closes
spröde,brittle
ausnüchterungszelle,sobering-up cell
rausschlagen,knock out
rekordzeit,record time
konzerns,group
suchmaschine,search engine
politikerin,politician
feindselige,hostile
walen,whales
wirksamkeit,effectiveness
buntes,colorful
camilo,Camilo
mhh,mh
schleicher,sneak
überwachten,monitored
rizvan,rizvan
zubeißen,bite
rainey,rainey
jodelt,yodels
chronischer,chronic
megs,megs
angemietet,rented
ethnischen,ethnic
naturgesetz,natural law
versicherungsvertreter,insurance agent
lakes,lakes
clothes,clothes
sumatra,Sumatra
otilia,otilia
aufwarten,to offer
einsetzten,use
finnische,Finnish
paisley,paisley
durchhalte,persevere
neuengland,New England
2te,2nd
gondeln,gondolas
stützräder,training wheels
pornofilme,porn movies
leblose,lifeless
kriegerischen,warlike
lagertha,Lagertha
hautausschlag,skin rash
flan,flan
abzuschlachten,to slaughter
rivalisierenden,rival
kondomen,condoms
gesamtheit,entirety
gambini,Gambini
ausgereift,mature
mya,mya
geschöpfen,creatures
reston,reston
welken,wilt
anschwärzen,to denounce
farbstoff,dye
chemiefabrik,chemical factory
abtrennung,separation
ausrastet,freaks out
streusel,sprinkles
kommandoposten,command post
sonder,special
viehzüchter,rancher
abstellraum,storage room
gimme,gimme
m-16,m-16
unterwandert,infiltrated
abertausende,tens of thousands
rasante,rapid
makrelen,mackerel
broad,broad
umbenannt,renamed
tomahawk,tomahawk
dun,dun
vaughns,Vaughn's
abklemmen,disconnect
escort,escort
nanna,nanna
krumitz,Krumitz
schwedisches,Swedish
verstopfte,clogged
puritaner,Puritan
sonderbares,strange
vibes,vibes
aufführungen,performances
norén,norén
nachrede,gossip
poetische,poetic
sullivans,Sullivan's
brandons,Brandon's
yoichi,yoichi
reduzierung,reduction
manilow,manilow
gedächtnislücken,memory gaps
cujo,cujo
accessoire,accessory
büschel,tuft
fingerspitzengefühl,sensitivity
beaujolais,Beaujolais
bekanntmachen,announce
übermut,arrogance
schüchterner,shy
aristokrat,aristocrat
polina,Polina
mobley,mobile
scho,already
ruhme,fame
44er,44
wutausbruch,tantrum
liaison,liaison
libre,libre
zärtlichkeiten,tenderness
wahrscheinlichsten,most likely
roadie,roadie
greenberg,Greenberg
gesetzgeber,legislator
knüpft,links
beizeiten,in good time
sicherheitsrat,security council
vorzügliche,excellent
anspruchsvollen,demanding
einheimsen,to collect
tui,tui
trollen,trolls
aufmachte,opened
stirling,Stirling
zuckerbrot,sugar bread
akiko,Akiko
zusammenkamen,came together
sinkenden,sinking
zielfernrohr,scope
sussman,Sussman
rekrutierung,recruitment
inszenierte,staged
durango,Durango
pfizer,Pfizer
europäisch,European
hmhm,hmm
eingearbeitet,incorporated
sprechstundenhilfe,receptionist
geschäftsleuten,business people
toddy,toddy
maribel,Maribel
kleides,dress
einklinken,connect
mystischer,mystical
tupfen,dab
hendersons,Hendersons
gelbsucht,jaundice
tipi,tipi
albright,Albright
stanleys,Stanley's
beizulegen,to enclose
foy,foy
filz,felt
kerzenschein,candlelight
wi-i-i-i-i-i-i-ll,wi-i-i-i-i-i-i-ll
erstickung,suffocation
abbildung,illustration
cielo,cielo
kommander,commander
jagdunfall,hunting accident
entwenden,steal
gelegentlichen,occasional
blödsinnig,nonsense
audreys,Audrey's
papis,papis
megaphon,megaphone
dschingim,Genghis Khan
götzen,idols
meereen,seas
gefängnisausbruch,prison break
zücken,pull out
ratsmitglieder,council members
pfennige,pennies
stimmzettel,ballot
sixtinische,Sistine Chapel
berti,Berti
regelmäßiger,regular
achselhöhlen,armpits
wirrwarr,confusion
magali,magali
großhändler,wholesaler
gantry,gantry
schubse,push
hauslehrer,private tutor
jovi,jovi
lieblingsbeschäftigung,favorite pastime
gehörnte,horned
aussätziger,leper
aufspürt,tracks down
kriegszustand,state of war
spektakuläres,spectacular
verklebt,glued
nanette,nanette
pakistanischen,Pakistani
streitlustig,argumentative
marybeth,Marybeth
luper,magper
reifenpanne,flat tire
bevorzugten,preferred
reben,vines
verdrängte,repressed
milden,mild
bespringen,jump
verbocken,mess up
atrium,atrium
rodolphe,Rodolphe
llewellyn,llewellyn
reflektion,reflection
kreissäge,circular saw
tae-il,tae-il
rüstet,equips
zwanghafte,compulsive
photonen,photons
morningstar,morningstar
leistungsfähigkeit,performance
sho,sho
melina,Melina
faustschlag,fist punch
ballkleid,ball gown
dorbeck,Dorbeck
lazare,Lazarus
querschläger,ricochet
spendensammlung,fundraising
clemente,Clemente
wildpferde,wild horses
tobys,toby's
bekleidung,clothing
erfolgsbilanz,track record
absaufen,drown
vermurkst,botched
unangemessene,inappropriate
matias,matias
dorsey,Dorsey
ausbessern,repair
rinne,gutter
zurückwerfen,throw back
rea,rea
grayer,grayer
scheuchen,scare
flavius,flavius
fortschritten,progress
primitives,primitive
zugs,trains
schu,shoe
loudon,loudon
panorama,panorama
niagarafälle,Niagara Falls
ärmeln,sleeves
besorgung,errand
umzuleiten,to redirect
strucker,strucker
westdeutschland,West Germany
hanna27,hanna27
gewühlt,rummaged
grim,grim
schmeissen,throw
connally,connally
rebadow,rebadow
stecht,stings
zerteilen,divide
schwächlich,weak
obstsalat,fruit salad
mystisches,mystical
klassenbester,best in class
trecker,tractor
hinkle,Hinkle
runtergeschluckt,swallowed
streu,scatter
mutterliebe,mother's love
cj,cj
revanchiere,revenge
bravour,bravura
theres,there
einäugigen,one-eyed
malm,malm
gewichts,weight
befiehl,command
eladio,eladio
verdünnt,diluted
salpeter,saltpeter
helms,helms
verschluckte,swallowed
imperialen,imperial
stockbesoffen,completely drunk
ausfechten,fight it out
philanthrop,philanthropist
gegenüberliegenden,opposite
wassa,wassa
zufälliges,random
polarität,polarity
süsses,sweet
auftragsmord,contract killing
erfrischen,refresh
bratensoße,gravy
druckplatten,printing plates
lasky,lasky
eingespielt,played
europäisches,European
diskriminiert,discriminated against
koffeinfrei,caffeine-free
oberflächen,surfaces
kiras,Kira's
tilney,tilney
turks,Turks
aufgefahren,driven
demetri,demetri
fürstentum,principality
kopfjäger,headhunters
gegenseitiger,mutual
kaffeetisch,coffee table
gwenda,Gwenda
ausreise,departure
kitzbühel,Kitzbühel
galindo,galindo
bewirkte,caused
vorbeischicken,send by
lloyds,Lloyds
kinderstube,nursery
edelste,finest
gangsterboss,gangster boss
strafkolonie,penal colony
pork,pork
hineingegangen,went inside
chinin,quinine
killermaschine,killer machine
kenai,Kenai
bettelarm,dirt poor
picknickkorb,picnic basket
grüssen,greet
ausreisen,depart
oyster,oyster
bahnbrechende,groundbreaking
eisenbahner,railway worker
anreise,arrival
seeigel,sea ​​urchin
anzusetzen,to apply
dress,dress
bemalte,painted
amman,Amman
erwähn,mention
todeswunsch,death wish
dorado,dorado
laust,lice
blutgruppen,blood groups
feuerprobe,trial by fire
auslauf,outlet
shue,shue
beweglichen,movable
spinnennetz,spider web
blutverschmiert,blood-smeared
wertgegenstände,valuables
irs,irs
leblosen,lifeless
morcerf,morcerf
weltausstellung,world's fair
hauptfeldwebel,sergeant major
reinzuplatzen,to burst in
crisval,crisval
nebeneffekte,side effects
bottich,vat
pobacken,buttocks
muskatnuss,nutmeg
deformiert,deformed
pff,pff
stout,stout
schreihals,screamer
übergabeort,handover location
bammel,jitters
abgöttisch,idolized
fesselten,bound
marokkaner,Moroccan
quijote,Quixote
alfreds,Alfred
dah,dah
misshandelte,abused
lasalle,la salle
syndikats,syndicate
blutrausch,bloodlust
guthrum,good rum
stattlichen,stately
himbeere,raspberry
geschmacklosen,tasteless
dauerten,lasted
fruchtwasser,amniotic fluid
pierres,Pierres
unübertroffen,unsurpassed
flocken,flakes
vogelgrippe,bird flu
fortzupflanzen,to reproduce
phantastischen,fantastic
artgenossen,fellow species
herunterladen,download
konservieren,preserve
purvis,purvis
gonzague,gonzague
ewiglich,eternally
radiergummi,eraser
baseballkarten,baseball cards
knattert,rattles
sekundären,secondary
türkis,turquoise
maia,maia
vroni,Vroni
schweinekoteletts,pork chops
sheldrake,Sheldrake
nächtlicher,nighttime
geschaukelt,rocked
matata,matata
cayenne,cayenne
begib,go
sinnlichen,sensual
bitterkalt,bitterly cold
außenseiterin,outsider
sklavenarbeit,slave labor
bestrebt,striving
zickzack,zigzag
verängstigtes,frightened
adoptionsagentur,adoption agency
fielst,fell
sigismund,Sigismund
besprechungsraum,meeting room
voulez,voulez
neubau,new building
beschwerlich,arduous
bügelt,irons
rookie,rookie
flackert,flickers
umprogrammiert,reprogrammed
zugange,in progress
innendienst,internal service
verteidigten,defended
spezifischer,specific
touvier,touvier
zwänge,compulsions
sandbank,sandbank
mitzuerleben,to witness
unfrieden,discord
einstweilen,for the time being
grillenzirpen,crickets chirping
wok,wok
dionne,dionne
durchzubrennen,to run away
sauerstoffgehalt,oxygen content
marching,marching
faceplant,faceplant
dumpty,dumpty
riddick,riddick
omicron,omicron
brettspiele,board games
anzündet,ignites
dienerinnen,maids
herauszuhalten,to be kept out
vornimmt,undertakes
rostlaube,rust bucket
blutsverwandt,blood related
verkracht,crashed
gartenparty,garden party
zwischenzeitlich,in the meantime
morgensonne,morning sun
wiggins,Wiggins
warenlager,warehouse
badeanzüge,swimsuits
stelldichein,rendezvous
unabdingbar,indispensable
pils,pils
veranstalter,organizer
wüsst,knew
begehr,desire
moralapostel,moralizer
kletterten,climbed
prof,professor
raymonds,Raymond's
depressive,depressive
ehrenamtliche,volunteer
inkarnation,incarnation
bambino,bambino
nub4u,nub4u
schatztruhe,treasure chest
meb,meb
zurückbeordert,recalled
außenstehender,outsider
silberstreif,silver lining
erfassung,recording
holts,holts
meerenge,strait
prostituieren,prostitute
glücksgefühl,feeling of happiness
disco-musik,disco music
afrikanisches,African
wiegand,wiegand
shayla,shayla
ex-frauen,ex-wives
akupunktur,acupuncture
petschek,petschek
vulgäre,vulgar
hysterischen,hysterical
stonehenge,Stonehenge
sternhagelvoll,completely drunk
flachzulegen,to flatten
festsitze,stuck
scheinfirma,shell company
kilt,kilt
gigant,giant
vergis,forget
scharfschützengewehr,sniper rifle
zurückzufahren,to drive back
familienangehörigen,family members
feindkontakt,enemy contact
rastete,rested
eingekerkert,imprisoned
wagten,dared
fortsetzt,continues
wohltätigkeitsorganisation,charity
stink,stink
gedrungen,squat
eintragungen,entries
kränkung,insult
guatrau,guatrau
smash,smash
republikanern,Republicans
lebensstandard,standard of living
durchzug,draft
längengrad,longitude
wildern,poaching
sarkoidose,sarcoidosis
oy,oy
platzierung,placement
fischfabrik,fish factory
restarick,restarick
geschäftsleben,business life
versicherungssumme,sum insured
hüllt,wraps
volkszählung,census
siggy,Siggy
übersinnlich,psychic
liebenswerten,lovable
tanzschritte,dance steps
finanzkrise,financial crisis
aitan,aitan
books,books
kanonenfutter,cannon fodder
verkehrskontrolle,traffic control
weckten,woke
bierflasche,beer bottle
azusa,Azusa
nachtsicht,night vision
dazukommen,join in
lauthals,loudly
pornofilm,porn film
angelacht,smiled
bissl,a little
anspreche,address
krankenhausreif,hospitalization required
konferenzzimmer,conference room
ilithyia,ilithyia
spagat,splits
jelena,jelena
involvieren,involve
pfaffen,priests
heuboden,hayloft
tennisschläger,tennis racket
hightech,high-tech
lafitte,Lafitte
herauskriegen,find out
zunder,tinder
saust,zooms
talents,talents
xiv.,xiv.
versagern,failures
masseurin,masseuse
dianes,Diana
tarnt,camouflages
artisten,artists
umbrella,umbrella
kurses,course
erforschte,researched
lebenswillen,will to live
mailänder,Milanese
selbstgemachte,homemade
guo,guo
trödelt,dawdles
elroy,Elroy
zurückblicke,looking back
wertet,evaluates
rumgealbert,fooling around
denkfabrik,think tank
parkschein,parking ticket
s01e09,s01e09
verachtete,despised
manifestieren,manifest
geschichtsstunde,history lesson
ergreif,seize
tröten,honking
lead,lead
strotzt,brimming
selbstzweifel,self-doubt
colfax,Colfax
sinkflug,descent
mitfeiern,join the celebration
lästiger,annoying
gutgläubig,in good faith
lesebrille,reading glasses
jilly,jilly
elends,misery
politesse,politeness
gerafft,condensed
chuckles,chuckles
potentieller,potential
pallas,Pallas
vitale,vital
verständlicher,more understandable
formuliere,formulate
beltran,beltran
blutsbruder,blood brother
kavanaugh,kavanaugh
devine,divine
fledermäusen,bats
friedensabkommen,peace agreement
instand,instant
mundschutz,face mask
zweitklassigen,second-class
abzuschlagen,to strike
dastan,dastan
enzian,gentian
canadian,Canadian
drumlin,drumlin
pikant,spicy
hidden,hidden
castings,castings
gangmitglied,gang member
metcalf,metcalf
konventionell,conventional
hilferufe,cries for help
zielgerade,home stretch
riesengroßen,gigantic
sicherheitsbüro,security office
globalisierung,globalization
dior,dior
neurosen,neuroses
beiträgt,contributes
cooperman,Cooperman
hunsrück,Hunsrück
schweißer,welder
nebelhorn,foghorn
patrouilliert,patrols
pflanz,plant
bacchus,Bacchus
teasdale,teasdale
kapitalistischen,capitalist
kalaschnikow,Kalashnikov
systemausfall,system failure
unfallstelle,accident site
diaphragma,diaphragm
kriminallabor,crime lab
hôtel,hotel
gejagten,hunted
upton,upton
inglethorp,inglethorp
daffy,daffy
profits,profits
geckos,geckos
brandmal,brand
riordan,Riordan
kingdom,kingdom
jugendzentrum,youth center
hängengeblieben,got stuck
knappes,brief
angeschwemmt,washed ashore
ausgeklügelt,ingenious
schleimen,to sycophant
ausführlicher,more details
allisons,Allison's
illegalem,illegal
tötens,killing
zugelaufen,found
allet,everything
ü,ü
gio,gio
künstlerisches,artistic
murmelst,murmurs
überspringt,skips
hausdiener,house servant
limone,lime
rangehst,you approach
sternenstaub,stardust
hewlett,hewlett
nygaard,nygaard
stamford,stamford
trille,trille
newsweek,newsweek
blutrache,blood feud
tashi,tashi
überquere,cross
pelzigen,furry
sperber,sparrowhawk
tribeca,tribeca
gruyter,Gruyter
fehleinschätzung,misjudgment
experimentell,experimental
dato,date
treues,loyal
büchlein,booklet
m.j.,m.j.
prinzesschen,little princess
nähmen,take
neptune,Neptune
bodo,bodo
beflecken,stain
psychiatrischer,psychiatric
taubenschlag,dovecote
khal,khal
jb,jb
sonnenblumen,sunflowers
estates,estates
facetten,facets
rhabarber,rhubarb
eames,eames
anfängerfehler,beginner mistakes
kittridge,kittridge
hauptsturmführer,Hauptsturmführer
dozenten,lecturers
ernstlich,seriously
glã,glã
pompeius,Pompey
gebrabbel,babble
maciste,maciste
aufzuschieben,to postpone
davongemacht,made off
margery,margery
hauptbuch,ledger
eingepennt,fell asleep
geisterschiff,ghost ship
kricket,cricket
fahrprüfung,driving test
senkte,lowered
scoop,scoop
mitgewirkt,participated
verbitterte,bitter
fluchtmöglichkeit,escape route
porta,porta
jeter,jeter
bäche,streams
riten,rites
bastion,bastion
darfich,May I
zunehmenden,increasing
glimpflich,fortunately
aladin,aladdin
anklopft,knocks
drogengeschäfte,drug deals
tachibana,tachibana
bahrain,Bahrain
klatschpresse,tabloid press
theron,theron
unterstreicht,underlines
paranormalen,paranormal
dessler,dessler
tribbles,tribbles
admiralität,Admiralty
wellesley,Wellesley
borschtsch,borscht
myspace,myspace
verspürst,do you feel
verfärbung,discoloration
berner,Bernese
seebarsch,sea ​​bass
alleinerziehend,single parent
mathers,mathers
attentats,assassination
druckverband,pressure bandage
anfallen,to be incurred
pharaoh,pharaoh
charmantes,charming
bigamie,bigamy
proktor,proctor
majestét,majestét
bettlerin,beggar
eaton,eaton
hereinplatzen,burst in
jockeys,jockeys
abbé,abbot
magma,magma
ramada,Ramada
ramponiert,battered
anthropologin,anthropologist
angestrengtes,strained
tabasco,Tabasco
weihnachtsgeschichte,Christmas story
rust,rust
verschwimmen,blur
uriniert,urinated
draufhat,has it
jaeger,hunter
präsentierten,presented
abenteuerliche,adventurous
hortensien,hydrangeas
bohre,drill
villette,villette
ehrenhalber,honorary
mechanikerin,mechanic
geistergeschichte,ghost story
rambaldis,rambaldis
unpünktlich,unpunctual
mccoys,McCoy's
kulle,kulle
hedda,hedda
klimaanlagen,air conditioning systems
gurney,Gurney
principal,Principality
kimchi,kimchi
missbilligt,disapproves
abkommens,agreement
kriegsverletzung,war injury
walts,Walt's
lethal,lethal
sönke,Sönke
konvois,convoys
renkt,adjusts
tachykard,tachycardic
stimmrecht,right to vote
kirill,Kirill
einflussreichsten,most influential
teleportation,teleportation
vorbildliche,exemplary
äfft,ape
beasley,beasley
estella,estella
abnormale,abnormal
m.k.,m.k.
hübschere,prettier
sonderbaren,peculiar
reiskuchen,rice cakes
trübsinnig,gloomy
uk-serien,UK series
jessas,Jesus
beurlaubung,leave of absence
impfstoffe,vaccines
schwefelsäure,sulfuric acid
krampfanfall,seizure
vorauszahlung,prepayment
azgeda,Azgeda
absehbarer,foreseeable
gaudi,fun
hakuna,hakuna
geteiltes,shared
abdichten,seal
justieren,adjust
angélica,Angelica
jugendfreund,childhood friend
zunimmt,increases
koda,koda
waagerecht,horizontal
nöte,needs
ausbildungslager,training camp
gehalts,salary
streikbrecher,strikebreaker
bunting,bunting
branntwein,spirits
unterzeichneten,signed
schwermut,melancholy
strategischer,strategic
tiara,tiara
gianopolous,gianopolous
tallmadge,tallmadge
energiequellen,energy sources
lokales,local
ferraris,Ferraris
melchior,Melchior
coil,coil
narita,narita
überfürsorglich,overprotective
mcphee,mcphee
aileen,aileen
konfirmation,confirmation
startlinie,starting line
sauferei,drinking
mißverständnis,misunderstanding
ltd,Ltd
erstgeborener,firstborn
geschäftsreisen,business trips
ausgepumpt,pumped out
angeheitert,tipsy
damenunterwäsche,women's underwear
grässliches,gruesome
hilfskräfte,auxiliary staff
fourth,fourth
stranden,stranded
smirre,smirre
komödiant,comedian
anbeißt,bites
zerrissenen,torn
willkür,arbitrariness
untätigkeit,inaction
an.,to.
protokollieren,log
mallard,Mallard
butt,butt
unschätzbar,invaluable
hinauslaufen,run out
mordor,Mordor
edgington,Edgeton
bestechungsgeld,bribe
kindergeburtstag,children's birthday party
bedauernswerte,regrettable
gerechtes,just
sweetwater,sweetwater
konturen,contours
eingeritzt,etched
farell,farell
vivat,vivat
troys,troys
verkleide,disguise
compadre,compadre
eingereist,entered
lüstling,lecher
morsch,rotten
freizubekommen,to get released
charakterstärke,strength of character
deutlichen,clear
opry,opry
grafton,Grafton
brechreiz,nausea
meta-mensch,meta-human
bockhorn,Bockhorn
happened,happened
mulmig,uneasy
vitaminen,vitamins
zermahlen,ground
psychoanalytiker,psychoanalyst
wildman,wildman
destruktiv,destructive
patna,Patna
taik,taik
implodieren,implode
hep,hep
wohltätig,charitable
dahmer,dahmer
halbgott,demigod
unterführung,underpass
einschluss,inclusion
verdorbener,spoiled
barrie,barrie
privilegierte,privileged
schnuffi,Schnuffi
gelage,feast
aragorn,aragorn
nanda,nanda
wiederhabe,have again
sympathische,likeable
spielstand,score
verprasst,squandered
herkömmlichen,conventional
überschwemmen,flood
janne,Janne
kittredge,kittredge
kinderkrankenhaus,children's hospital
todschick,very chic
inch,inch
lwaxana,lwaxana
anthonys,Anthony's
benning,Benning
trinidad,Trinidad
vermisstenmeldung,missing person report
fischhändler,fishmonger
highlights,highlights
aquitanien,Aquitaine
hasegawa,hasegawa
daliegen,lying there
lateiner,Latin
aminosäuren,amino acids
gräten,bones
wetteifern,compete
stechenden,stinging
belesen,well-read
doktorin,doctor
horns,horns
cyr,cyr
giftschlange,venomous snake
viertelmeile,quarter mile
sommerzeit,summer time
ehegatten,spouses
darstellte,represented
margarine,margarine
damenhaft,ladylike
guinan,guinan
mute,mute
saratoga,saratoga
ereilen,to befall
abkoppeln,decouple
entlohnung,remuneration
fernhältst,keep away
goblin,goblin
schleppend,sluggish
italia,Italy
cairo,Cairo
aleksei,Aleksei
marti,marti
vergöttere,idolize
bäuerchen,burp
ersparnissen,savings
verabredeten,arranged
abgebrüht,hardened
übersetz,translate
gebunkert,bunkered
molkerei,dairy
gutmütigkeit,good nature
geraldo,Geraldo
rausbringt,releases
bodine,body
friedensgespräche,peace talks
gesetzbuch,law book
leith,Leith
reproduziert,reproduced
intubiert,intubated
ratchett,ratchett
türkisches,Turkish
geirmundur,Geirmundur
eigenarten,peculiarities
flaschengeister,bottle genies
steinbock,Capricorn
satomi,satomi
menüs,menus
solutions,solutions
mosaik,mosaic
kryptonische,Kryptonian
siren,siren
auffällige,conspicuous
abgetrennte,detached
gescheiterter,failed
reihenhaus,terraced house
alisa,Alisa
belli,belli
hausflur,hallway
feuerwehrauto,fire engine
foie,foie
akut,acute
hierhergezogen,moved here
merchant,merchant
verkrampfen,tense up
konfrontierte,confronted
kepler,Kepler
videokameras,video cameras
hocharbeiten,work your way up
mija,mija
räudige,mangy
drea,drea
akademisch,academic
anästhesist,anesthetist
feiglingen,cowards
radford,Radford
x-beliebigen,any random
salzige,salty
optisch,optically
verdauungstrakt,digestive tract
mani,mani
pulsiert,pulsates
oberliga,Oberliga
gepokert,poker
orangefarbenen,orange
ahhhh,ahhhh
interstellare,interstellar
bodenkontrolle,ground control
macoco,macoco
saxofon,saxophone
owl,owl
record,record
sammlerstücke,collectibles
kompromisslos,uncompromising
zollbehörde,customs authority
schlanken,slim
galeeren,galleys
containern,container
heterosexuell,heterosexual
bumble,bumble
jamba,jamba
straßennamen,street names
moro,moro
heuchlerisch,hypocritical
französinnen,French women
goodweather,goodweather
deedee,deedee
könnens,can
herumgeschubst,pushed around
kurts,Kurt's
fleury,fleury
reykjavík,Reykjavik
opferung,sacrifice
darken,darken
anzüglich,suggestive
mclaughlin,McLaughlin
handhabung,handling
herzensgüte,kindness
jeannies,Jeannies
greys,greys
thursby,Thursby
limoges,Limoges
floriert,flourishing
draufstehen,It says
schmuckstücke,jewelry
verena,Verena
tristin,tristin
gestöhnt,groaned
bazillus,bacillus
gemeinnützigen,non-profit
drewe,drewe
verweigerten,refused
entzog,withdrawn
besuchszeiten,Visiting hours
multimillionär,multimillionaire
haddock,haddock
schnitzereien,carvings
hervorgehen,emerge
micke,Micke
verfolg,pursuit
krummes,crooked
nahmt,took
angedroht,threatened
bösartigkeit,malignancy
plastischer,plastic
weisser,white
sekundäre,secondary
gerad,just
unrechtmäßig,unlawfully
unterhaus,lower house
regungslos,motionless
pell,pell
stacie,stacie
marchese,marchese
nuklear,nuclear
fußballtraining,football training
gewöhnte,accustomed
mundschenk,cupbearer
einverständniserklärung,declaration of consent
versicherten,insured
gian,gian
mindert,reduces
fuad,fuad
wortgewandt,eloquent
wunschzettel,wish list
einweihungsparty,housewarming party
manneskraft,manpower
rahim,Rahim
hauptschalter,main switch
streicherklänge,string sounds
mulholland,Mulholland
respektable,respectable
entsprang,originated
grußfrequenzen,greeting frequencies
kastration,castration
twan,twan
tauglich,suitable
ilan,ilan
tätowierten,tattooed
verspottest,mock
durchzudringen,to penetrate
spülst,rinse
belebten,revived
reims,Reims
notebook,notebook
choreografie,choreography
musikunterricht,music lessons
schwuli,gay
piepston,beep
verfasste,written
produktive,productive
ostafrika,East Africa
kriminalitätsrate,crime rate
lor,lor
promoten,promote
knallharten,hardcore
schatzinsel,Treasure Island
lutschst,suck
entsendet,sent
verhasst,hated
cic,cic
dickem,thick
cath,Cath
koexistenz,coexistence
transsilvanien,Transylvania
brächten,bring
beschriften,label
vertrauensselig,trusting
einstreichen,coat
weight,weight
berufsleben,professional life
säubere,clean
wartens,waiting
signaturen,signatures
sobotka,sobotka
irgendeins,any
torrey,torrey
vámonos,vámonos
augenwinkel,corner of the eye
sacht,gently
brunswick,Brunswick
lurch,amphibian
ansatzpunkt,starting point
u.s.a.,USA.
schilden,shield
hintretet,step back
muffit,muffit
inspektoren,inspectors
philosophischen,philosophical
aufzusammeln,to collect
auszüge,excerpts
wählerschaft,electorate
five-0,five-0
unbefangen,unbiased
erzahlen,tell
kapellmeister,bandmaster
diskus,discus
anfällt,arises
ly,ly
stallungen,stables
trockeneis,dry ice
wohnraum,living space
umgestiegen,changed
gleichwohl,nevertheless
greek,Greek
zor-el,zor-el
schattens,shadows
hefner,hefner
mimsy,mimsy
verkehrspolizei,traffic police
ausleeren,empty
prominenz,celebrity
karthago,Carthage
schornsteinfeger,chimney sweep
lessing,lessing
gently,gently
kritikern,critics
forney,forney
bourgeois,bourgeois
brummbär,grumpy bear
lexy,Lexy
aman,aman
pup,pup
stürbe,died
grenoble,Grenoble
versuchtest,tried
affaire,affair
authority,authority
hexenjäger,witch hunter
ruthy,Ruthy
debbies,debbies
nom,nom
puffy,puffy
dirt,dirt
durchblicken,see through it
hafturlaub,prison leave
rettich,radish
fürcht,fear
gilberts,Gilberts
gürkchen,gherkins
schützlinge,protégés
wedelt,waving
montecito,montecito
schnippen,snap
autorisation,authorization
aufstocken,increase
weinberge,vineyards
fehlschlägt,fails
verantwortlicher,responsible
steakhaus,steakhouse
tish,table
doss,doss
einschleichen,sneak in
quiero,quiero
körbchengröße,cup size
flood,flood
hinweggekommen,got over it
hasso,Hasso
hlt,hlt
eyre,eyre
verantwortungen,responsibilities
betrauert,mourns
parolen,slogans
verhungerst,starve
aufriss,opening
erdnüssen,peanuts
hershey,Hershey
unfruchtbarkeit,infertility
schausteller,showman
hectors,Hector's
aufzuzwingen,to impose
scherst,shears
raser,speeder
oberflächlichen,superficial
feindseligen,hostile
cyb,cyb
gwens,Gwen's
warmhalten,Keep warm
spaßiger,fun
knabbert,nibbles
wohnungssuche,apartment search
verben,verbs
schalttafel,control panel
warpfaktor,warp factor
dries,dries
huldigung,homage
one-night-stands,one-night stands
augenhöhle,eye socket
justizsystem,justice system
kochkurs,cooking class
zukam,came
selbstschutz,self-protection
großherzog,Grand Duke
gateway,gateway
entlaufen,escaped
bauerntölpel,peasant fool
gaye,gay
norville,Norville
anymore,no more
fünfen,five
schlappmachen,give up
argumenten,arguments
allura,allura
musizieren,make music
zweifache,double
bezaubert,enchanting
innenleben,interior
unmenschliche,inhuman
bundesbehörde,federal authority
unfallopfer,accident victims
piekst,pricks
metzler,Metzler
mendes,mendes
geentert,boarded
stuff,stuff
anfunken,radio
studebaker,studebaker
glucke,hen
zeitreisenden,time travelers
tanzlehrer,dance teacher
einwirken,have an effect
baldigen,soon
bevis,bevis
fügst,add
unzulänglich,inadequate
jauchegrube,manure pit
nacktbaden,skinny dipping
ungeheuren,tremendous
thompkins,thompkins
ungeteilte,undivided
blitzer,speed camera
jal,jal
eckbüro,corner office
engem,close
tunken,dip
smokings,smokings
geschehn,happened
outside,outside
unverbindlich,Non-binding
nia,nia
runterspringen,jump down
chin-chin,chin-chin
anbei,enclosed
mechanischer,mechanical
nordkoreaner,North Koreans
lean,lean
bronski,bronski
scherbatsky,Scherbatsky
betrank,drunk
narzisst,narcissist
bulldogs,bulldogs
biologe,biologist
versiegelte,sealed
korrumpieren,corrupt
klemmbrett,clipboard
begleiche,settle
nirwana,nirvana
landbesitzer,landowner
strahle,radiate
halsketten,necklaces
unbefleckt,immaculate
ziyal,ziyal
ethans,ethans
trigonometrie,trigonometry
reingekriegt,got it in
14-jähriger,14-year-old
übergangsphase,transition phase
benützt,used
lukrative,lucrative
schreibtische,desks
prioren,priorities
lumbalpunktion,lumbar puncture
anzuwerben,to recruit
ips,ips
más,more
across,across
reißleine,ripcord
landgang,shore leave
auslacht,laughs
maximieren,maximize
anhaltenden,persistent
dahingerafft,wiped out
es.,it.
us-soldaten,US soldiers
forme,form
d.b.,d.b.
häretiker,heretic
küchentür,kitchen door
familienprobleme,family problems
polizeieinsatz,police operation
primär,primary
za,za
leidende,suffering
schützenfest,shooting festival
schuhsohlen,shoe soles
verstaubt,dusty
abschießt,shoots down
teamkollegen,teammates
teufelsanbeter,devil worshippers
zammis,zammis
muzzy,muzzy
terrys,Terry's
adels,adel
garagentor,garage door
beehive,beehive
gottloser,godless
vulkans,volcano
joggt,jogging
lügengeschichten,lies
quantität,quantity
mui,mui
thoreau,Thoreau
absetzung,decommissioning
färbte,dyed
deckers,deckers
unheilbare,incurable
mexiko-stadt,Mexico City
dns-test,DNS test
paladin,paladin
beurteilungen,assessments
lovisa,lovisa
homies,homies
hallandsen,Hallandsen
alvarado,alvarado
schadens,damage
kif,kif
syl,syl
morsezeichen,Morse code
dellen,dents
vorbeikamen,passed by
kaminfeuer,fireplace
insiderinformationen,insider information
grease,grease
fliegeralarm,air raid alarm
originelles,original
bestände,stocks
startposition,starting position
lnuki,lnuki
blaubart,Bluebeard
gesalzen,salted
lukrativen,lucrative
überraschendes,surprising
verzweifeltes,desperate
verbindlichsten,most binding
allo,hello
dae,dae
windgeschwindigkeit,wind speed
arkadia,arcadia
hintergrundinformationen,background information
ausschöpfen,exhaust
scheunen,barns
dämmerte,dawn
kooperativer,cooperative
puren,pure
zehn-vorne,ten-front
edelmänner,noblemen
verrücktwerden,go crazy
verteufelt,demonized
stalins,Stalin's
rabauke,bully
pe,pe
abzukühlen,to cool down
trickfilm,animated film
jihad,jihad
telly,telly
provokativ,provocative
unterrichtsstunde,lesson
anti,anti
draufhalten,hold it
umstrukturierung,restructuring
landluft,country air
zirkels,circle
vorsätzliche,intentional
thanksgiving-essen,Thanksgiving meal
klapperkiste,rattlebox
tollkühn,daring
lächelns,smile
nature,nature
beatty,beatty
epileptiker,epileptic
schreibstil,writing style
delbert,delbert
bissell,bissell
kaleu,kaleu
underwoods,Underwoods
schlussplädoyer,closing statement
ici,ici
kugelfisch,pufferfish
challenger,challenger
iori,iori
schmissen,threw
verlaß,leave
entsetzlicher,horrific
bless,bless
dazugehörigen,associated
malina,Malina
hashimoto,Hashimoto
warschauer,Warsaw
eintüten,to bag
bedrohe,threaten
kundenservice,customer service
anpiepsen,beep
freundschaftliche,friendly
ausliefere,deliver
sitzplätze,seats
flaschenöffner,bottle opener
lohse,Lohse
wear,wear
heimzugehen,going home
rundfahrt,tour
verantwortungsgefühl,sense of responsibility
yours,yours
score,score
förmlichkeiten,formalities
hochhäuser,skyscrapers
huckleberry,huckleberry
trächtig,pregnant
journey,journey
scheckheft,checkbook
calista,calista
obelisk,obelisk
verklemmte,jammed
trine,trine
hrt,hrt
gatewood,gatewood
selbstsüchtigen,selfish
halls,halls
verschlag,shed
iglu,igloo
eckpfeiler,cornerstone
unidentifizierte,unidentified
seraphim,seraphim
rumzuschnüffeln,to snoop around
torstein,Torstein
verbürgen,guarantee
ape,ape
achselhöhle,armpit
herausgeberin,editor
flüchtest,flee
verkorksten,botched
tierärzte,veterinarians
verzollen,customs
blockt,blocks
pt,pt
respektierten,respected
heimgezahlt,paid back
bejubelt,cheered
catcher,catcher
schulfest,school festival
heads,heads
embargo,embargo
samanthas,samanthas
jakobowsky,Jakobowsky
ads,ads
schussverletzungen,gunshot wounds
kunz,Kunz
nuklearer,nuclear
nachkommt,follows
kassierst,you collect
langfinger,pickpocket
hinschaut,looks
jubelschreie,cheers
vielfraß,wolverine
nordischen,Nordic
anlüge,lie
thane,thane
fahrgeld,fare
mias,mias
goldsucher,gold prospectors
nymphen,nymphs
umging,bypassed
verteidigungs,defense
lehrstunde,lesson
überraschender,surprising
neuere,newer
toxikologischen,toxicological
jugendlich,youth
jaaaa,yeeees
schwermütig,melancholy
fehlerhafte,faulty
simonis,Simonis
orca,orca
haruko,haruko
bs,bs
edelmütig,magnanimous
pancamo,pancamo
kreuzzüge,Crusades
bauprojekt,construction project
pendejo,pendejo
eisenstange,iron bar
beantragte,applied for
arbeitsunfall,work accident
abschlussarbeit,thesis
sechserpack,six-pack
galoppieren,gallop
cortex,cortex
eliminierung,elimination
bewandert,knowledgeable
zeitgenosse,contemporary
norwich,Norwich
tavern,tavern
filmrechte,film rights
s01,s01
klobrille,toilet seat
solaris,solaris
eigner,owner
komfortzone,comfort zone
boykott,boycott
butterblume,buttercup
ratschlägen,advice
beneidenswert,enviable
gq,gq
rankomme,access
hirnlosen,brainless
blickes,view
cordova,cordova
hinlaufen,walk there
stummel,stub
pfefferkuchen,gingerbread
säuglinge,infants
jackies,jackies
sondieren,probing
cleves,cleves
hänseln,tease
ruhmreich,glorious
zinken,prongs
tempolimit,speed limit
malatesta,malatesta
herkömmliche,conventional
sherpa,sherpa
verdampfen,evaporate
aufstoßen,belch
sheeta,sheeta
auszubeuten,to exploit
feststellte,determined
mühsal,effort
tanzsaal,dance hall
gottlos,godless
bürgers,citizen
coffey,coffey
verdoppele,double
vierundzwanzig,twenty-four
sicherheitslücke,security vulnerability
yukie,Yukie
nowak,nowak
feuille,feuille
screen,screen
assoziiert,associated
candle,candle
detaillierten,detailed
fenchel,fennel
scannte,scanned
cadillacs,Cadillacs
gefleht,pleaded
musikgeschmack,musical taste
fantastic,fantastic
holzmann,Holzmann
dominikaner,Dominican
prätor,praetor
geurteilt,judged
überlebens,survival
population,population
henley,Henley
flugbegleiter,flight attendant
drax,drax
flaches,flat
zuckungen,twitches
hessen,Hesse
veröffentlichungen,publications
sach,fact
bennys,Benny's
nikolas,Nikolas
schlaufe,loop
jawort,"""I do"""
mobiliar,furniture
unerschrocken,fearless
fliesst,flows
abschriften,transcripts
lykos,lykos
shéhérazade,sheherazade
s.s.,s.s.
urteilskraft,judgment
ers,ers
digitaler,digital
dissoziative,dissociative
notte,night
rosso,Rosso
nagelpistole,nail gun
rituellen,ritual
versiert,versed
amboy,amboy
nagelstudio,nail salon
geschenkten,gifted
verderbt,spoiled
citys,cities
gefilzt,felted
bällchen,balls
beantwortung,answer
reptilianer,reptilians
taxen,taxis
bar-mizwa,bar mitzvah
blubbert,bubbles
maida,Maida
xing,xing
xev,xev
verzückung,rapture
landesinnere,inland
mcgarrett,McGarrett
direktes,direct
blockhütte,log cabin
radiomusik,radio music
nervenbahnen,nerve pathways
gehende,outgoing
lakeman,Lakeman
frell,frell
schießbefehl,order to shoot
nationalmannschaft,national team
großangriff,major attack
tores,tores
vogelkäfig,birdcage
vorübergehenden,temporary
bayard,bayard
ausdrückst,expresses
filmgesellschaft,film company
gesundheitsminister,health minister
pferdediebe,horse thieves
verfüttere,feed
masterplan,master plan
brunner,brunner
marquesa,Marquesa
kraftvolle,powerful
geweht,blown
sprudel,sparkling
energiesignatur,energy signature
angreifers,attacker
wanderschaft,hiking
walkie,walkie
kneife,pinch
sith,Sith
costco,costco
überwinde,overcome
musikzimmer,music room
semtex,semtex
geparden,cheetahs
mundwinkel,corner of the mouth
zwielichtig,shady
umschlungen,embraced
spieltisch,table
verordnungen,regulations
milzbrand,anthrax
kanus,canoes
scannern,Scanners
kontrollierbar,controllable
scratchy,scratchy
nachtflug,night flight
sicherheitsabstand,safety distance
antrat,took up
matten,mats
waschmaschinen,washing machines
yah,Yah
leh,leh
abschaltung,shutdown
stuarts,Stuarts
nails,nails
aussteuer,dowry
simonson,Simonson
martinique,Martinique
nordost,northeast
fernhält,keeps away
geworben,recruited
busmalis,busmalis
belästigungen,harassment
unity,unity
ausländisches,foreign
versiegen,dry up
es-es,es-es
schlüpfrig,slippery
gespenstern,ghosts
arrondissement,arrondissement
gesonnen,well-disposed
steuergeldern,taxpayers' money
patensohn,godson
kelp,kelp
vole,vole
membran,membrane
allermeisten,the vast majority
nissen,nits
gründerväter,founding fathers
anstrengt,tiring
petro,petrol
legs,legs
schlüsselfigur,key figure
frankiin,frankiin
gepäckwagen,luggage trolley
sids,sids
herauszugeben,to issue
nachsichtiger,lenient
untersuch,investigate
karaffe,carafe
loxi,loxi
glaubhafte,credible
bräunen,tan
pancks,pancks
hype,hype
versammle,gather
tamtam,tamtam
diagramme,diagrams
justizirrtum,miscarriage of justice
schuester,shoemaker
festanstellung,permanent position
geschwulst,tumor
verzückt,enraptured
tapas,tapas
hjörtur,hjörtur
schiefer,slate
mijo,mijo
married,married
brandmarken,branding
schuldzuweisungen,Blame assignments
boyfriend,boyfriend
einmaleins,multiplication table
bernburg,Bernburg
unschicklich,indecent
ausnützen,exploit
schuldigung,apology
walpole,Walpole
zachs,zachs
hundekuchen,dog biscuits
musa,Musa
schwimmende,floating
angeberin,show-off
dennert,Dennert
treter,kicker
schul,school
keita,Keith
bewusster,conscious
abstempeln,stamp
zaubertränke,magic potions
zugegebenermaßen,admittedly
gregs,Greg's
helferin,assistant
zurechtgelegt,prepared
walid,walid
bipolar,bipolar
prednison,prednisone
küchenschabe,cockroach
malerisch,picturesque
zentimetern,centimeters
mun,mun
vorta,vorta
vertrödeln,to waste time
langweiligste,most boring
ultraschallbild,ultrasound image
0-negativ,O-negative
großraum,greater area
verängstigter,frightened
jugendherberge,youth hostel
laserstrahl,laser beam
blutopfer,blood sacrifice
widerlinge,disgusting
lesli,lesli
corley,Corley
regierungstruppen,government troops
tropfte,dripping
wunderwerk,marvel
zusammensitzen,sitting together
ottawa,Ottawa
kiffst,smoke weed
messerstich,knife stab
granatsplitter,grenade fragments
nellies,nellies
leticia,leticia
broussard,broussard
widerspiegeln,reflect
blakes,Blakes
tratscht,gossips
computerspiele,computer games
skins,skins
hereingefallen,fell for it
securities,securities
kornfeld,cornfield
icheb,icheb
ausraster,outburst
grundmauern,foundations
stinkend,stinking
pow,pow
erskine,erskine
mittelmäßige,mediocre
regatta,regatta
vernahm,heard
randale,riot
behandel,treat
imker,beekeeper
instandhaltung,maintenance
ineffizient,inefficient
backstein,brick
prominent,prominent
anschlagen,strike
runzeln,wrinkles
natura,nature
juma,juma
kiddi,kiddi
hooters,Hooters
dienstmann,servant
wegzuräumen,to clear away
gum,gum
blockbuster,blockbuster
noodles,noodles
kanaille,scoundrel
lokalisiere,locate
hilfsorganisation,aid organization
spendierst,you spend
debussy,debussy
ackerland,farmland
ausweispapiere,identification documents
drakan,Drakan
partien,matches
mondo,mondo
kategorisch,categorically
rennpferde,racehorses
deuce,deuce
ex-freundinnen,ex-girlfriends
desinteresse,disinterest
verheißung,promise
beigesteuert,contributed
willows,willows
munitionslager,ammunition depot
vororte,suburbs
escobars,Escobar
tschick,Tschick
hemmen,inhibit
hergegeben,given up
aufsaugen,absorb
transformiert,transformed
arabisches,Arabic
landesverrat,treason
aufreizend,provocative
töpfern,pottery
siegreiche,victorious
s02e08,s02e08
chouchou,chouchou
christbaum,Christmas tree
fischerei,fishing
suzu,suzu
mantera,mantera
tiber,Tiber
zurückversetzt,reset
gehaltsstufe,salary level
seestern,starfish
phiole,vial
lifestyle,lifestyle
keulen,clubs
gesellschaftlicher,social
kika,kika
archers,archers
fehltritte,missteps
weyland,weyland
kränklich,sickly
keel,keel
juweliergeschäft,jewelry store
waffenbrüder,comrades in arms
stellvertretend,representative
brunel,Brunel
refugium,refuge
dothraki,dothraki
zoé,zoé
tortilla,tortilla
suiten,suites
einzimmerwohnung,one-room apartment
leit,lead
drogenbaron,drug lord
shol,shol
bevorstand,was about to
drossel,throttle
vigilance,vigilance
dic,dic
leto,leto
väterlicherseits,paternal side
großväter,grandfathers
durchlauf,cycle
turms,tower
rutland,Rutland
zweifels,undoubtedly
trollmarkt,troll market
mckernon,McKernon
doggy,doggy
folke,folke
einkäufer,buyer
hungerlohn,starvation wages
oe,oe
tischmanieren,table manners
reinnehmen,take in
beschaff,procure
kurzwahl,speed dial
adjektiv,adjective
bemühung,effort
fußvolk,foot soldiers
quixote,quixote
frenchie,frenchie
write,write
fettleibigkeit,obesity
eingenäht,sewn in
annäherungsversuche,approach attempts
mandalay,mandalay
gleichbedeutend,synonymous
verbitterter,bitter
dardo,dardo
namensschilder,name tags
autonummer,car number
hanlon,Hanlon
konsultation,consultation
hinton,hinton
nachhaken,follow up
finanzchef,chief financial officer
caridad,charity
rappel,rattle
ausführte,executed
macey,Macey
hormon,hormone
manipuliere,manipulate
abwerben,poach
gehirnschaden,brain damage
abendgarderobe,evening wear
einzelzelle,single cell
flat,flat
entschärfe,defuse
demütige,humble
testamente,wills
schüchtert,timid
umgestalten,redesign
hereinzulegen,to fool
eignungstest,aptitude test
kriegsbeute,war booty
musiklehrer,music teacher
baelish,baelish
resultiert,results
wegpacken,pack away
schädlinge,pests
supercomputer,supercomputer
talby,talby
innerste,innermost
forster,ranger
rationieren,ration
quad,quad
trostlose,bleak
faustkampf,fistfight
schräges,slant
berufstätige,employed
sano,sano
paulas,Paula's
bresche,breach
modells,models
chrysanthemen,chrysanthemums
doggydog,doggydog
mitwirkung,participation
technology,technology